0
1
2
3
4
5
6
7
8
9
10
11
12
13
14
15
16
17
18
19
20
21
22
23
24
25
26
27
28
29
30
31
32
33
34
35
36
37
38
39
40
41
42
43
44
45
46
47
48
49
50
51
52
53
54
55
56
57
58
59
60
61
62
63
64
65
66
67
68
69
70
71
72
73
74
75
76
77
78
79
80
81
82
83
84
85
86
87
88
89
90
91
92
93
94
95
96
97
98
99
100
101
102
103
104
105
106
107
108
109
110
111
112
113
114
115
116
117
118
119
120
121
122
123
124
125
126
127
128
129
130
131
132
133
134
135
136
137
138
139
140
141
142
143
144
145
146
147
148
149
150
151
152
153
154
155
156
157
158
159
160
161
162
163
164
165
166
167
168
169
170
171
172
173
174
175
176
177
178
179
180
181
182
183
184
185
186
187
188
189
190
191
192
193
194
195
196
197
198
199
200
201
202
203
204
205
206
207
208
209
210
211
212
213
214
215
216
217
218
219
220
221
222
223
224
225
226
227
228
229
230
231
232
233
234
235
236
237
238
239
240
241
242
243
244
245
246
247
248
249
250
251
252
253
254
255
256
257
258
259
260
261
262
263
264
265
266
267
268
269
270
271
272
273
274
275
276
277
278
279
280
281
282
283
284
285
286
287
288
289
290
291
292
293
294
295
296
297
298
299
300
301
302
303
304
305
306
307
308
309
310
311
312
313
314
315
316
317
318
319
320
321
322
323
324
325
326
327
328
329
330
331
332
333
334
335
336
337
338
339
340
341
342
343
344
345
346
347
348
349
350
351
352
353
354
355
356
357
358
359
360
361
362
363
364
365
366
367
368
369
370
371
372
373
374
375
376
377
378
379
380
381
382
383
384
385
386
387
388
389
390
391
392
393
394
395
396
397
398
399
400
401
402
403
404
405
406
407
408
409
410
411
412
413
414
415
416
417
418
419
420
421
422
423
424
425
426
427
428
429
430
431
432
433
434
435
436
437
438
439
440
441
442
443
444
445
446
447
448
449
450
451
452
453
454
455
456
457
458
459
460
461
462
463
464
465
466
467
468
469
470
471
472
473
474
475
476
477
478
479
480
481
482
483
484
485
486
487
488
489
490
491
492
493
494
495
496
497
498
499
500
501
502
503
504
505
506
507
508
509
510
511
512
513
514
515
516
517
518
519
520
521
522
523
524
525
526
527
528
529
530
531
532
533
534
535
536
537
538
539
540
541
542
543
544
545
546
547
548
549
550
551
552
553
554
555
556
557
558
559
560
561
562
563
564
565
566
567
568
569
570
571
572
573
574
575
576
577
578
579
580
581
582
583
584
585
586
587
588
589
590
591
592
593
594
595
596
597
598
599
600
601
602
603
604
605
606
607
608
609
610
611
612
613
614
615
616
617
618
619
620
621
622
623
624
625
626
627
628
629
630
631
632
633
634
635
636
637
638
639
640
641
642
643
644
645
646
647
648
649
650
651
652
653
654
655
656
657
658
659
660
661
662
663
664
665
666
667
668
669
670
671
672
673
674
675
676
677
678
679
680
681
682
683
684
685
686
687
688
689
690
691
692
693
694
695
696
697
698
699
700
701
702
703
704
705
706
707
708
709
710
711
712
713
714
715
716
717
718
719
720
721
722
723
724
725
726
727
728
729
730
731
732
733
734
735
736
737
738
739
740
741
742
743
744
745
746
747
748
749
750
751
752
753
754
755
756
757
758
759
760
761
762
763
764
765
766
767
768
769
770
771
772
773
774
775
776
777
778
779
780
781
782
783
784
785
786
787
788
789
790
791
792
793
794
795
796
797
798
799
800
801
802
803
804
805
806
807
808
809
810
811
812
813
814
815
816
817
818
819
820
821
822
823
824
825
826
827
828
829
830
831
832
833
834
835
836
837
838
839
840
841
842
843
844
845
846
847
848
849
850
851
852
853
854
855
856
857
858
859
860
861
862
863
864
865
866
867
868
869
870
871
872
873
874
875
876
877
878
879
880
881
882
883
884
885
886
887
888
889
890
891
892
893
894
895
896
897
898
899
900
901
902
903
904
905
906
907
908
909
910
911
912
913
914
915
916
917
918
919
920
921
922
923
924
925
926
927
928
929
930
931
932
933
934
935
936
937
938
939
940
941
942
943
944
945
946
947
948
949
950
951
952
953
954
955
956
957
958
959
960
961
962
963
964
965
966
967
968
969
970
971
972
973
974
975
976
977
978
979
980
981
982
983
984
985
986
987
988
989
990
991
992
993
994
995
996
997
998
999
1000
1001
1002
1003
1004
1005
1006
1007
1008
1009
1010
1011
1012
1013
1014
1015
1016
1017
1018
1019
1020
1021
1022
1023
1024
1025
1026
1027
1028
1029
1030
1031
1032
1033
1034
1035
1036
1037
1038
1039
1040
1041
1042
1043
1044
1045
1046
1047
1048
1049
1050
1051
1052
1053
1054
1055
1056
1057
1058
1059
1060
1061
1062
1063
1064
1065
1066
1067
1068
1069
1070
1071
1072
1073
1074
1075
1076
1077
1078
1079
1080
1081
1082
1083
1084
1085
1086
1087
1088
1089
1090
1091
1092
1093
1094
1095
1096
1097
1098
1099
1100
1101
1102
1103
1104
1105
1106
1107
1108
1109
1110
1111
1112
1113
1114
1115
1116
1117
1118
1119
1120
1121
1122
1123
1124
1125
1126
1127
1128
1129
1130
1131
1132
1133
1134
1135
1136
1137
1138
1139
1140
1141
1142
1143
1144
1145
1146
1147
1148
1149
1150
1151
1152
1153
1154
1155
1156
1157
1158
1159
1160
1161
1162
1163
1164
1165
1166
1167
1168
1169
1170
1171
1172
1173
1174
1175
1176
1177
1178
1179
1180
1181
1182
1183
1184
1185
1186
1187
1188
1189
1190
1191
1192
1193
1194
1195
1196
1197
1198
1199
1200
1201
1202
1203
1204
1205
1206
1207
1208
1209
1210
1211
1212
1213
1214
1215
1216
1217
1218
1219
1220
1221
1222
1223
1224
1225
1226
1227
1228
1229
1230
1231
1232
1233
1234
1235
1236
1237
1238
1239
1240
1241
1242
1243
1244
1245
1246
1247
1248
1249
1250
1251
1252
1253
1254
1255
1256
1257
1258
1259
1260
1261
1262
1263
1264
1265
1266
1267
1268
1269
1270
1271
1272
1273
1274
1275
1276
1277
1278
1279
1280
1281
1282
1283
1284
1285
1286
1287
1288
1289
1290
1291
1292
1293
1294
1295
1296
1297
1298
1299
1300
1301
1302
1303
1304
1305
1306
1307
1308
1309
1310
1311
1312
1313
1314
1315
1316
1317
1318
1319
1320
1321
1322
1323
1324
1325
1326
1327
1328
1329
1330
1331
1332
1333
1334
1335
1336
1337
1338
1339
1340
1341
1342
1343
1344
1345
1346
1347
1348
1349
1350
1351
1352
1353
1354
1355
1356
1357
1358
1359
1360
1361
1362
1363
1364
1365
1366
1367
1368
1369
1370
1371
1372
1373
1374
1375
1376
1377
1378
1379
1380
1381
1382
1383
1384
1385
1386
1387
1388
1389
1390
1391
1392
1393
1394
1395
1396
1397
1398
1399
1400
1401
1402
1403
1404
1405
1406
1407
1408
1409
1410
1411
1412
1413
1414
1415
1416
1417
1418
1419
1420
1421
1422
1423
1424
1425
1426
1427
1428
1429
1430
1431
1432
1433
1434
1435
1436
1437
1438
1439
1440
1441
1442
1443
1444
1445
1446
1447
1448
1449
1450
1451
1452
1453
1454
1455
1456
1457
1458
1459
1460
1461
1462
1463
1464
1465
1466
1467
1468
1469
1470
1471
1472
1473
1474
1475
1476
1477
1478
1479
1480
1481
1482
1483
1484
1485
1486
1487
1488
1489
1490
1491
1492
1493
1494
1495
1496
1497
1498
1499
1500
1501
1502
1503
1504
1505
1506
1507
1508
1509
1510
1511
1512
1513
1514
1515
1516
1517
1518
1519
1520
1521
1522
1523
1524
1525
1526
1527
1528
1529
1530
1531
1532
1533
1534
1535
1536
1537
1538
1539
1540
1541
1542
1543
1544
1545
1546
1547
1548
1549
1550
1551
1552
1553
1554
1555
1556
1557
1558
1559
1560
1561
1562
1563
1564
1565
1566
1567
1568
1569
1570
1571
1572
1573
1574
1575
1576
1577
1578
1579
1580
1581
1582
1583
1584
1585
1586
1587
1588
1589
1590
1591
1592
1593
1594
1595
1596
1597
1598
1599
1600
1601
1602
1603
1604
1605
1606
1607
1608
1609
1610
1611
1612
1613
1614
1615
1616
1617
1618
1619
1620
1621
1622
1623
1624
1625
1626
1627
1628
1629
1630
1631
1632
1633
1634
1635
1636
1637
1638
1639
1640
1641
1642
1643
1644
1645
1646
1647
1648
1649
1650
1651
1652
1653
1654
1655
1656
1657
1658
1659
1660
1661
1662
1663
1664
1665
1666
1667
1668
1669
1670
1671
1672
1673
1674
1675
1676
1677
1678
1679
1680
1681
1682
1683
1684
1685
1686
1687
1688
1689
1690
1691
1692
1693
1694
1695
1696
1697
1698
1699
1700
1701
1702
1703
1704
1705
1706
1707
1708
1709
1710
1711
1712
1713
1714
1715
1716
1717
1718
1719
1720
1721
1722
1723
1724
1725
1726
1727
1728
1729
1730
1731
1732
1733
1734
1735
1736
1737
1738
1739
1740
1741
1742
1743
1744
1745
1746
1747
1748
1749
1750
1751
1752
1753
1754
1755
1756
1757
1758
1759
1760
1761
1762
1763
1764
1765
1766
1767
1768
1769
1770
1771
1772
1773
1774
1775
1776
1777
1778
1779
1780
1781
1782
1783
1784
1785
1786
1787
1788
1789
1790
1791
1792
1793
1794
1795
1796
1797
1798
1799
1800
1801
1802
1803
1804
1805
1806
1807
1808
1809
1810
1811
1812
1813
1814
1815
1816
1817
1818
1819
1820
1821
1822
1823
1824
1825
1826
1827
1828
1829
1830
1831
1832
1833
1834
1835
1836
1837
1838
1839
1840
1841
1842
1843
1844
1845
1846
1847
1848
1849
1850
1851
1852
1853
1854
1855
1856
1857
1858
1859
1860
1861
1862
1863
1864
1865
1866
1867
1868
1869
1870
1871
1872
1873
1874
1875
1876
1877
1878
1879
1880
1881
1882
1883
1884
1885
1886
1887
1888
1889
1890
1891
1892
1893
1894
1895
1896
1897
1898
1899
1900
1901
1902
1903
1904
1905
1906
1907
1908
1909
1910
1911
1912
1913
1914
1915
1916
1917
1918
1919
1920
1921
1922
1923
1924
1925
1926
1927
1928
1929
1930
1931
1932
1933
1934
1935
1936
1937
1938
1939
1940
1941
1942
1943
1944
1945
1946
1947
1948
1949
1950
1951
1952
1953
1954
1955
1956
1957
1958
1959
1960
1961
1962
1963
1964
1965
1966
1967
1968
1969
1970
1971
1972
1973
1974
1975
1976
1977
1978
1979
1980
1981
1982
1983
1984
1985
1986
1987
1988
1989
1990
1991
1992
1993
1994
1995
1996
1997
1998
1999
2000
2001
2002
2003
2004
2005
2006
2007
2008
2009
2010
2011
2012
2013
2014
2015
2016
2017
2018
2019
2020
2021
2022
2023
2024
2025
2026
2027
2028
2029
2030
2031
2032
2033
2034
2035
2036
2037
2038
2039
2040
2041
2042
2043
2044
2045
2046
2047
2048
2049
2050
2051
2052
2053
2054
2055
2056
2057
2058
2059
2060
2061
2062
2063
2064
2065
2066
2067
2068
2069
2070
2071
2072
2073
2074
2075
2076
2077
2078
2079
2080
2081
2082
2083
2084
2085
2086
2087
2088
2089
2090
2091
2092
2093
2094
2095
2096
2097
2098
2099
2100
2101
2102
2103
2104
2105
2106
2107
2108
2109
2110
2111
2112
2113
2114
2115
2116
2117
2118
2119
2120
2121
2122
2123
2124
2125
2126
2127
2128
2129
2130
2131
2132
2133
2134
2135
2136
2137
2138
2139
2140
2141
2142
2143
2144
2145
2146
2147
2148
2149
2150
2151
2152
2153
2154
2155
2156
2157
2158
2159
2160
2161
2162
2163
2164
2165
2166
2167
2168
2169
2170
2171
2172
2173
2174
2175
2176
2177
2178
2179
2180
2181
2182
2183
2184
2185
2186
2187
2188
2189
2190
2191
2192
2193
2194
2195
2196
2197
2198
2199
2200
2201
2202
2203
2204
2205
2206
2207
2208
2209
2210
2211
2212
2213
2214
2215
2216
2217
2218
2219
2220
2221
2222
2223
2224
2225
2226
2227
2228
2229
2230
2231
2232
2233
2234
2235
2236
2237
2238
2239
2240
2241
2242
2243
2244
2245
2246
2247
2248
2249
2250
2251
2252
2253
2254
2255
2256
2257
2258
2259
2260
2261
2262
2263
2264
2265
2266
2267
2268
2269
2270
2271
2272
2273
2274
2275
2276
2277
2278
2279
2280
2281
2282
2283
2284
2285
2286
2287
2288
2289
2290
2291
2292
2293
2294
2295
2296
2297
2298
2299
2300
2301
2302
2303
2304
2305
2306
2307
2308
2309
2310
2311
2312
2313
2314
2315
2316
2317
2318
2319
2320
2321
2322
2323
2324
2325
2326
2327
2328
2329
2330
2331
2332
2333
2334
2335
2336
2337
2338
2339
2340
2341
2342
2343
2344
2345
2346
2347
2348
2349
2350
2351
2352
2353
2354
2355
2356
2357
2358
2359
2360
2361
2362
2363
2364
2365
2366
2367
2368
2369
2370
2371
2372
2373
2374
2375
2376
2377
2378
2379
2380
2381
2382
2383
2384
2385
2386
2387
2388
2389
2390
2391
2392
2393
2394
2395
2396
2397
2398
2399
2400
2401
2402
2403
2404
2405
2406
2407
2408
2409
2410
2411
2412
2413
2414
2415
2416
2417
2418
2419
2420
2421
2422
2423
2424
2425
2426
2427
2428
2429
2430
2431
2432
2433
2434
2435
2436
2437
2438
2439
2440
2441
2442
2443
2444
2445
2446
2447
2448
2449
2450
2451
2452
2453
2454
2455
2456
2457
2458
2459
2460
2461
2462
2463
2464
2465
2466
2467
2468
2469
2470
2471
2472
2473
2474
2475
2476
2477
2478
2479
2480
2481
2482
2483
2484
2485
2486
2487
2488
2489
2490
2491
2492
2493
2494
2495
2496
2497
2498
2499
2500
2501
2502
2503
2504
2505
2506
2507
2508
2509
2510
2511
2512
2513
2514
2515
2516
2517
2518
2519
2520
2521
2522
2523
2524
2525
2526
2527
2528
2529
2530
2531
2532
2533
2534
2535
2536
2537
2538
2539
2540
2541
2542
2543
2544
2545
2546
2547
2548
2549
2550
2551
2552
2553
2554
2555
2556
2557
2558
2559
2560
2561
2562
2563
2564
2565
2566
2567
2568
2569
2570
2571
2572
2573
2574
2575
2576
2577
2578
2579
2580
2581
2582
2583
2584
2585
2586
2587
2588
2589
2590
2591
2592
2593
2594
2595
2596
2597
2598
2599
2600
2601
2602
2603
2604
2605
2606
2607
2608
2609
2610
2611
2612
2613
2614
2615
2616
2617
2618
2619
2620
2621
2622
2623
2624
2625
2626
2627
2628
2629
2630
2631
2632
2633
2634
2635
2636
2637
2638
2639
2640
2641
2642
2643
2644
2645
2646
2647
2648
2649
2650
2651
2652
2653
2654
2655
2656
2657
2658
2659
2660
2661
2662
2663
2664
2665
2666
2667
2668
2669
2670
2671
2672
2673
2674
2675
2676
2677
2678
2679
2680
2681
2682
2683
2684
2685
2686
2687
2688
2689
2690
2691
2692
2693
2694
2695
2696
2697
2698
2699
2700
2701
2702
2703
2704
2705
2706
2707
2708
2709
2710
2711
2712
2713
2714
2715
2716
2717
2718
2719
2720
2721
2722
2723
2724
2725
2726
2727
2728
2729
2730
2731
2732
2733
2734
2735
2736
2737
2738
2739
2740
2741
2742
2743
2744
2745
2746
2747
2748
2749
2750
2751
2752
2753
2754
2755
2756
2757
2758
2759
2760
2761
2762
2763
2764
2765
2766
2767
2768
2769
2770
2771
2772
2773
2774
2775
2776
2777
2778
2779
2780
2781
2782
2783
2784
2785
2786
2787
2788
2789
2790
2791
2792
2793
2794
2795
2796
2797
2798
2799
2800
2801
2802
2803
2804
2805
2806
2807
2808
2809
2810
2811
2812
2813
2814
2815
2816
2817
2818
2819
2820
2821
2822
2823
2824
2825
2826
2827
2828
2829
2830
2831
2832
2833
2834
2835
2836
2837
2838
2839
2840
2841
2842
2843
2844
2845
2846
2847
2848
2849
2850
2851
2852
2853
2854
2855
2856
2857
2858
2859
2860
2861
2862
2863
2864
2865
2866
2867
2868
2869
2870
2871
2872
2873
2874
2875
2876
2877
2878
2879
2880
2881
2882
2883
2884
2885
2886
2887
2888
2889
2890
2891
2892
2893
2894
2895
2896
2897
2898
2899
2900
2901
2902
2903
2904
2905
2906
2907
2908
2909
2910
2911
2912
2913
2914
2915
2916
2917
2918
2919
2920
2921
2922
2923
2924
2925
2926
2927
2928
2929
2930
2931
2932
2933
2934
2935
2936
2937
2938
2939
2940
2941
2942
2943
2944
2945
2946
2947
2948
2949
2950
2951
2952
2953
2954
2955
2956
2957
2958
2959
2960
2961
2962
2963
2964
2965
2966
2967
2968
2969
2970
2971
2972
2973
2974
2975
2976
2977
2978
2979
2980
2981
2982
2983
2984
2985
2986
2987
2988
2989
2990
2991
2992
2993
2994
2995
2996
2997
2998
2999
3000
3001
3002
3003
3004
3005
3006
3007
3008
3009
3010
3011
3012
3013
3014
3015
3016
3017
3018
3019
3020
3021
3022
3023
3024
3025
3026
3027
3028
3029
3030
3031
3032
3033
3034
3035
3036
3037
3038
3039
3040
3041
3042
3043
3044
3045
3046
3047
3048
3049
3050
3051
3052
3053
3054
3055
3056
3057
3058
3059
3060
3061
3062
3063
3064
3065
3066
3067
3068
3069
3070
3071
3072
3073
3074
3075
3076
3077
3078
3079
3080
3081
3082
3083
3084
3085
3086
3087
3088
3089
3090
3091
3092
3093
3094
3095
3096
3097
3098
3099
3100
3101
3102
3103
3104
3105
3106
3107
3108
3109
3110
3111
3112
3113
3114
3115
3116
3117
3118
3119
3120
3121
3122
3123
3124
3125
3126
3127
3128
3129
3130
3131
3132
3133
3134
3135
3136
3137
3138
3139
3140
3141
3142
3143
3144
3145
3146
3147
3148
3149
3150
3151
3152
3153
3154
3155
3156
3157
3158
3159
3160
3161
3162
3163
3164
3165
3166
3167
3168
3169
3170
3171
3172
3173
3174
3175
3176
3177
3178
3179
3180
3181
3182
3183
3184
3185
3186
3187
3188
3189
3190
3191
3192
3193
3194
3195
3196
3197
3198
3199
3200
3201
3202
3203
3204
3205
3206
3207
3208
3209
3210
3211
3212
3213
3214
3215
3216
3217
3218
3219
3220
3221
3222
3223
3224
3225
3226
3227
3228
3229
3230
3231
3232
3233
3234
3235
3236
3237
3238
3239
3240
3241
3242
3243
3244
3245
3246
3247
3248
3249
3250
3251
3252
3253
3254
3255
3256
3257
3258
3259
3260
3261
3262
3263
3264
3265
3266
3267
3268
3269
3270
3271
3272
3273
3274
3275
3276
3277
3278
3279
3280
3281
3282
3283
3284
3285
3286
3287
3288
3289
3290
3291
3292
3293
3294
3295
3296
3297
3298
3299
3300
3301
3302
3303
3304
3305
3306
3307
3308
3309
3310
3311
3312
3313
3314
3315
3316
3317
3318
3319
3320
3321
3322
3323
3324
3325
3326
3327
3328
3329
3330
3331
3332
3333
3334
3335
3336
3337
3338
3339
3340
3341
3342
3343
3344
3345
3346
3347
3348
3349
3350
3351
3352
3353
3354
3355
3356
3357
3358
3359
3360
3361
3362
3363
3364
3365
3366
3367
3368
3369
3370
3371
3372
3373
3374
3375
3376
3377
3378
3379
3380
3381
3382
3383
3384
3385
3386
3387
3388
3389
3390
3391
3392
3393
3394
3395
3396
3397
3398
3399
3400
3401
3402
3403
3404
3405
3406
3407
3408
3409
3410
3411
3412
3413
3414
3415
3416
3417
3418
3419
3420
3421
3422
3423
3424
3425
3426
3427
3428
3429
3430
3431
3432
3433
3434
3435
3436
3437
3438
3439
3440
3441
3442
3443
3444
3445
3446
3447
3448
3449
3450
3451
3452
3453
3454
3455
3456
3457
3458
3459
3460
3461
3462
3463
3464
3465
3466
3467
3468
3469
3470
3471
3472
3473
3474
3475
3476
3477
3478
3479
3480
3481
3482
3483
3484
3485
3486
3487
3488
3489
3490
3491
3492
3493
3494
3495
3496
3497
3498
3499
3500
3501
3502
3503
3504
3505
3506
3507
3508
3509
3510
3511
3512
3513
3514
3515
3516
3517
3518
3519
3520
3521
3522
3523
3524
3525
3526
3527
3528
3529
3530
3531
3532
3533
3534
3535
3536
3537
3538
3539
3540
3541
3542
3543
3544
3545
3546
3547
3548
3549
3550
3551
3552
3553
3554
3555
3556
3557
3558
3559
3560
3561
3562
3563
3564
3565
3566
3567
3568
3569
3570
3571
3572
3573
3574
3575
3576
3577
3578
3579
3580
3581
3582
3583
3584
3585
3586
3587
3588
3589
3590
3591
3592
3593
3594
3595
3596
3597
3598
3599
3600
3601
3602
3603
3604
3605
3606
3607
3608
3609
3610
3611
3612
3613
3614
3615
3616
3617
3618
3619
3620
3621
3622
3623
3624
3625
3626
3627
3628
3629
3630
3631
3632
3633
3634
3635
3636
3637
3638
3639
3640
3641
3642
3643
3644
3645
3646
3647
3648
3649
3650
3651
3652
3653
3654
3655
3656
3657
3658
3659
3660
3661
3662
3663
3664
3665
3666
3667
3668
3669
3670
3671
3672
3673
3674
3675
3676
3677
3678
3679
3680
3681
3682
3683
3684
3685
3686
3687
3688
3689
3690
3691
3692
3693
3694
3695
3696
3697
3698
3699
3700
3701
3702
3703
3704
3705
3706
3707
3708
3709
3710
3711
3712
3713
3714
3715
3716
3717
3718
3719
3720
3721
3722
3723
3724
3725
3726
3727
3728
3729
3730
3731
3732
3733
3734
3735
3736
3737
3738
3739
3740
3741
3742
3743
3744
3745
3746
3747
3748
3749
3750
3751
3752
3753
3754
3755
3756
3757
3758
3759
3760
3761
3762
3763
3764
3765
3766
3767
3768
3769
3770
3771
3772
3773
3774
3775
3776
3777
3778
3779
3780
3781
3782
3783
3784
3785
3786
3787
3788
3789
3790
3791
3792
3793
3794
3795
3796
3797
3798
3799
3800
3801
3802
3803
3804
3805
3806
3807
3808
3809
3810
3811
3812
3813
3814
3815
3816
3817
3818
3819
3820
3821
3822
3823
3824
3825
3826
3827
3828
3829
3830
3831
3832
3833
3834
3835
3836
3837
3838
3839
3840
3841
3842
3843
3844
3845
3846
3847
3848
3849
3850
3851
3852
3853
3854
3855
3856
3857
3858
3859
3860
3861
3862
3863
3864
3865
3866
3867
3868
3869
3870
3871
3872
3873
3874
3875
3876
3877
3878
3879
3880
3881
3882
3883
3884
3885
3886
3887
3888
3889
3890
3891
3892
3893
3894
3895
3896
3897
3898
3899
3900
3901
3902
3903
3904
3905
3906
3907
3908
3909
3910
3911
3912
3913
3914
3915
3916
3917
3918
3919
3920
3921
3922
3923
3924
3925
3926
3927
3928
3929
3930
3931
3932
3933
3934
3935
3936
3937
3938
3939
3940
3941
3942
3943
3944
3945
3946
3947
3948
3949
3950
3951
3952
3953
3954
3955
3956
3957
3958
3959
3960
3961
3962
3963
3964
3965
3966
3967
3968
3969
3970
3971
3972
3973
3974
3975
3976
3977
3978
3979
3980
3981
3982
3983
3984
3985
3986
3987
3988
3989
3990
3991
3992
3993
3994
3995
3996
3997
3998
3999
4000
4001
4002
4003
4004
4005
4006
4007
4008
4009
4010
4011
4012
4013
4014
4015
4016
4017
4018
4019
4020
4021
4022
4023
4024
4025
4026
4027
4028
4029
4030
4031
4032
4033
4034
4035
4036
4037
4038
4039
4040
4041
4042
4043
4044
4045
4046
4047
4048
4049
4050
4051
4052
4053
4054
4055
4056
4057
4058
4059
4060
4061
4062
4063
4064
4065
4066
4067
4068
4069
4070
4071
4072
4073
4074
4075
4076
4077
4078
4079
4080
4081
4082
4083
4084
4085
4086
4087
4088
4089
4090
4091
4092
4093
4094
4095
4096
4097
4098
4099
4100
4101
4102
4103
4104
4105
4106
4107
4108
4109
4110
4111
4112
4113
4114
4115
4116
4117
4118
4119
4120
4121
4122
4123
4124
4125
4126
4127
4128
4129
4130
4131
4132
4133
4134
4135
4136
4137
4138
4139
4140
4141
4142
4143
4144
4145
4146
4147
4148
4149
4150
4151
4152
4153
4154
4155
4156
4157
4158
4159
4160
4161
4162
4163
4164
4165
4166
4167
4168
4169
4170
4171
4172
4173
4174
4175
4176
4177
4178
4179
4180
4181
4182
4183
4184
4185
4186
4187
4188
4189
4190
4191
4192
4193
4194
4195
4196
4197
4198
4199
4200
4201
4202
4203
4204
4205
4206
4207
4208
4209
4210
4211
4212
4213
4214
4215
4216
4217
4218
4219
4220
4221
4222
4223
4224
4225
4226
4227
4228
4229
4230
4231
4232
4233
4234
4235
4236
4237
4238
4239
4240
4241
4242
4243
4244
4245
4246
4247
4248
4249
4250
4251
4252
4253
4254
4255
4256
4257
4258
4259
4260
4261
4262
4263
4264
4265
4266
4267
4268
4269
4270
4271
4272
4273
4274
4275
4276
4277
4278
4279
4280
4281
4282
4283
4284
4285
4286
4287
4288
4289
4290
4291
4292
4293
4294
4295
4296
4297
4298
4299
4300
4301
4302
4303
4304
4305
4306
4307
4308
4309
4310
4311
4312
4313
4314
4315
4316
4317
4318
4319
4320
4321
4322
4323
4324
4325
4326
4327
4328
4329
4330
4331
4332
4333
4334
4335
4336
4337
4338
4339
4340
4341
4342
4343
4344
4345
4346
4347
4348
4349
4350
4351
4352
4353
4354
4355
4356
4357
4358
4359
4360
4361
4362
4363
4364
4365
4366
4367
4368
4369
4370
4371
4372
4373
4374
4375
4376
4377
4378
4379
4380
4381
4382
4383
4384
4385
4386
4387
4388
4389
4390
4391
4392
4393
4394
4395
4396
4397
4398
4399
4400
4401
4402
4403
4404
4405
4406
4407
4408
4409
4410
4411
4412
4413
4414
4415
4416
4417
4418
4419
4420
4421
4422
4423
4424
4425
4426
4427
4428
4429
4430
4431
4432
4433
4434
4435
4436
4437
4438
4439
4440
4441
4442
4443
4444
4445
4446
4447
4448
4449
4450
4451
4452
4453
4454
4455
4456
4457
4458
4459
4460
4461
4462
4463
4464
4465
4466
4467
4468
4469
4470
4471
4472
4473
4474
4475
4476
4477
4478
4479
4480
4481
4482
4483
4484
4485
4486
4487
4488
4489
4490
4491
4492
4493
4494
4495
4496
4497
4498
4499
4500
4501
4502
4503
4504
4505
4506
4507
4508
4509
4510
4511
4512
4513
4514
4515
4516
4517
4518
4519
4520
4521
4522
4523
4524
4525
4526
4527
4528
4529
4530
4531
4532
4533
4534
4535
4536
4537
4538
4539
4540
4541
4542
4543
4544
4545
4546
4547
4548
4549
4550
4551
4552
4553
4554
4555
4556
4557
4558
4559
4560
4561
4562
4563
4564
4565
4566
4567
4568
4569
4570
4571
4572
4573
4574
4575
4576
4577
4578
4579
4580
4581
4582
4583
4584
4585
4586
4587
4588
4589
4590
4591
4592
4593
4594
4595
4596
4597
4598
4599
4600
4601
4602
4603
4604
4605
4606
4607
4608
4609
4610
4611
4612
4613
4614
4615
4616
4617
4618
4619
4620
4621
4622
4623
4624
4625
4626
4627
4628
4629
4630
4631
4632
4633
4634
4635
4636
4637
4638
4639
4640
4641
4642
4643
4644
4645
4646
4647
4648
4649
4650
4651
4652
4653
4654
4655
4656
4657
4658
4659
4660
4661
4662
4663
4664
4665
4666
4667
4668
4669
4670
4671
4672
4673
4674
4675
4676
4677
4678
4679
4680
4681
4682
4683
4684
4685
4686
4687
4688
4689
4690
4691
4692
4693
4694
4695
4696
4697
4698
4699
4700
4701
4702
4703
4704
4705
4706
4707
4708
4709
4710
4711
4712
4713
4714
4715
4716
4717
4718
4719
4720
4721
4722
4723
4724
4725
4726
4727
4728
4729
4730
4731
4732
4733
4734
4735
4736
4737
4738
4739
4740
4741
4742
4743
4744
4745
4746
4747
4748
4749
4750
4751
4752
4753
4754
4755
4756
4757
4758
4759
4760
4761
4762
4763
4764
4765
4766
4767
4768
4769
4770
4771
4772
4773
4774
4775
4776
4777
4778
4779
4780
4781
4782
4783
4784
4785
4786
4787
4788
4789
4790
4791
4792
4793
4794
4795
4796
4797
4798
4799
4800
4801
4802
4803
4804
4805
4806
4807
4808
4809
4810
4811
4812
4813
4814
4815
4816
4817
4818
4819
4820
4821
4822
4823
4824
4825
4826
4827
4828
4829
4830
4831
4832
4833
4834
4835
4836
4837
4838
4839
4840
4841
4842
4843
4844
4845
4846
4847
4848
4849
4850
4851
4852
4853
4854
4855
4856
4857
4858
4859
4860
4861
4862
4863
4864
4865
4866
4867
4868
4869
4870
4871
4872
4873
4874
4875
4876
4877
4878
4879
4880
4881
4882
4883
4884
4885
4886
4887
4888
4889
4890
4891
4892
4893
4894
4895
4896
4897
4898
4899
4900
4901
4902
4903
4904
4905
4906
4907
4908
4909
4910
4911
4912
4913
4914
4915
4916
4917
4918
4919
4920
4921
4922
4923
4924
4925
4926
4927
4928
4929
4930
4931
4932
4933
4934
4935
4936
4937
4938
4939
4940
4941
4942
4943
4944
4945
4946
4947
4948
4949
4950
4951
4952
4953
4954
4955
4956
4957
4958
4959
4960
4961
4962
4963
4964
4965
4966
4967
4968
4969
4970
4971
4972
4973
4974
4975
4976
4977
4978
4979
4980
4981
4982
4983
4984
4985
4986
4987
4988
4989
4990
4991
4992
4993
4994
4995
4996
4997
4998
4999
5000
5001
5002
5003
5004
5005
5006
5007
5008
5009
5010
5011
5012
5013
5014
5015
5016
5017
5018
5019
5020
5021
5022
5023
5024
5025
5026
5027
5028
5029
5030
5031
5032
5033
5034
5035
5036
5037
5038
5039
5040
5041
5042
5043
5044
5045
5046
5047
5048
5049
5050
5051
5052
5053
5054
5055
5056
5057
5058
5059
5060
5061
5062
5063
5064
5065
5066
5067
5068
5069
5070
5071
5072
5073
5074
5075
5076
5077
5078
5079
5080
5081
5082
5083
5084
5085
5086
5087
5088
5089
5090
5091
5092
5093
5094
5095
5096
5097
5098
5099
5100
5101
5102
5103
5104
5105
5106
5107
5108
5109
5110
5111
5112
5113
5114
5115
5116
5117
5118
5119
5120
5121
5122
5123
5124
5125
5126
5127
5128
5129
5130
5131
5132
5133
5134
5135
5136
5137
5138
5139
5140
5141
5142
5143
5144
5145
5146
5147
5148
5149
5150
5151
5152
5153
5154
5155
5156
5157
5158
5159
5160
5161
5162
5163
5164
5165
5166
5167
5168
5169
5170
5171
5172
5173
5174
5175
5176
5177
5178
5179
5180
5181
5182
5183
5184
5185
5186
5187
5188
5189
5190
5191
5192
5193
5194
5195
5196
5197
5198
5199
5200
5201
5202
5203
5204
5205
5206
5207
5208
5209
5210
5211
5212
5213
5214
5215
5216
5217
5218
5219
5220
5221
5222
5223
5224
5225
5226
5227
5228
5229
5230
5231
5232
5233
5234
5235
5236
5237
5238
5239
5240
5241
5242
5243
5244
5245
5246
5247
5248
5249
5250
5251
5252
5253
5254
5255
5256
5257
5258
5259
5260
5261
5262
5263
5264
5265
5266
5267
5268
5269
5270
5271
5272
5273
5274
5275
5276
5277
5278
5279
5280
5281
5282
5283
5284
5285
5286
5287
5288
5289
5290
5291
5292
5293
5294
5295
5296
5297
5298
5299
5300
5301
5302
5303
5304
5305
5306
5307
5308
5309
5310
5311
5312
5313
5314
5315
5316
5317
5318
5319
5320
5321
5322
5323
5324
5325
5326
5327
5328
5329
5330
5331
5332
5333
5334
5335
5336
5337
5338
5339
5340
5341
5342
5343
5344
5345
5346
5347
5348
5349
5350
5351
5352
5353
5354
5355
5356
5357
5358
5359
5360
5361
5362
5363
5364
5365
5366
5367
5368
5369
5370
5371
5372
5373
5374
5375
5376
5377
5378
5379
5380
5381
5382
5383
5384
5385
5386
5387
5388
5389
5390
5391
5392
5393
5394
5395
5396
5397
5398
5399
5400
5401
5402
5403
5404
5405
5406
5407
5408
5409
5410
5411
5412
5413
5414
5415
5416
5417
5418
5419
5420
5421
5422
5423
5424
5425
5426
5427
5428
5429
5430
5431
5432
5433
5434
5435
5436
5437
5438
5439
5440
5441
5442
5443
5444
5445
5446
5447
5448
5449
5450
5451
5452
5453
5454
5455
5456
5457
5458
5459
5460
5461
5462
5463
5464
5465
5466
5467
5468
5469
5470
5471
5472
5473
5474
5475
5476
5477
5478
5479
5480
5481
5482
5483
5484
5485
5486
5487
5488
5489
5490
5491
5492
5493
5494
5495
5496
5497
5498
5499
5500
5501
5502
5503
5504
5505
5506
5507
5508
5509
5510
5511
5512
5513
5514
5515
5516
5517
5518
5519
5520
5521
5522
5523
5524
5525
5526
5527
5528
5529
5530
5531
5532
5533
5534
5535
5536
5537
5538
5539
5540
5541
5542
5543
5544
5545
5546
5547
5548
5549
5550
5551
5552
5553
5554
5555
5556
5557
5558
5559
5560
5561
5562
5563
5564
5565
5566
5567
5568
5569
5570
5571
5572
5573
5574
5575
5576
5577
5578
5579
5580
5581
5582
5583
5584
5585
5586
5587
5588
5589
5590
5591
5592
5593
5594
5595
5596
5597
5598
5599
5600
5601
5602
5603
5604
5605
5606
5607
5608
5609
5610
5611
5612
5613
5614
5615
5616
5617
5618
5619
5620
5621
5622
5623
5624
5625
5626
5627
5628
5629
5630
5631
5632
5633
5634
5635
5636
5637
5638
5639
5640
5641
5642
5643
5644
5645
5646
5647
5648
5649
5650
5651
5652
5653
5654
5655
5656
5657
5658
5659
5660
5661
5662
5663
5664
5665
5666
5667
5668
5669
5670
5671
5672
5673
5674
5675
5676
5677
5678
5679
5680
5681
5682
5683
5684
5685
5686
5687
5688
5689
5690
5691
5692
5693
5694
5695
5696
5697
5698
5699
5700
5701
5702
5703
5704
5705
5706
5707
5708
5709
5710
5711
5712
5713
5714
5715
5716
5717
5718
5719
5720
5721
5722
5723
5724
5725
5726
5727
5728
5729
5730
5731
5732
5733
5734
5735
5736
5737
5738
5739
5740
5741
5742
5743
5744
5745
5746
5747
5748
5749
5750
5751
5752
5753
5754
5755
5756
5757
5758
5759
5760
5761
5762
5763
5764
5765
5766
5767
5768
5769
5770
5771
5772
5773
5774
5775
5776
5777
5778
5779
5780
5781
5782
5783
5784
5785
5786
5787
5788
5789
5790
5791
5792
5793
5794
5795
5796
5797
5798
5799
5800
5801
5802
5803
5804
5805
5806
5807
5808
5809
5810
5811
5812
5813
5814
5815
5816
5817
5818
5819
5820
5821
5822
5823
5824
5825
5826
5827
5828
5829
5830
5831
5832
5833
5834
5835
5836
5837
5838
5839
5840
5841
5842
5843
5844
5845
5846
5847
5848
5849
5850
5851
5852
5853
5854
5855
5856
5857
5858
5859
5860
5861
5862
5863
5864
5865
5866
5867
5868
5869
5870
5871
5872
5873
5874
5875
5876
5877
5878
5879
5880
5881
5882
5883
5884
5885
5886
5887
5888
5889
5890
5891
5892
5893
5894
5895
5896
5897
5898
5899
5900
5901
5902
5903
5904
5905
5906
5907
5908
5909
5910
5911
5912
5913
5914
5915
5916
5917
5918
5919
5920
5921
5922
5923
5924
5925
5926
5927
5928
5929
5930
5931
5932
5933
5934
5935
5936
5937
5938
5939
5940
5941
5942
5943
5944
5945
5946
5947
5948
5949
5950
5951
5952
5953
5954
5955
5956
5957
5958
5959
5960
5961
5962
5963
5964
5965
5966
5967
5968
5969
5970
5971
5972
5973
5974
5975
5976
5977
5978
5979
5980
5981
5982
5983
5984
5985
5986
5987
5988
5989
5990
5991
5992
5993
5994
5995
5996
5997
5998
5999
6000
6001
6002
6003
6004
6005
6006
6007
6008
6009
6010
6011
6012
6013
6014
6015
6016
6017
6018
6019
6020
6021
6022
6023
6024
6025
6026
6027
6028
6029
6030
6031
6032
6033
6034
6035
6036
6037
6038
6039
6040
6041
6042
6043
6044
6045
6046
6047
6048
6049
6050
6051
6052
6053
6054
6055
6056
6057
6058
6059
6060
6061
6062
6063
6064
6065
6066
6067
6068
6069
6070
6071
6072
6073
6074
6075
6076
6077
6078
6079
6080
6081
6082
6083
6084
6085
6086
6087
6088
6089
6090
6091
6092
6093
6094
6095
6096
6097
6098
6099
6100
6101
6102
6103
6104
6105
6106
6107
6108
6109
6110
6111
6112
6113
6114
6115
6116
6117
6118
6119
6120
6121
6122
6123
6124
6125
6126
6127
6128
6129
6130
6131
6132
6133
6134
6135
6136
6137
6138
6139
6140
6141
6142
6143
6144
6145
6146
6147
6148
6149
6150
6151
6152
6153
6154
6155
6156
6157
6158
6159
6160
6161
6162
6163
6164
6165
6166
6167
6168
6169
6170
6171
6172
6173
6174
6175
6176
6177
6178
6179
6180
6181
6182
6183
6184
6185
6186
6187
6188
6189
6190
6191
6192
6193
6194
6195
6196
6197
6198
6199
6200
6201
6202
6203
6204
6205
6206
6207
6208
6209
6210
6211
6212
6213
6214
6215
6216
6217
6218
6219
6220
6221
6222
6223
6224
6225
6226
6227
6228
6229
6230
6231
6232
6233
6234
6235
6236
6237
6238
6239
6240
6241
6242
6243
6244
6245
6246
6247
6248
6249
6250
6251
6252
6253
6254
6255
6256
6257
6258
6259
6260
6261
6262
6263
6264
6265
6266
6267
6268
6269
6270
6271
6272
6273
6274
6275
6276
6277
6278
6279
6280
6281
6282
6283
6284
6285
6286
6287
6288
6289
6290
6291
6292
6293
6294
6295
6296
6297
6298
6299
6300
6301
6302
6303
6304
6305
6306
6307
6308
6309
6310
6311
6312
6313
6314
6315
6316
6317
6318
6319
6320
6321
6322
6323
6324
6325
6326
6327
6328
6329
6330
6331
6332
6333
6334
6335
6336
6337
6338
6339
6340
6341
6342
6343
6344
6345
6346
6347
6348
6349
6350
6351
6352
6353
6354
6355
6356
6357
6358
6359
6360
6361
6362
6363
6364
6365
6366
6367
6368
6369
6370
6371
6372
6373
6374
6375
6376
6377
6378
6379
6380
6381
6382
6383
6384
6385
6386
6387
6388
6389
6390
6391
6392
6393
6394
6395
6396
6397
6398
6399
6400
6401
6402
6403
6404
6405
6406
6407
6408
6409
6410
6411
6412
6413
6414
6415
6416
6417
6418
6419
6420
6421
6422
6423
6424
6425
6426
6427
6428
6429
6430
6431
6432
6433
6434
6435
6436
6437
6438
6439
6440
6441
6442
6443
6444
6445
6446
6447
6448
6449
6450
6451
6452
6453
6454
6455
6456
6457
6458
6459
6460
6461
6462
6463
6464
6465
6466
6467
6468
6469
6470
6471
6472
6473
6474
6475
6476
6477
6478
6479
6480
6481
6482
6483
6484
6485
6486
6487
6488
6489
6490
6491
6492
6493
6494
6495
6496
6497
6498
6499
6500
6501
6502
6503
6504
6505
6506
6507
6508
6509
6510
6511
6512
6513
6514
6515
6516
6517
6518
6519
6520
6521
6522
6523
6524
6525
6526
6527
6528
6529
6530
6531
6532
6533
6534
6535
6536
6537
6538
6539
6540
6541
6542
6543
6544
6545
6546
6547
6548
6549
6550
6551
6552
6553
6554
6555
6556
6557
6558
6559
6560
6561
6562
6563
6564
6565
6566
6567
6568
6569
6570
6571
6572
6573
6574
6575
6576
6577
6578
6579
6580
6581
6582
6583
6584
6585
6586
6587
6588
6589
6590
6591
6592
6593
6594
6595
6596
6597
6598
6599
6600
6601
6602
6603
6604
6605
6606
6607
6608
6609
6610
6611
6612
6613
6614
6615
6616
6617
6618
6619
6620
6621
6622
6623
6624
6625
6626
6627
6628
6629
6630
6631
6632
6633
6634
6635
6636
6637
6638
6639
6640
6641
6642
6643
6644
6645
6646
6647
6648
6649
6650
6651
6652
6653
6654
6655
6656
6657
6658
6659
6660
6661
6662
6663
6664
6665
6666
6667
6668
6669
6670
6671
6672
6673
6674
6675
6676
6677
6678
6679
6680
6681
6682
6683
6684
6685
6686
6687
6688
6689
6690
6691
6692
6693
6694
6695
6696
6697
6698
6699
6700
6701
6702
6703
6704
6705
6706
6707
6708
6709
6710
6711
6712
6713
6714
6715
6716
6717
6718
6719
6720
6721
6722
6723
6724
6725
6726
6727
6728
6729
6730
6731
6732
6733
6734
6735
6736
6737
6738
6739
6740
6741
6742
6743
6744
6745
6746
6747
6748
6749
6750
6751
6752
6753
6754
6755
6756
6757
6758
6759
6760
6761
6762
6763
6764
6765
6766
6767
6768
6769
6770
6771
6772
6773
6774
6775
6776
6777
6778
6779
6780
6781
6782
6783
6784
6785
6786
6787
6788
6789
6790
6791
6792
6793
6794
6795
6796
6797
6798
6799
6800
6801
6802
6803
6804
6805
6806
6807
6808
6809
6810
6811
6812
6813
6814
6815
6816
6817
6818
6819
6820
6821
6822
6823
6824
6825
6826
6827
6828
6829
6830
6831
6832
6833
6834
6835
6836
6837
6838
6839
6840
6841
6842
6843
6844
6845
6846
6847
6848
6849
6850
6851
6852
6853
6854
6855
6856
6857
6858
6859
6860
6861
6862
6863
6864
6865
6866
6867
6868
6869
6870
6871
6872
6873
6874
6875
6876
6877
6878
6879
6880
6881
6882
6883
6884
6885
6886
6887
6888
6889
6890
6891
6892
6893
6894
6895
6896
6897
6898
6899
6900
6901
6902
6903
6904
6905
6906
6907
6908
6909
6910
6911
6912
6913
6914
6915
6916
6917
6918
6919
6920
6921
6922
6923
6924
6925
6926
6927
6928
6929
6930
6931
6932
6933
6934
6935
6936
6937
6938
6939
6940
6941
6942
6943
6944
6945
6946
6947
6948
6949
6950
6951
6952
6953
6954
6955
6956
6957
6958
6959
6960
6961
6962
6963
6964
6965
6966
6967
6968
6969
6970
6971
6972
6973
6974
6975
6976
6977
6978
6979
6980
6981
6982
6983
6984
6985
6986
6987
6988
6989
6990
6991
6992
6993
6994
6995
6996
6997
6998
6999
7000
7001
7002
7003
7004
7005
7006
7007
7008
7009
7010
7011
7012
7013
7014
7015
7016
7017
7018
7019
7020
7021
7022
7023
7024
7025
7026
7027
7028
7029
7030
7031
7032
7033
7034
7035
7036
7037
7038
7039
7040
7041
7042
7043
7044
7045
7046
7047
7048
7049
7050
7051
7052
7053
7054
7055
7056
7057
7058
7059
7060
7061
7062
7063
7064
7065
7066
7067
7068
7069
7070
7071
7072
7073
7074
7075
7076
7077
7078
7079
7080
7081
7082
7083
7084
7085
7086
7087
7088
7089
7090
7091
7092
7093
7094
7095
7096
7097
7098
7099
7100
7101
7102
7103
7104
7105
7106
7107
7108
7109
7110
7111
7112
7113
7114
7115
7116
7117
7118
7119
7120
7121
7122
7123
7124
7125
7126
7127
7128
7129
7130
7131
7132
7133
7134
7135
7136
7137
7138
7139
7140
7141
7142
7143
7144
7145
7146
7147
7148
7149
7150
7151
7152
7153
7154
7155
7156
7157
7158
7159
7160
7161
7162
7163
7164
7165
7166
7167
7168
7169
7170
7171
7172
7173
7174
7175
7176
7177
7178
7179
7180
7181
7182
7183
7184
7185
7186
7187
7188
7189
7190
7191
7192
7193
7194
7195
7196
7197
7198
7199
7200
7201
7202
7203
7204
7205
7206
7207
7208
7209
7210
7211
7212
7213
7214
7215
7216
7217
7218
7219
7220
7221
7222
7223
7224
7225
7226
7227
7228
7229
7230
7231
7232
7233
7234
7235
7236
7237
7238
7239
7240
7241
7242
7243
7244
7245
7246
7247
7248
7249
7250
7251
7252
7253
7254
7255
7256
7257
7258
7259
7260
7261
7262
7263
7264
7265
7266
7267
7268
7269
7270
7271
7272
7273
7274
7275
7276
7277
7278
7279
7280
7281
7282
7283
7284
7285
7286
7287
7288
7289
7290
7291
7292
7293
7294
7295
7296
7297
7298
7299
7300
7301
7302
7303
7304
7305
7306
7307
7308
7309
7310
7311
7312
7313
7314
7315
7316
7317
7318
7319
7320
7321
7322
7323
7324
7325
7326
7327
7328
7329
7330
7331
7332
7333
7334
7335
7336
7337
7338
7339
7340
7341
7342
7343
7344
7345
7346
7347
7348
7349
7350
7351
7352
7353
7354
7355
7356
7357
7358
7359
7360
7361
7362
7363
7364
7365
7366
7367
7368
7369
7370
7371
7372
7373
7374
7375
7376
7377
7378
7379
7380
7381
7382
7383
7384
7385
7386
7387
7388
7389
7390
7391
7392
7393
7394
7395
7396
7397
7398
7399
7400
7401
7402
7403
7404
7405
7406
7407
7408
7409
7410
7411
7412
7413
7414
7415
7416
7417
7418
7419
7420
7421
7422
7423
7424
7425
7426
7427
7428
7429
7430
7431
7432
7433
7434
7435
7436
7437
7438
7439
7440
7441
7442
7443
7444
7445
7446
7447
7448
7449
7450
7451
7452
7453
7454
7455
7456
7457
7458
7459
7460
7461
7462
7463
7464
7465
7466
7467
7468
7469
7470
7471
7472
7473
7474
7475
7476
7477
7478
7479
7480
7481
7482
7483
7484
7485
7486
7487
7488
7489
7490
7491
7492
7493
7494
7495
7496
7497
7498
7499
7500
7501
7502
7503
7504
7505
7506
7507
7508
7509
7510
7511
7512
7513
7514
7515
7516
7517
7518
7519
7520
7521
7522
7523
7524
7525
7526
7527
7528
7529
7530
7531
7532
7533
7534
7535
7536
7537
7538
7539
7540
7541
7542
7543
7544
7545
7546
7547
7548
7549
7550
7551
7552
7553
7554
7555
7556
7557
7558
7559
7560
7561
7562
7563
7564
7565
7566
7567
7568
7569
7570
7571
7572
7573
7574
7575
7576
7577
7578
7579
7580
7581
7582
7583
7584
7585
7586
7587
7588
7589
7590
7591
7592
7593
7594
7595
7596
7597
7598
7599
7600
7601
7602
7603
7604
7605
7606
7607
7608
7609
7610
7611
7612
7613
7614
7615
7616
7617
7618
7619
7620
7621
7622
7623
7624
7625
7626
7627
7628
7629
7630
7631
7632
7633
7634
7635
7636
7637
7638
7639
7640
7641
7642
7643
7644
7645
7646
7647
7648
7649
7650
7651
7652
7653
7654
7655
7656
7657
7658
7659
7660
7661
7662
7663
7664
7665
7666
7667
7668
7669
7670
7671
7672
7673
7674
7675
7676
7677
7678
7679
7680
7681
7682
7683
7684
7685
7686
7687
7688
7689
7690
7691
7692
7693
7694
7695
7696
7697
7698
7699
7700
7701
7702
7703
7704
7705
7706
7707
7708
7709
7710
7711
7712
7713
7714
7715
7716
7717
7718
7719
7720
7721
7722
7723
7724
7725
7726
7727
7728
7729
7730
7731
7732
7733
7734
7735
7736
7737
7738
7739
7740
7741
7742
7743
7744
7745
7746
7747
7748
7749
7750
7751
7752
7753
7754
7755
7756
7757
7758
7759
7760
7761
7762
7763
7764
7765
7766
7767
7768
7769
7770
7771
7772
7773
7774
7775
7776
7777
7778
7779
7780
7781
7782
7783
7784
7785
7786
7787
7788
7789
7790
7791
7792
7793
7794
7795
7796
7797
7798
7799
7800
7801
7802
7803
7804
7805
7806
7807
7808
7809
7810
7811
7812
7813
7814
7815
7816
7817
7818
7819
7820
7821
7822
7823
7824
7825
7826
7827
7828
7829
7830
7831
7832
7833
7834
7835
7836
7837
7838
7839
7840
7841
7842
7843
7844
7845
7846
7847
7848
7849
7850
7851
7852
7853
7854
7855
7856
7857
7858
7859
7860
7861
7862
7863
7864
7865
7866
7867
7868
7869
7870
7871
7872
7873
7874
7875
7876
7877
7878
7879
7880
7881
7882
7883
7884
7885
7886
7887
7888
7889
7890
7891
7892
7893
7894
7895
7896
7897
7898
7899
7900
7901
7902
7903
7904
7905
7906
7907
7908
7909
7910
7911
7912
7913
7914
7915
7916
7917
7918
7919
7920
7921
7922
7923
7924
7925
7926
7927
7928
7929
7930
7931
7932
7933
7934
7935
7936
7937
7938
7939
7940
7941
7942
7943
7944
7945
7946
7947
7948
7949
7950
7951
7952
7953
7954
7955
7956
7957
7958
7959
7960
7961
7962
7963
7964
7965
7966
7967
7968
7969
7970
7971
7972
7973
7974
7975
7976
7977
7978
7979
7980
7981
7982
7983
7984
7985
7986
7987
7988
7989
7990
7991
7992
7993
7994
7995
7996
7997
7998
7999
8000
8001
8002
8003
8004
8005
8006
8007
8008
8009
8010
8011
8012
8013
8014
8015
8016
8017
8018
8019
8020
8021
8022
8023
8024
8025
8026
8027
8028
8029
8030
8031
8032
8033
8034
8035
8036
8037
8038
8039
8040
8041
8042
8043
8044
8045
8046
8047
8048
8049
8050
8051
8052
8053
8054
8055
8056
8057
8058
8059
8060
8061
8062
8063
8064
8065
8066
8067
8068
8069
8070
8071
8072
8073
8074
8075
8076
8077
8078
8079
8080
8081
8082
8083
8084
8085
8086
8087
8088
8089
8090
8091
8092
8093
8094
8095
8096
8097
8098
8099
8100
8101
8102
8103
8104
8105
8106
8107
8108
8109
8110
8111
8112
8113
8114
8115
8116
8117
8118
8119
8120
8121
8122
8123
8124
8125
8126
8127
8128
8129
8130
8131
8132
8133
8134
8135
8136
8137
8138
8139
8140
8141
8142
8143
8144
8145
8146
8147
8148
8149
8150
8151
8152
8153
8154
8155
8156
8157
8158
8159
8160
8161
8162
8163
8164
8165
8166
8167
8168
8169
8170
8171
8172
8173
8174
8175
8176
8177
8178
8179
8180
8181
8182
8183
8184
8185
8186
8187
8188
8189
8190
8191
8192
8193
8194
8195
8196
8197
8198
8199
8200
8201
8202
8203
8204
8205
8206
8207
8208
8209
8210
8211
8212
8213
8214
8215
8216
8217
8218
8219
8220
8221
8222
8223
8224
8225
8226
8227
8228
8229
8230
8231
8232
8233
8234
8235
8236
8237
8238
8239
8240
8241
8242
8243
8244
8245
8246
8247
8248
8249
8250
8251
8252
8253
8254
8255
8256
8257
8258
8259
8260
8261
8262
8263
8264
8265
8266
8267
8268
8269
8270
8271
8272
8273
8274
8275
8276
8277
8278
8279
8280
8281
8282
8283
8284
8285
8286
8287
8288
8289
8290
8291
8292
8293
8294
8295
8296
8297
8298
8299
8300
8301
8302
8303
8304
8305
8306
8307
8308
8309
8310
8311
8312
8313
8314
8315
8316
8317
8318
8319
8320
8321
8322
8323
8324
8325
8326
8327
8328
8329
8330
8331
8332
8333
8334
8335
8336
8337
8338
8339
8340
8341
8342
8343
8344
8345
8346
8347
8348
8349
8350
8351
8352
8353
8354
8355
8356
8357
8358
8359
8360
8361
8362
8363
8364
8365
8366
8367
8368
8369
8370
8371
8372
8373
8374
8375
8376
8377
8378
8379
8380
8381
8382
8383
8384
8385
8386
8387
8388
8389
8390
8391
8392
8393
8394
8395
8396
8397
8398
8399
8400
8401
8402
8403
8404
8405
8406
8407
8408
8409
8410
8411
8412
8413
8414
8415
8416
8417
8418
8419
8420
8421
8422
8423
8424
8425
8426
8427
8428
8429
8430
8431
8432
8433
8434
8435
8436
8437
8438
8439
8440
8441
8442
8443
8444
8445
8446
8447
8448
8449
8450
8451
8452
8453
8454
8455
8456
8457
8458
8459
8460
8461
8462
8463
8464
8465
8466
8467
8468
8469
8470
8471
8472
8473
8474
8475
8476
8477
8478
8479
8480
8481
8482
8483
8484
8485
8486
8487
8488
8489
8490
8491
8492
8493
8494
8495
8496
8497
8498
8499
8500
8501
8502
8503
8504
8505
8506
8507
8508
8509
8510
8511
8512
8513
8514
8515
8516
8517
8518
8519
8520
8521
8522
8523
8524
8525
8526
8527
8528
8529
8530
8531
8532
8533
8534
8535
8536
8537
8538
8539
8540
8541
8542
8543
8544
8545
8546
8547
8548
8549
8550
8551
8552
8553
8554
8555
8556
8557
8558
8559
8560
8561
8562
8563
8564
8565
8566
8567
8568
8569
8570
8571
8572
8573
8574
8575
8576
8577
8578
8579
8580
8581
8582
8583
8584
8585
8586
8587
8588
8589
8590
8591
8592
8593
8594
8595
8596
8597
8598
8599
8600
8601
8602
8603
8604
8605
8606
8607
8608
8609
8610
8611
8612
8613
8614
8615
8616
8617
8618
8619
8620
8621
8622
8623
8624
8625
8626
8627
8628
8629
8630
8631
8632
8633
8634
8635
8636
8637
8638
8639
8640
8641
8642
8643
8644
8645
8646
8647
8648
8649
8650
8651
8652
8653
8654
8655
8656
8657
8658
8659
8660
8661
8662
8663
8664
8665
8666
8667
8668
8669
8670
8671
8672
8673
8674
8675
8676
8677
8678
8679
8680
8681
8682
8683
8684
8685
8686
8687
8688
8689
8690
8691
8692
8693
8694
8695
8696
8697
8698
8699
8700
8701
8702
8703
8704
8705
8706
8707
8708
8709
8710
8711
8712
8713
8714
8715
8716
8717
8718
8719
8720
8721
8722
8723
8724
8725
8726
8727
8728
8729
8730
8731
8732
8733
8734
8735
8736
8737
8738
8739
8740
8741
8742
8743
8744
8745
8746
8747
8748
8749
8750
8751
8752
8753
8754
8755
8756
8757
8758
8759
8760
8761
8762
8763
8764
8765
8766
8767
8768
8769
8770
8771
8772
8773
8774
8775
8776
8777
8778
8779
8780
8781
8782
8783
8784
8785
8786
8787
8788
8789
8790
8791
8792
8793
8794
8795
8796
8797
8798
8799
8800
8801
8802
8803
8804
8805
8806
8807
8808
8809
8810
8811
8812
8813
8814
8815
8816
8817
8818
8819
8820
8821
8822
8823
8824
8825
8826
8827
8828
8829
8830
8831
8832
8833
8834
8835
8836
8837
8838
8839
8840
8841
8842
8843
8844
8845
8846
8847
8848
8849
8850
8851
8852
8853
8854
8855
8856
8857
8858
8859
8860
8861
8862
8863
8864
8865
8866
8867
8868
8869
8870
8871
8872
8873
8874
8875
8876
8877
8878
8879
8880
8881
8882
8883
8884
8885
8886
8887
8888
8889
8890
8891
8892
8893
8894
8895
8896
8897
8898
8899
8900
8901
8902
8903
8904
8905
8906
8907
8908
8909
8910
8911
8912
8913
8914
8915
8916
8917
8918
8919
8920
8921
8922
8923
8924
8925
8926
8927
8928
8929
8930
8931
8932
8933
8934
8935
8936
8937
8938
8939
8940
8941
8942
8943
8944
8945
8946
8947
8948
8949
8950
8951
8952
8953
8954
8955
8956
8957
8958
8959
8960
8961
8962
8963
8964
8965
8966
8967
8968
8969
8970
8971
8972
8973
8974
8975
8976
8977
8978
8979
8980
8981
8982
8983
8984
8985
8986
8987
8988
8989
8990
8991
8992
8993
8994
8995
8996
8997
8998
8999
9000
9001
9002
9003
9004
9005
9006
9007
9008
9009
9010
9011
9012
9013
9014
9015
9016
9017
9018
9019
9020
9021
9022
9023
9024
9025
9026
9027
9028
9029
9030
9031
9032
9033
9034
9035
9036
9037
9038
9039
9040
9041
9042
9043
9044
9045
9046
9047
9048
9049
9050
9051
9052
9053
9054
9055
9056
9057
9058
9059
9060
9061
9062
9063
9064
9065
9066
9067
9068
9069
9070
9071
9072
9073
9074
9075
9076
9077
9078
9079
9080
9081
9082
9083
9084
9085
9086
9087
9088
9089
9090
9091
9092
9093
9094
9095
9096
9097
9098
9099
9100
9101
9102
9103
9104
9105
9106
9107
9108
9109
9110
9111
9112
9113
9114
9115
9116
9117
9118
9119
9120
9121
9122
9123
9124
9125
9126
9127
9128
9129
9130
9131
9132
9133
9134
9135
9136
9137
9138
9139
9140
9141
9142
9143
9144
9145
9146
9147
9148
9149
9150
9151
9152
9153
9154
9155
9156
9157
9158
9159
9160
9161
9162
9163
9164
9165
9166
9167
9168
9169
9170
9171
9172
9173
9174
9175
9176
9177
9178
9179
9180
9181
9182
9183
9184
9185
9186
9187
9188
9189
9190
9191
9192
9193
9194
9195
9196
9197
9198
9199
9200
9201
9202
9203
9204
9205
9206
9207
9208
9209
9210
9211
9212
9213
9214
9215
9216
9217
9218
9219
9220
9221
9222
9223
9224
9225
9226
9227
9228
9229
9230
9231
9232
9233
9234
9235
9236
9237
9238
9239
9240
9241
9242
9243
9244
9245
9246
9247
9248
9249
9250
9251
9252
9253
9254
9255
9256
9257
9258
9259
9260
9261
9262
9263
9264
9265
9266
9267
9268
9269
9270
9271
9272
9273
9274
9275
9276
9277
9278
9279
9280
9281
9282
9283
9284
9285
9286
9287
9288
9289
9290
9291
9292
9293
9294
9295
9296
9297
9298
9299
9300
9301
9302
9303
9304
9305
9306
9307
9308
9309
9310
9311
9312
9313
9314
9315
9316
9317
9318
9319
9320
9321
9322
9323
9324
9325
9326
9327
9328
9329
9330
9331
9332
9333
9334
9335
9336
9337
9338
9339
9340
9341
9342
9343
9344
9345
9346
9347
9348
9349
9350
9351
9352
9353
9354
9355
9356
9357
9358
9359
9360
9361
9362
9363
9364
9365
9366
9367
9368
9369
9370
9371
9372
9373
9374
9375
9376
9377
9378
9379
9380
9381
9382
9383
9384
9385
9386
9387
9388
9389
9390
9391
9392
9393
9394
9395
9396
9397
9398
9399
9400
9401
9402
9403
9404
9405
9406
9407
9408
9409
9410
9411
9412
9413
9414
9415
9416
9417
9418
9419
9420
9421
9422
9423
9424
9425
9426
9427
9428
9429
9430
9431
9432
9433
9434
9435
9436
9437
9438
9439
9440
9441
9442
9443
9444
9445
9446
9447
9448
9449
9450
9451
9452
9453
9454
9455
9456
9457
9458
9459
9460
9461
9462
9463
9464
9465
9466
9467
9468
9469
9470
9471
9472
9473
9474
9475
9476
9477
9478
9479
9480
9481
9482
9483
9484
9485
9486
9487
9488
9489
9490
9491
9492
9493
9494
9495
9496
9497
9498
9499
9500
9501
9502
9503
9504
9505
9506
9507
9508
9509
9510
9511
9512
9513
9514
9515
9516
9517
9518
9519
9520
9521
9522
9523
9524
9525
9526
9527
9528
9529
9530
9531
9532
9533
9534
9535
9536
9537
9538
9539
9540
9541
9542
9543
9544
9545
9546
9547
9548
9549
9550
9551
9552
9553
9554
9555
9556
9557
9558
9559
9560
9561
9562
9563
9564
9565
9566
9567
9568
9569
9570
9571
9572
9573
9574
9575
9576
9577
9578
9579
9580
9581
9582
9583
9584
9585
9586
9587
9588
9589
9590
9591
9592
9593
9594
9595
9596
9597
9598
9599
9600
9601
9602
9603
9604
9605
9606
9607
9608
9609
9610
9611
9612
9613
9614
9615
9616
9617
9618
9619
9620
9621
9622
9623
9624
9625
9626
9627
9628
9629
9630
9631
9632
9633
9634
9635
9636
9637
9638
9639
9640
9641
9642
9643
9644
9645
9646
9647
9648
9649
9650
9651
9652
9653
9654
9655
9656
9657
9658
9659
9660
9661
9662
9663
9664
9665
9666
9667
9668
9669
9670
9671
9672
9673
9674
9675
9676
9677
9678
9679
9680
9681
9682
9683
9684
9685
9686
9687
9688
9689
9690
9691
9692
9693
9694
9695
9696
9697
9698
9699
9700
9701
9702
9703
9704
9705
9706
9707
9708
9709
9710
9711
9712
9713
9714
9715
9716
9717
9718
9719
9720
9721
9722
9723
9724
9725
9726
9727
9728
9729
9730
9731
9732
9733
9734
9735
9736
9737
9738
9739
9740
9741
9742
9743
9744
9745
9746
9747
9748
9749
9750
9751
9752
9753
9754
9755
9756
9757
9758
9759
9760
9761
9762
9763
9764
9765
9766
9767
9768
9769
9770
9771
9772
9773
9774
9775
9776
9777
9778
9779
9780
9781
9782
9783
9784
9785
9786
9787
9788
9789
9790
9791
9792
9793
9794
9795
9796
9797
9798
9799
9800
9801
9802
9803
9804
9805
9806
9807
9808
9809
9810
9811
9812
9813
9814
9815
9816
9817
9818
9819
9820
9821
9822
9823
9824
9825
9826
9827
9828
9829
9830
9831
9832
9833
9834
9835
9836
9837
9838
9839
9840
9841
9842
9843
9844
9845
9846
9847
9848
9849
9850
9851
9852
9853
9854
9855
9856
9857
9858
9859
9860
9861
9862
9863
9864
9865
9866
9867
9868
9869
9870
9871
9872
9873
9874
9875
9876
9877
9878
9879
9880
9881
9882
9883
9884
9885
9886
9887
9888
9889
9890
9891
9892
9893
9894
9895
9896
9897
9898
9899
9900
9901
9902
9903
9904
9905
9906
9907
9908
9909
9910
9911
9912
9913
9914
9915
9916
9917
9918
9919
9920
9921
9922
9923
9924
9925
9926
9927
9928
9929
9930
9931
9932
9933
9934
9935
9936
9937
9938
9939
9940
9941
9942
9943
9944
9945
9946
9947
9948
9949
9950
9951
9952
9953
9954
9955
9956
9957
9958
9959
9960
9961
9962
9963
9964
9965
9966
9967
9968
9969
9970
9971
9972
9973
9974
9975
9976
9977
9978
9979
9980
9981
9982
9983
9984
9985
9986
9987
9988
9989
9990
9991
9992
9993
9994
9995
9996
9997
9998
9999
10000
10001
10002
10003
10004
10005
10006
10007
10008
10009
10010
10011
10012
10013
10014
10015
10016
10017
10018
10019
10020
10021
10022
10023
10024
10025
10026
10027
10028
10029
10030
10031
10032
10033
10034
10035
10036
10037
10038
10039
10040
10041
10042
10043
10044
10045
10046
10047
10048
10049
10050
10051
10052
10053
10054
10055
10056
10057
10058
10059
10060
10061
10062
10063
10064
10065
10066
10067
10068
10069
10070
10071
10072
10073
10074
10075
10076
10077
10078
10079
10080
10081
10082
10083
10084
10085
10086
10087
10088
10089
10090
10091
10092
10093
10094
10095
10096
10097
10098
10099
10100
10101
10102
10103
10104
10105
10106
10107
10108
10109
10110
10111
10112
10113
10114
10115
10116
10117
10118
10119
10120
10121
10122
10123
10124
10125
10126
10127
10128
10129
10130
10131
10132
10133
10134
10135
10136
10137
10138
10139
10140
10141
10142
10143
10144
10145
10146
10147
10148
10149
10150
10151
10152
10153
10154
10155
10156
10157
10158
10159
10160
10161
10162
10163
10164
10165
10166
10167
10168
10169
10170
10171
10172
10173
10174
10175
10176
10177
10178
10179
10180
10181
10182
10183
10184
10185
10186
10187
10188
10189
10190
10191
10192
10193
10194
10195
10196
10197
10198
10199
10200
10201
10202
10203
10204
10205
10206
10207
10208
10209
10210
10211
10212
10213
10214
10215
10216
10217
10218
10219
10220
10221
10222
10223
10224
10225
10226
10227
10228
10229
10230
10231
10232
10233
10234
10235
10236
10237
10238
10239
10240
10241
10242
10243
10244
10245
10246
10247
10248
10249
10250
10251
10252
10253
10254
10255
10256
10257
10258
10259
10260
10261
10262
10263
10264
10265
10266
10267
10268
10269
10270
10271
10272
10273
10274
10275
10276
10277
10278
10279
10280
10281
10282
10283
10284
10285
10286
10287
10288
10289
10290
10291
10292
10293
10294
10295
10296
10297
10298
10299
10300
10301
10302
10303
10304
10305
10306
10307
10308
10309
10310
10311
10312
10313
10314
10315
10316
10317
10318
10319
10320
10321
10322
10323
10324
10325
10326
10327
10328
10329
10330
10331
10332
10333
10334
10335
10336
10337
10338
10339
10340
10341
10342
10343
10344
10345
10346
10347
10348
10349
10350
10351
10352
10353
10354
10355
10356
10357
10358
10359
10360
10361
10362
10363
10364
10365
10366
10367
10368
10369
10370
10371
10372
10373
10374
10375
10376
10377
10378
10379
10380
10381
10382
10383
10384
10385
10386
10387
10388
10389
10390
10391
10392
10393
10394
10395
10396
10397
10398
10399
10400
10401
10402
10403
10404
10405
10406
10407
10408
10409
10410
10411
10412
10413
10414
10415
10416
10417
10418
10419
10420
10421
10422
10423
10424
10425
10426
10427
10428
10429
10430
10431
10432
10433
10434
10435
10436
10437
10438
10439
10440
10441
10442
10443
10444
10445
10446
10447
10448
10449
10450
10451
10452
10453
10454
10455
10456
10457
10458
10459
10460
10461
10462
10463
10464
10465
10466
10467
10468
10469
10470
10471
10472
10473
10474
10475
10476
10477
10478
10479
10480
10481
10482
10483
10484
10485
10486
10487
10488
10489
10490
10491
10492
10493
10494
10495
10496
10497
10498
10499
10500
10501
10502
10503
10504
10505
10506
10507
10508
10509
10510
10511
10512
10513
10514
10515
10516
10517
10518
10519
10520
10521
10522
10523
10524
10525
10526
10527
10528
10529
10530
10531
10532
10533
10534
10535
10536
10537
10538
10539
10540
10541
10542
10543
10544
10545
10546
10547
10548
10549
10550
10551
10552
10553
10554
10555
10556
10557
10558
10559
10560
10561
10562
10563
10564
10565
10566
10567
10568
10569
10570
10571
10572
10573
10574
10575
10576
10577
10578
10579
10580
10581
10582
10583
10584
10585
10586
10587
10588
10589
10590
10591
10592
10593
10594
10595
10596
10597
10598
10599
10600
10601
10602
10603
10604
10605
10606
10607
10608
10609
10610
10611
10612
10613
10614
10615
10616
10617
10618
10619
10620
10621
10622
10623
10624
10625
10626
10627
10628
10629
10630
10631
10632
10633
10634
10635
10636
10637
10638
10639
10640
10641
10642
10643
10644
10645
10646
10647
10648
10649
10650
10651
10652
10653
10654
10655
10656
10657
10658
10659
10660
10661
10662
10663
10664
10665
10666
10667
10668
10669
10670
10671
10672
10673
10674
10675
10676
10677
10678
10679
10680
10681
10682
10683
10684
10685
10686
10687
10688
10689
10690
10691
10692
10693
10694
10695
10696
10697
10698
10699
10700
10701
10702
10703
10704
10705
10706
10707
10708
10709
10710
10711
10712
10713
10714
10715
10716
10717
10718
10719
10720
10721
10722
10723
10724
10725
10726
10727
10728
10729
10730
10731
10732
10733
10734
10735
10736
10737
10738
10739
10740
10741
10742
10743
10744
10745
10746
10747
10748
10749
10750
10751
10752
10753
10754
10755
10756
10757
10758
10759
10760
10761
10762
10763
10764
10765
10766
10767
10768
10769
10770
10771
10772
10773
10774
10775
10776
10777
10778
10779
10780
10781
10782
10783
10784
10785
10786
10787
10788
10789
10790
10791
10792
10793
10794
10795
10796
10797
10798
10799
10800
10801
10802
10803
10804
10805
10806
10807
10808
10809
10810
10811
10812
10813
10814
10815
10816
10817
10818
10819
10820
10821
10822
10823
10824
10825
10826
10827
10828
10829
10830
10831
10832
10833
10834
10835
10836
10837
10838
10839
10840
10841
10842
10843
10844
10845
10846
10847
10848
10849
10850
10851
10852
10853
10854
10855
10856
10857
10858
10859
10860
10861
10862
10863
10864
10865
10866
10867
10868
10869
10870
10871
10872
10873
10874
10875
10876
10877
10878
10879
10880
10881
10882
10883
10884
10885
10886
10887
10888
10889
10890
10891
10892
10893
10894
10895
10896
10897
10898
10899
10900
10901
10902
10903
10904
10905
10906
10907
10908
10909
10910
10911
10912
10913
10914
10915
10916
10917
10918
10919
10920
10921
10922
10923
10924
10925
10926
10927
10928
10929
10930
10931
10932
10933
10934
10935
10936
10937
10938
10939
10940
10941
10942
10943
10944
10945
10946
10947
10948
10949
10950
10951
10952
10953
10954
10955
10956
10957
10958
10959
10960
10961
10962
10963
10964
10965
10966
10967
10968
10969
10970
10971
10972
10973
10974
10975
10976
10977
10978
10979
10980
10981
10982
10983
10984
10985
10986
10987
10988
10989
10990
10991
10992
10993
10994
10995
10996
10997
10998
10999
11000
11001
11002
11003
11004
11005
11006
11007
11008
11009
11010
11011
11012
11013
11014
11015
11016
11017
11018
11019
11020
11021
11022
11023
11024
11025
11026
11027
11028
11029
11030
11031
11032
11033
11034
11035
11036
11037
11038
11039
11040
11041
11042
11043
11044
11045
11046
11047
11048
11049
11050
11051
11052
11053
11054
11055
11056
11057
11058
11059
11060
11061
11062
11063
11064
11065
11066
11067
11068
11069
11070
11071
11072
11073
11074
11075
11076
11077
11078
11079
11080
11081
11082
11083
11084
11085
11086
11087
11088
11089
11090
11091
11092
11093
11094
11095
11096
11097
11098
11099
11100
11101
11102
11103
11104
11105
11106
11107
11108
11109
11110
11111
11112
11113
11114
11115
11116
11117
11118
11119
11120
11121
11122
11123
11124
11125
11126
11127
11128
11129
11130
11131
11132
11133
11134
11135
11136
11137
11138
11139
11140
11141
11142
11143
11144
11145
11146
11147
11148
11149
11150
11151
11152
11153
11154
11155
11156
11157
11158
11159
11160
11161
11162
11163
11164
11165
11166
11167
11168
11169
11170
11171
11172
11173
11174
11175
11176
11177
11178
11179
11180
11181
11182
11183
11184
11185
11186
11187
11188
11189
11190
11191
11192
11193
11194
11195
11196
11197
11198
11199
11200
11201
11202
11203
11204
11205
11206
11207
11208
11209
11210
11211
11212
11213
11214
11215
11216
11217
11218
11219
11220
11221
11222
11223
11224
11225
11226
11227
11228
11229
11230
11231
11232
11233
11234
11235
11236
11237
11238
11239
11240
11241
11242
11243
11244
11245
11246
11247
11248
11249
11250
11251
11252
11253
11254
11255
11256
11257
11258
11259
11260
11261
11262
11263
11264
11265
11266
11267
11268
11269
11270
11271
11272
11273
11274
11275
11276
11277
11278
11279
11280
11281
11282
11283
11284
11285
11286
11287
11288
11289
11290
11291
11292
11293
11294
11295
11296
11297
11298
11299
11300
11301
11302
11303
11304
11305
11306
11307
11308
11309
11310
11311
11312
11313
11314
11315
11316
11317
11318
11319
11320
11321
11322
11323
11324
11325
11326
11327
11328
11329
11330
11331
11332
11333
11334
11335
11336
11337
11338
11339
11340
11341
11342
11343
11344
11345
11346
11347
11348
11349
11350
11351
11352
11353
11354
11355
11356
11357
11358
11359
11360
11361
11362
11363
11364
11365
11366
11367
11368
11369
11370
11371
11372
11373
11374
11375
11376
11377
11378
11379
11380
11381
11382
11383
11384
11385
11386
11387
11388
11389
11390
11391
11392
11393
11394
11395
11396
11397
11398
11399
11400
11401
11402
11403
11404
11405
11406
11407
11408
11409
11410
11411
11412
11413
11414
11415
11416
11417
11418
11419
11420
11421
11422
11423
11424
11425
11426
11427
11428
11429
11430
11431
11432
11433
11434
11435
11436
11437
11438
11439
11440
11441
11442
11443
11444
11445
11446
11447
11448
11449
11450
11451
11452
11453
11454
11455
11456
11457
11458
11459
11460
11461
11462
11463
11464
11465
11466
11467
11468
11469
11470
11471
11472
11473
11474
11475
11476
11477
11478
11479
11480
11481
11482
11483
11484
11485
11486
11487
11488
11489
11490
11491
11492
11493
11494
11495
11496
11497
11498
11499
11500
11501
11502
11503
11504
11505
11506
11507
11508
11509
11510
11511
11512
11513
11514
11515
11516
11517
11518
11519
11520
11521
11522
11523
11524
11525
11526
11527
11528
11529
11530
11531
11532
11533
11534
11535
11536
11537
11538
11539
11540
11541
11542
11543
11544
11545
11546
11547
11548
11549
11550
11551
11552
11553
11554
11555
11556
11557
11558
11559
11560
11561
11562
11563
11564
11565
11566
11567
11568
11569
11570
11571
11572
11573
11574
11575
11576
11577
11578
11579
11580
11581
11582
11583
11584
11585
11586
11587
11588
11589
11590
11591
11592
11593
11594
11595
11596
11597
11598
11599
11600
11601
11602
11603
11604
11605
11606
11607
11608
11609
11610
11611
11612
11613
11614
11615
11616
11617
11618
11619
11620
11621
11622
11623
11624
11625
11626
11627
11628
11629
11630
11631
11632
11633
11634
11635
11636
11637
11638
11639
11640
11641
11642
11643
11644
11645
11646
11647
11648
11649
11650
11651
11652
11653
11654
11655
11656
11657
11658
11659
11660
11661
11662
11663
11664
11665
11666
11667
11668
11669
11670
11671
11672
11673
11674
11675
11676
11677
11678
11679
11680
11681
11682
11683
11684
11685
11686
11687
11688
11689
11690
11691
11692
11693
11694
11695
11696
11697
11698
11699
11700
11701
11702
11703
11704
11705
11706
11707
11708
11709
11710
11711
11712
11713
11714
11715
11716
11717
11718
11719
11720
11721
11722
11723
11724
11725
11726
11727
11728
11729
11730
11731
11732
11733
11734
11735
11736
11737
11738
11739
11740
11741
11742
11743
11744
11745
11746
11747
11748
11749
11750
11751
11752
11753
11754
11755
11756
11757
11758
11759
11760
11761
11762
11763
11764
11765
11766
11767
11768
11769
11770
11771
11772
11773
11774
11775
11776
11777
11778
11779
11780
11781
11782
11783
11784
11785
11786
11787
11788
11789
11790
11791
11792
11793
11794
11795
11796
11797
11798
11799
11800
11801
11802
11803
11804
11805
11806
11807
11808
11809
11810
11811
11812
11813
11814
11815
11816
11817
11818
11819
11820
11821
11822
11823
11824
11825
11826
11827
11828
11829
11830
11831
11832
11833
11834
11835
11836
11837
11838
11839
11840
11841
11842
11843
11844
11845
11846
11847
11848
11849
11850
11851
11852
11853
11854
11855
11856
11857
11858
11859
11860
11861
11862
11863
11864
11865
11866
11867
11868
11869
11870
11871
11872
11873
11874
11875
11876
11877
11878
11879
11880
11881
11882
11883
11884
11885
11886
11887
11888
11889
11890
11891
11892
11893
11894
11895
11896
11897
11898
11899
11900
11901
11902
11903
11904
11905
11906
11907
11908
11909
11910
11911
11912
11913
11914
11915
11916
11917
11918
11919
11920
11921
11922
11923
11924
11925
11926
11927
11928
11929
11930
11931
11932
11933
11934
11935
11936
11937
11938
11939
11940
11941
11942
11943
11944
11945
11946
11947
11948
11949
11950
11951
11952
11953
11954
11955
11956
11957
11958
11959
11960
11961
11962
11963
11964
11965
11966
11967
11968
11969
11970
11971
11972
11973
11974
11975
11976
11977
11978
11979
11980
11981
11982
11983
11984
11985
11986
11987
11988
11989
11990
11991
11992
11993
11994
11995
11996
11997
11998
11999
12000
12001
12002
12003
12004
12005
12006
12007
12008
12009
12010
12011
12012
12013
12014
12015
12016
12017
12018
12019
12020
12021
12022
12023
12024
12025
12026
12027
12028
12029
12030
12031
12032
12033
12034
12035
12036
12037
12038
12039
12040
12041
12042
12043
12044
12045
12046
12047
12048
12049
12050
12051
12052
12053
12054
12055
12056
12057
12058
12059
12060
12061
12062
12063
12064
12065
12066
12067
12068
12069
12070
12071
12072
12073
12074
12075
12076
12077
12078
12079
12080
12081
12082
12083
12084
12085
12086
12087
12088
12089
12090
12091
12092
12093
12094
12095
12096
12097
12098
12099
12100
12101
12102
12103
12104
12105
12106
12107
12108
12109
12110
12111
12112
12113
12114
12115
12116
12117
12118
12119
12120
12121
12122
12123
12124
12125
12126
12127
12128
12129
12130
12131
12132
12133
12134
12135
12136
12137
12138
12139
12140
12141
12142
12143
12144
12145
12146
12147
12148
12149
12150
12151
12152
12153
12154
12155
12156
12157
12158
12159
12160
12161
12162
12163
12164
12165
12166
12167
12168
12169
12170
12171
12172
12173
12174
12175
12176
12177
12178
12179
12180
12181
12182
12183
12184
12185
12186
12187
12188
12189
12190
12191
12192
12193
12194
12195
12196
12197
12198
12199
12200
12201
12202
12203
12204
12205
12206
12207
12208
12209
12210
12211
12212
12213
12214
12215
12216
12217
12218
12219
12220
12221
12222
12223
12224
12225
12226
12227
12228
12229
12230
12231
12232
12233
12234
12235
12236
12237
12238
12239
12240
12241
12242
12243
12244
12245
12246
12247
12248
12249
12250
12251
12252
12253
12254
12255
12256
12257
12258
12259
12260
12261
12262
12263
12264
12265
12266
12267
12268
12269
12270
12271
12272
12273
12274
12275
12276
12277
12278
12279
12280
12281
12282
12283
12284
12285
12286
12287
12288
12289
12290
12291
12292
12293
12294
12295
12296
12297
12298
12299
12300
12301
12302
12303
12304
12305
12306
12307
12308
12309
12310
12311
12312
12313
12314
12315
12316
12317
12318
12319
12320
12321
12322
12323
12324
12325
12326
12327
12328
12329
12330
12331
12332
12333
12334
12335
12336
12337
12338
12339
12340
12341
12342
12343
12344
12345
12346
12347
12348
12349
12350
12351
12352
12353
12354
12355
12356
12357
12358
12359
12360
12361
12362
12363
12364
12365
12366
12367
12368
12369
12370
12371
12372
12373
12374
12375
12376
12377
12378
12379
12380
12381
12382
12383
12384
12385
12386
12387
12388
12389
12390
12391
12392
12393
12394
12395
12396
12397
12398
12399
12400
12401
12402
12403
12404
12405
12406
12407
12408
12409
12410
12411
12412
12413
12414
12415
12416
12417
12418
12419
12420
12421
12422
12423
12424
12425
12426
12427
12428
12429
12430
12431
12432
12433
12434
12435
12436
12437
12438
12439
12440
12441
12442
12443
12444
12445
12446
12447
12448
12449
12450
12451
12452
12453
12454
12455
12456
12457
12458
12459
12460
12461
12462
12463
12464
12465
12466
12467
12468
12469
12470
12471
12472
12473
12474
12475
12476
12477
12478
12479
12480
12481
12482
12483
12484
12485
12486
12487
12488
12489
12490
12491
12492
12493
12494
12495
12496
12497
12498
12499
12500
12501
12502
12503
12504
12505
12506
12507
12508
12509
12510
12511
12512
12513
12514
12515
12516
12517
12518
12519
12520
12521
12522
12523
12524
12525
12526
12527
12528
12529
12530
12531
12532
12533
12534
12535
12536
12537
12538
12539
12540
12541
12542
12543
12544
12545
12546
12547
12548
12549
12550
12551
12552
12553
12554
12555
12556
12557
12558
12559
12560
12561
12562
12563
12564
12565
12566
12567
12568
12569
12570
12571
12572
12573
12574
12575
12576
12577
12578
12579
12580
12581
12582
12583
12584
12585
12586
12587
12588
12589
12590
12591
12592
12593
12594
12595
12596
12597
12598
12599
12600
12601
12602
12603
12604
12605
12606
12607
12608
12609
12610
12611
12612
12613
12614
12615
12616
12617
12618
12619
12620
12621
12622
12623
12624
12625
12626
12627
12628
12629
12630
12631
12632
12633
12634
12635
12636
12637
12638
12639
12640
12641
12642
12643
12644
12645
12646
12647
12648
12649
12650
12651
12652
12653
12654
12655
12656
12657
12658
12659
12660
12661
12662
12663
12664
12665
12666
12667
12668
12669
12670
12671
12672
12673
12674
12675
12676
12677
12678
12679
12680
12681
12682
12683
12684
12685
12686
12687
12688
12689
12690
12691
12692
12693
12694
12695
12696
12697
12698
12699
12700
12701
12702
12703
12704
12705
12706
12707
12708
12709
12710
12711
12712
12713
12714
12715
12716
12717
12718
12719
12720
12721
12722
12723
12724
12725
12726
12727
12728
12729
12730
12731
12732
12733
12734
12735
12736
12737
12738
12739
12740
12741
12742
12743
12744
12745
12746
12747
12748
12749
12750
12751
12752
12753
12754
12755
12756
12757
12758
12759
12760
12761
12762
12763
12764
12765
12766
12767
12768
12769
12770
12771
12772
12773
12774
12775
12776
12777
12778
12779
12780
12781
12782
12783
12784
12785
12786
12787
12788
12789
12790
12791
12792
12793
12794
12795
12796
12797
12798
12799
12800
12801
12802
12803
12804
12805
12806
12807
12808
12809
12810
12811
12812
12813
12814
12815
12816
12817
12818
12819
12820
12821
12822
12823
12824
12825
12826
12827
12828
12829
12830
12831
12832
12833
12834
12835
12836
12837
12838
12839
12840
12841
12842
12843
12844
12845
12846
12847
12848
12849
12850
12851
12852
12853
12854
12855
12856
12857
12858
12859
12860
12861
12862
12863
12864
12865
12866
12867
12868
12869
12870
12871
12872
12873
12874
12875
12876
12877
12878
12879
12880
12881
12882
12883
12884
12885
12886
12887
12888
12889
12890
12891
12892
12893
12894
12895
12896
12897
12898
12899
12900
12901
12902
12903
12904
12905
12906
12907
12908
12909
12910
12911
12912
12913
12914
12915
12916
12917
12918
12919
12920
12921
12922
12923
12924
12925
12926
12927
12928
12929
12930
12931
12932
12933
12934
12935
12936
12937
12938
12939
12940
12941
12942
12943
12944
12945
12946
12947
12948
12949
12950
12951
12952
12953
12954
12955
12956
12957
12958
12959
12960
12961
12962
12963
12964
12965
12966
12967
12968
12969
12970
12971
12972
12973
12974
12975
12976
12977
12978
12979
12980
12981
12982
12983
12984
12985
12986
12987
12988
12989
12990
12991
12992
12993
12994
12995
12996
12997
12998
12999
13000
13001
13002
13003
13004
13005
13006
13007
13008
13009
13010
13011
13012
13013
13014
13015
13016
13017
13018
13019
13020
13021
13022
13023
13024
13025
13026
13027
13028
13029
13030
13031
13032
13033
13034
13035
13036
13037
13038
13039
13040
13041
13042
13043
13044
13045
13046
13047
13048
13049
13050
13051
13052
13053
13054
13055
13056
13057
13058
13059
13060
13061
13062
13063
13064
13065
13066
13067
13068
13069
13070
13071
13072
13073
13074
13075
13076
13077
13078
13079
13080
13081
13082
13083
13084
13085
13086
13087
13088
13089
13090
13091
13092
13093
13094
13095
13096
13097
13098
13099
13100
13101
13102
13103
13104
13105
13106
13107
13108
13109
13110
13111
13112
13113
13114
13115
13116
13117
13118
13119
13120
13121
13122
13123
13124
13125
13126
13127
13128
13129
13130
13131
13132
13133
13134
13135
13136
13137
13138
13139
13140
13141
13142
13143
13144
13145
13146
13147
13148
13149
13150
13151
13152
13153
13154
13155
13156
13157
13158
13159
13160
13161
13162
13163
13164
13165
13166
13167
13168
13169
13170
13171
13172
13173
13174
13175
13176
13177
13178
13179
13180
13181
13182
13183
13184
13185
13186
13187
13188
13189
13190
13191
13192
13193
13194
13195
13196
13197
13198
13199
13200
13201
13202
13203
13204
13205
13206
13207
13208
13209
13210
13211
13212
13213
13214
13215
13216
13217
13218
13219
13220
13221
13222
13223
13224
13225
13226
13227
13228
13229
13230
13231
13232
13233
13234
13235
13236
13237
13238
13239
13240
13241
13242
13243
13244
13245
13246
13247
13248
13249
13250
13251
13252
13253
13254
13255
13256
13257
13258
13259
13260
13261
13262
13263
13264
13265
13266
13267
13268
13269
13270
13271
13272
13273
13274
13275
13276
13277
13278
13279
13280
13281
13282
13283
13284
13285
13286
13287
13288
13289
13290
13291
13292
13293
13294
13295
13296
13297
13298
13299
13300
13301
13302
13303
13304
13305
13306
13307
13308
13309
13310
13311
13312
13313
13314
13315
13316
13317
13318
13319
13320
13321
13322
13323
13324
13325
13326
13327
13328
13329
13330
13331
13332
13333
13334
13335
13336
13337
13338
13339
13340
13341
13342
13343
13344
13345
13346
13347
13348
13349
13350
13351
13352
13353
13354
13355
13356
13357
13358
13359
13360
13361
13362
13363
13364
13365
13366
13367
13368
13369
13370
13371
13372
13373
13374
13375
13376
13377
13378
13379
13380
13381
13382
13383
13384
13385
13386
13387
13388
13389
13390
13391
13392
13393
13394
13395
13396
13397
13398
13399
13400
13401
13402
13403
13404
13405
13406
13407
13408
13409
13410
13411
13412
13413
13414
13415
13416
13417
13418
13419
13420
13421
13422
13423
13424
13425
13426
13427
13428
13429
13430
13431
13432
13433
13434
13435
13436
13437
13438
13439
13440
13441
13442
13443
13444
13445
13446
13447
13448
13449
13450
13451
13452
13453
13454
13455
13456
13457
13458
13459
13460
13461
13462
13463
13464
13465
13466
13467
13468
13469
13470
13471
13472
13473
13474
13475
13476
13477
13478
13479
13480
13481
13482
13483
13484
13485
13486
13487
13488
13489
13490
13491
13492
13493
13494
13495
13496
13497
13498
13499
13500
13501
13502
13503
13504
13505
13506
13507
13508
13509
13510
13511
13512
13513
13514
13515
13516
13517
13518
13519
13520
13521
13522
13523
13524
13525
13526
13527
13528
13529
13530
13531
13532
13533
13534
13535
13536
13537
13538
13539
13540
13541
13542
13543
13544
13545
13546
13547
13548
13549
13550
13551
13552
13553
13554
13555
13556
13557
13558
13559
13560
13561
13562
13563
13564
13565
13566
13567
13568
13569
13570
13571
13572
13573
13574
13575
13576
13577
13578
13579
13580
13581
13582
13583
13584
13585
13586
13587
13588
13589
13590
13591
13592
13593
13594
13595
13596
13597
13598
13599
13600
13601
13602
13603
13604
13605
13606
13607
13608
13609
13610
13611
13612
13613
13614
13615
13616
13617
13618
13619
13620
13621
13622
13623
13624
13625
13626
13627
13628
13629
13630
13631
13632
13633
13634
13635
13636
13637
13638
13639
13640
13641
13642
13643
13644
13645
13646
13647
13648
13649
13650
13651
13652
13653
13654
13655
13656
13657
13658
13659
13660
13661
13662
13663
13664
13665
13666
13667
13668
13669
13670
13671
13672
13673
13674
13675
13676
13677
13678
13679
13680
13681
13682
13683
13684
13685
13686
13687
13688
13689
13690
13691
13692
13693
13694
13695
13696
13697
13698
13699
13700
13701
13702
13703
13704
13705
13706
13707
13708
13709
13710
13711
13712
13713
13714
13715
13716
13717
13718
13719
13720
13721
13722
13723
13724
13725
13726
13727
13728
13729
13730
13731
13732
13733
13734
13735
13736
13737
13738
13739
13740
13741
13742
13743
13744
13745
13746
13747
13748
13749
13750
13751
13752
13753
13754
13755
13756
13757
13758
13759
13760
13761
13762
13763
13764
13765
13766
13767
13768
13769
13770
13771
13772
13773
13774
13775
13776
13777
13778
13779
13780
13781
13782
13783
13784
13785
13786
13787
13788
13789
13790
13791
13792
13793
13794
13795
13796
13797
13798
13799
13800
13801
13802
13803
13804
13805
13806
13807
13808
13809
13810
13811
13812
13813
13814
13815
13816
13817
13818
13819
13820
13821
13822
13823
13824
13825
13826
13827
13828
13829
13830
13831
13832
13833
13834
13835
13836
13837
13838
13839
13840
13841
13842
13843
13844
13845
13846
13847
13848
13849
13850
13851
13852
13853
13854
13855
13856
13857
13858
13859
13860
13861
13862
13863
13864
13865
13866
13867
13868
13869
13870
13871
13872
13873
13874
13875
13876
13877
13878
13879
13880
13881
13882
13883
13884
13885
13886
13887
13888
13889
13890
13891
13892
13893
13894
13895
13896
13897
13898
13899
13900
13901
13902
13903
13904
13905
13906
13907
13908
13909
13910
13911
13912
13913
13914
13915
13916
13917
13918
13919
13920
13921
13922
13923
13924
13925
13926
13927
13928
13929
13930
13931
13932
13933
13934
13935
13936
13937
13938
13939
13940
13941
13942
13943
13944
13945
13946
13947
13948
13949
13950
13951
13952
13953
13954
13955
13956
13957
13958
13959
13960
13961
13962
13963
13964
13965
13966
13967
13968
13969
13970
13971
13972
13973
13974
13975
13976
13977
13978
13979
13980
13981
13982
13983
13984
13985
13986
13987
13988
13989
13990
13991
13992
13993
13994
13995
13996
13997
13998
13999
14000
14001
14002
14003
14004
14005
14006
14007
14008
14009
14010
14011
14012
14013
14014
14015
14016
14017
14018
14019
14020
14021
14022
14023
14024
14025
14026
14027
14028
14029
14030
14031
14032
14033
14034
14035
14036
14037
14038
14039
14040
14041
14042
14043
14044
14045
14046
14047
14048
14049
14050
14051
14052
14053
14054
14055
14056
14057
14058
14059
14060
14061
14062
14063
14064
14065
14066
14067
14068
14069
14070
14071
14072
14073
14074
14075
14076
14077
14078
14079
14080
14081
14082
14083
14084
14085
14086
14087
14088
14089
14090
14091
14092
14093
14094
14095
14096
14097
14098
14099
14100
14101
14102
14103
14104
14105
14106
14107
14108
14109
14110
14111
14112
14113
14114
14115
14116
14117
14118
14119
14120
14121
14122
14123
14124
14125
14126
14127
14128
14129
14130
14131
14132
14133
14134
14135
14136
14137
14138
14139
14140
14141
14142
14143
14144
14145
14146
14147
14148
14149
14150
14151
14152
14153
14154
14155
14156
14157
14158
14159
14160
14161
14162
14163
14164
14165
14166
14167
14168
14169
14170
14171
14172
14173
14174
14175
14176
14177
14178
14179
14180
14181
14182
14183
14184
14185
14186
14187
14188
14189
14190
14191
14192
14193
14194
14195
14196
14197
14198
14199
14200
14201
14202
14203
14204
14205
14206
14207
14208
14209
14210
14211
14212
14213
14214
14215
14216
14217
14218
14219
14220
14221
14222
14223
14224
14225
14226
14227
14228
14229
14230
14231
14232
14233
14234
14235
14236
14237
14238
14239
14240
14241
14242
14243
14244
14245
14246
14247
14248
14249
14250
14251
14252
14253
14254
14255
14256
14257
14258
14259
14260
14261
14262
14263
14264
14265
14266
14267
14268
14269
14270
14271
14272
14273
14274
14275
14276
14277
14278
14279
14280
14281
14282
14283
14284
14285
14286
14287
14288
14289
14290
14291
14292
14293
14294
14295
14296
14297
14298
14299
14300
14301
14302
14303
14304
14305
14306
14307
14308
14309
14310
14311
14312
14313
14314
14315
14316
14317
14318
14319
14320
14321
14322
14323
14324
14325
14326
14327
14328
14329
14330
14331
14332
14333
14334
14335
14336
14337
14338
14339
14340
14341
14342
14343
14344
14345
14346
14347
14348
14349
14350
14351
14352
14353
14354
14355
14356
14357
14358
14359
14360
14361
14362
14363
14364
14365
14366
14367
14368
14369
14370
14371
14372
14373
14374
14375
14376
14377
14378
14379
14380
14381
14382
14383
14384
14385
14386
14387
14388
14389
14390
14391
14392
14393
14394
14395
14396
14397
14398
14399
14400
14401
14402
14403
14404
14405
14406
14407
14408
14409
14410
14411
14412
14413
14414
14415
14416
14417
14418
14419
14420
14421
14422
14423
14424
14425
14426
14427
14428
14429
14430
14431
14432
14433
14434
14435
14436
14437
14438
14439
14440
14441
14442
14443
14444
14445
14446
14447
14448
14449
14450
14451
14452
14453
14454
14455
14456
14457
14458
14459
14460
14461
14462
14463
14464
14465
14466
14467
14468
14469
14470
14471
14472
14473
14474
14475
14476
14477
14478
14479
14480
14481
14482
14483
14484
14485
14486
14487
14488
14489
14490
14491
14492
14493
14494
14495
14496
14497
14498
14499
14500
14501
14502
14503
14504
14505
14506
14507
14508
14509
14510
14511
14512
14513
14514
14515
14516
14517
14518
14519
14520
14521
14522
14523
14524
14525
14526
14527
14528
14529
14530
14531
14532
14533
14534
14535
14536
14537
14538
14539
14540
14541
14542
14543
14544
14545
14546
14547
14548
14549
14550
14551
14552
14553
14554
14555
14556
14557
14558
14559
14560
14561
14562
14563
14564
14565
14566
14567
14568
14569
14570
14571
14572
14573
14574
14575
14576
14577
14578
14579
14580
14581
14582
14583
14584
14585
14586
14587
14588
14589
14590
14591
14592
14593
14594
14595
14596
14597
14598
14599
14600
14601
14602
14603
14604
14605
14606
14607
14608
14609
14610
14611
14612
14613
14614
14615
14616
14617
14618
14619
14620
14621
14622
14623
14624
14625
14626
14627
14628
14629
14630
14631
14632
14633
14634
14635
14636
14637
14638
14639
14640
14641
14642
14643
14644
14645
14646
14647
14648
14649
14650
14651
14652
14653
14654
14655
14656
14657
14658
14659
14660
14661
14662
14663
14664
14665
14666
14667
14668
14669
14670
14671
14672
14673
14674
14675
14676
14677
14678
14679
14680
14681
14682
14683
14684
14685
14686
14687
14688
14689
14690
14691
14692
14693
14694
14695
14696
14697
14698
14699
14700
14701
14702
14703
14704
14705
14706
14707
14708
14709
14710
14711
14712
14713
14714
14715
14716
14717
14718
14719
14720
14721
14722
14723
14724
14725
14726
14727
14728
14729
14730
14731
14732
14733
14734
14735
14736
14737
14738
14739
14740
14741
14742
14743
14744
14745
14746
14747
14748
14749
14750
14751
14752
14753
14754
14755
14756
14757
14758
14759
14760
14761
14762
14763
14764
14765
14766
14767
14768
14769
14770
14771
14772
14773
14774
14775
14776
14777
14778
14779
14780
14781
14782
14783
14784
14785
14786
14787
14788
14789
14790
14791
14792
14793
14794
14795
14796
14797
14798
14799
14800
14801
14802
14803
14804
14805
14806
14807
14808
14809
14810
14811
14812
14813
14814
14815
14816
14817
14818
14819
14820
14821
14822
14823
14824
14825
14826
14827
14828
14829
14830
14831
14832
14833
14834
14835
14836
14837
14838
14839
14840
14841
14842
14843
14844
14845
14846
14847
14848
14849
14850
14851
14852
14853
14854
14855
14856
14857
14858
14859
14860
14861
14862
14863
14864
14865
14866
14867
14868
14869
14870
14871
14872
14873
14874
14875
14876
14877
14878
14879
14880
14881
14882
14883
14884
14885
14886
14887
14888
14889
14890
14891
14892
14893
14894
14895
14896
14897
14898
14899
14900
14901
14902
14903
14904
14905
14906
14907
14908
14909
14910
14911
14912
14913
14914
14915
14916
14917
14918
14919
14920
14921
14922
14923
14924
14925
14926
14927
14928
14929
14930
14931
14932
14933
14934
14935
14936
14937
14938
14939
14940
14941
14942
14943
14944
14945
14946
14947
14948
14949
14950
14951
14952
14953
14954
14955
14956
14957
14958
14959
14960
14961
14962
14963
14964
14965
14966
14967
14968
14969
14970
14971
14972
14973
14974
14975
14976
14977
14978
14979
14980
14981
14982
14983
14984
14985
14986
14987
14988
14989
14990
14991
14992
14993
14994
14995
14996
14997
14998
14999
15000
15001
15002
15003
15004
15005
15006
15007
15008
15009
15010
15011
15012
15013
15014
15015
15016
15017
15018
15019
15020
15021
15022
15023
15024
15025
15026
15027
15028
15029
15030
15031
15032
15033
15034
15035
15036
15037
15038
15039
15040
15041
15042
15043
15044
15045
15046
15047
15048
15049
15050
15051
15052
15053
15054
15055
15056
15057
15058
15059
15060
15061
15062
15063
15064
15065
15066
15067
15068
15069
15070
15071
15072
15073
15074
15075
15076
15077
15078
15079
15080
15081
15082
15083
15084
15085
15086
15087
15088
15089
15090
15091
15092
15093
15094
15095
15096
15097
15098
15099
15100
15101
15102
15103
15104
15105
15106
15107
15108
15109
15110
15111
15112
15113
15114
15115
15116
15117
15118
15119
15120
15121
15122
15123
15124
15125
15126
15127
15128
15129
15130
15131
15132
15133
15134
15135
15136
15137
15138
15139
15140
15141
15142
15143
15144
15145
15146
15147
15148
15149
15150
15151
15152
15153
15154
15155
15156
15157
15158
15159
15160
15161
15162
15163
15164
15165
15166
15167
15168
15169
15170
15171
15172
15173
15174
15175
15176
15177
15178
15179
15180
15181
15182
15183
15184
15185
15186
15187
15188
15189
15190
15191
15192
15193
15194
15195
15196
15197
15198
15199
15200
15201
15202
15203
15204
15205
15206
15207
15208
15209
15210
15211
15212
15213
15214
15215
15216
15217
15218
15219
15220
15221
15222
15223
15224
15225
15226
15227
15228
15229
15230
15231
15232
15233
15234
15235
15236
15237
15238
15239
15240
15241
15242
15243
15244
15245
15246
15247
15248
15249
15250
15251
15252
15253
15254
15255
15256
15257
15258
15259
15260
15261
15262
15263
15264
15265
15266
15267
15268
15269
15270
15271
15272
15273
15274
15275
15276
15277
15278
15279
15280
15281
15282
15283
15284
15285
15286
15287
15288
15289
15290
15291
15292
15293
15294
15295
15296
15297
15298
15299
15300
15301
15302
15303
15304
15305
15306
15307
15308
15309
15310
15311
15312
15313
15314
15315
15316
15317
15318
15319
15320
15321
15322
15323
15324
15325
15326
15327
15328
15329
15330
15331
15332
15333
15334
15335
15336
15337
15338
15339
15340
15341
15342
15343
15344
15345
15346
15347
15348
15349
15350
15351
15352
15353
15354
15355
15356
15357
15358
15359
15360
15361
15362
15363
15364
15365
15366
15367
15368
15369
15370
15371
15372
15373
15374
15375
15376
15377
15378
15379
15380
15381
15382
15383
15384
15385
15386
15387
15388
15389
15390
15391
15392
15393
15394
15395
15396
15397
15398
15399
15400
15401
15402
15403
15404
15405
15406
15407
15408
15409
15410
15411
15412
15413
15414
15415
15416
15417
15418
15419
15420
15421
15422
15423
15424
15425
15426
15427
15428
15429
15430
15431
15432
15433
15434
15435
15436
15437
15438
15439
15440
15441
15442
15443
15444
15445
15446
15447
15448
15449
15450
15451
15452
15453
15454
15455
15456
15457
15458
15459
15460
15461
15462
15463
15464
15465
15466
15467
15468
15469
15470
15471
15472
15473
15474
15475
15476
15477
15478
15479
15480
15481
15482
15483
15484
15485
15486
15487
15488
15489
15490
15491
15492
15493
15494
15495
15496
15497
15498
15499
15500
15501
15502
15503
15504
15505
15506
15507
15508
15509
15510
15511
15512
15513
15514
15515
15516
15517
15518
15519
15520
15521
15522
15523
15524
15525
15526
15527
15528
15529
15530
15531
15532
15533
15534
15535
15536
15537
15538
15539
15540
15541
15542
15543
15544
15545
15546
15547
15548
15549
15550
15551
15552
15553
15554
15555
15556
15557
15558
15559
15560
15561
15562
15563
15564
15565
15566
15567
15568
15569
15570
15571
15572
15573
15574
15575
15576
15577
15578
15579
15580
15581
15582
15583
15584
15585
15586
15587
15588
15589
15590
15591
15592
15593
15594
15595
15596
15597
15598
15599
15600
15601
15602
15603
15604
15605
15606
15607
15608
15609
15610
15611
15612
15613
15614
15615
15616
15617
15618
15619
15620
15621
15622
15623
15624
15625
15626
15627
15628
15629
15630
15631
15632
15633
15634
15635
15636
15637
15638
15639
15640
15641
15642
15643
15644
15645
15646
15647
15648
15649
15650
15651
15652
15653
15654
15655
15656
15657
15658
15659
15660
15661
15662
15663
15664
15665
15666
15667
15668
15669
15670
15671
15672
15673
15674
15675
15676
15677
15678
15679
15680
15681
15682
15683
15684
15685
15686
15687
15688
15689
15690
15691
15692
15693
15694
15695
15696
15697
15698
15699
15700
15701
15702
15703
15704
15705
15706
15707
15708
15709
15710
15711
15712
15713
15714
15715
15716
15717
15718
15719
15720
15721
15722
15723
15724
15725
15726
15727
15728
15729
15730
15731
15732
15733
15734
15735
15736
15737
15738
15739
15740
15741
15742
15743
15744
15745
15746
15747
15748
15749
15750
15751
15752
15753
15754
15755
15756
15757
15758
15759
15760
15761
15762
15763
15764
15765
15766
15767
15768
15769
15770
15771
15772
15773
15774
15775
15776
15777
15778
15779
15780
15781
15782
15783
15784
15785
15786
15787
15788
15789
15790
15791
15792
15793
15794
15795
15796
15797
15798
15799
15800
15801
15802
15803
15804
15805
15806
15807
15808
15809
15810
15811
15812
15813
15814
15815
15816
15817
15818
15819
15820
15821
15822
15823
15824
15825
15826
15827
15828
15829
15830
15831
15832
15833
15834
15835
15836
15837
15838
15839
15840
15841
15842
15843
15844
15845
15846
15847
15848
15849
15850
15851
15852
15853
15854
15855
15856
15857
15858
15859
15860
15861
15862
15863
15864
15865
15866
15867
15868
15869
15870
15871
15872
15873
15874
15875
15876
15877
15878
15879
15880
15881
15882
15883
15884
15885
15886
15887
15888
15889
15890
15891
15892
15893
15894
15895
15896
15897
15898
15899
15900
15901
15902
15903
15904
15905
15906
15907
15908
15909
15910
15911
15912
15913
15914
15915
15916
15917
15918
15919
15920
15921
15922
15923
15924
15925
15926
15927
15928
15929
15930
15931
15932
15933
15934
15935
15936
15937
15938
15939
15940
15941
15942
15943
15944
15945
15946
15947
15948
15949
15950
15951
15952
15953
15954
15955
15956
15957
15958
15959
15960
15961
15962
15963
15964
15965
15966
15967
15968
15969
15970
15971
15972
15973
15974
15975
15976
15977
15978
15979
15980
15981
15982
15983
15984
15985
15986
15987
15988
15989
15990
15991
15992
15993
15994
15995
15996
15997
15998
15999
16000
16001
16002
16003
16004
16005
16006
16007
16008
16009
16010
16011
16012
16013
16014
16015
16016
16017
16018
16019
16020
16021
16022
16023
16024
16025
16026
16027
16028
16029
16030
16031
16032
16033
16034
16035
16036
16037
16038
16039
16040
16041
16042
16043
16044
16045
16046
16047
16048
16049
16050
16051
16052
16053
16054
16055
16056
16057
16058
16059
16060
16061
16062
16063
16064
16065
16066
16067
16068
16069
16070
16071
16072
16073
16074
16075
16076
16077
16078
16079
16080
16081
16082
16083
16084
16085
16086
16087
16088
16089
16090
16091
16092
16093
16094
16095
16096
16097
16098
16099
16100
16101
16102
16103
16104
16105
16106
16107
16108
16109
16110
16111
16112
16113
16114
16115
16116
16117
16118
16119
16120
16121
16122
16123
16124
16125
16126
16127
16128
16129
16130
16131
16132
16133
16134
16135
16136
16137
16138
16139
16140
16141
16142
16143
16144
16145
16146
16147
16148
16149
16150
16151
16152
16153
16154
16155
16156
16157
16158
16159
16160
16161
16162
16163
16164
16165
16166
16167
16168
16169
16170
16171
16172
16173
16174
16175
16176
16177
16178
16179
16180
16181
16182
16183
16184
16185
16186
16187
16188
16189
16190
16191
16192
16193
16194
16195
16196
16197
16198
16199
16200
16201
16202
16203
16204
16205
16206
16207
16208
16209
16210
16211
16212
16213
16214
16215
16216
16217
16218
16219
16220
16221
16222
16223
16224
16225
16226
16227
16228
16229
16230
16231
16232
16233
16234
16235
16236
16237
16238
16239
16240
16241
16242
16243
16244
16245
16246
16247
16248
16249
16250
16251
16252
16253
16254
16255
16256
16257
16258
16259
16260
16261
16262
16263
16264
16265
16266
16267
16268
16269
16270
16271
16272
16273
16274
16275
16276
16277
16278
16279
16280
16281
16282
16283
16284
16285
16286
16287
16288
16289
16290
16291
16292
16293
16294
16295
16296
16297
16298
16299
16300
16301
16302
16303
16304
16305
16306
16307
16308
16309
16310
16311
16312
16313
16314
16315
16316
16317
16318
16319
16320
16321
16322
16323
16324
16325
16326
16327
16328
16329
16330
16331
16332
16333
16334
16335
16336
16337
16338
16339
16340
16341
16342
16343
16344
16345
16346
16347
16348
16349
16350
16351
16352
16353
16354
16355
16356
16357
16358
16359
16360
16361
16362
16363
16364
16365
16366
16367
16368
16369
16370
16371
16372
16373
16374
16375
16376
16377
16378
16379
16380
16381
16382
16383
16384
16385
16386
16387
16388
16389
16390
16391
16392
16393
16394
16395
16396
16397
16398
16399
16400
16401
16402
16403
16404
16405
16406
16407
16408
16409
16410
16411
16412
16413
16414
16415
16416
16417
16418
16419
16420
16421
16422
16423
16424
16425
16426
16427
16428
16429
16430
16431
16432
16433
16434
16435
16436
16437
16438
16439
16440
16441
16442
16443
16444
16445
16446
16447
16448
16449
16450
16451
16452
16453
16454
16455
16456
16457
16458
16459
16460
16461
16462
16463
16464
16465
16466
16467
16468
16469
16470
16471
16472
16473
16474
16475
16476
16477
16478
16479
16480
16481
16482
16483
16484
16485
16486
16487
16488
16489
16490
16491
16492
16493
16494
16495
16496
16497
16498
16499
16500
16501
16502
16503
16504
16505
16506
16507
16508
16509
16510
16511
16512
16513
16514
16515
16516
16517
16518
16519
16520
16521
16522
16523
16524
16525
16526
16527
16528
16529
16530
16531
16532
16533
16534
16535
16536
16537
16538
16539
16540
16541
16542
16543
16544
16545
16546
16547
16548
16549
16550
16551
16552
16553
16554
16555
16556
16557
16558
16559
16560
16561
16562
16563
16564
16565
16566
16567
16568
16569
16570
16571
16572
16573
16574
16575
16576
16577
16578
16579
16580
16581
16582
16583
16584
16585
16586
16587
16588
16589
16590
16591
16592
16593
16594
16595
16596
16597
16598
16599
16600
16601
16602
16603
16604
16605
16606
16607
16608
16609
16610
16611
16612
16613
16614
16615
16616
16617
16618
16619
16620
16621
16622
16623
16624
16625
16626
16627
16628
16629
16630
16631
16632
16633
16634
16635
16636
16637
16638
16639
16640
16641
16642
16643
16644
16645
16646
16647
16648
16649
16650
16651
16652
16653
16654
16655
16656
16657
16658
16659
16660
16661
16662
16663
16664
16665
16666
16667
16668
16669
16670
16671
16672
16673
16674
16675
16676
16677
16678
16679
16680
16681
16682
16683
16684
16685
16686
16687
16688
16689
16690
16691
16692
16693
16694
16695
16696
16697
16698
16699
16700
16701
16702
16703
16704
16705
16706
16707
16708
16709
16710
16711
16712
16713
16714
16715
16716
16717
16718
16719
16720
16721
16722
16723
16724
16725
16726
16727
16728
16729
16730
16731
16732
16733
16734
16735
16736
16737
16738
16739
16740
16741
16742
16743
16744
16745
16746
16747
16748
16749
16750
16751
16752
16753
16754
16755
16756
16757
16758
16759
16760
16761
16762
16763
16764
16765
16766
16767
16768
16769
16770
16771
16772
16773
16774
16775
16776
16777
16778
16779
16780
16781
16782
16783
16784
16785
16786
16787
16788
16789
16790
16791
16792
16793
16794
16795
16796
16797
16798
16799
16800
16801
16802
16803
16804
16805
16806
16807
16808
16809
16810
16811
16812
16813
16814
16815
16816
16817
16818
16819
16820
16821
16822
16823
16824
16825
16826
16827
16828
16829
16830
16831
16832
16833
16834
16835
16836
16837
16838
16839
16840
16841
16842
16843
16844
16845
16846
16847
16848
16849
16850
16851
16852
16853
16854
16855
16856
16857
16858
16859
16860
16861
16862
16863
16864
16865
16866
16867
16868
16869
16870
16871
16872
16873
16874
16875
16876
16877
16878
16879
16880
16881
16882
16883
16884
16885
16886
16887
16888
16889
16890
16891
16892
16893
16894
16895
16896
16897
16898
16899
16900
16901
16902
16903
16904
16905
16906
16907
16908
16909
16910
16911
16912
16913
16914
16915
16916
16917
16918
16919
16920
16921
16922
16923
16924
16925
16926
16927
16928
16929
16930
16931
16932
16933
16934
16935
16936
16937
16938
16939
16940
16941
16942
16943
16944
16945
16946
16947
16948
16949
16950
16951
16952
16953
16954
16955
16956
16957
16958
16959
16960
16961
16962
16963
16964
16965
16966
16967
16968
16969
16970
16971
16972
16973
16974
16975
16976
16977
16978
16979
16980
16981
16982
16983
16984
16985
16986
16987
16988
16989
16990
16991
16992
16993
16994
16995
16996
16997
16998
16999
17000
17001
17002
17003
17004
17005
17006
17007
17008
17009
17010
17011
17012
17013
17014
17015
17016
17017
17018
17019
17020
17021
17022
17023
17024
17025
17026
17027
17028
17029
17030
17031
17032
17033
17034
17035
17036
17037
17038
17039
17040
17041
17042
17043
17044
17045
17046
17047
17048
17049
17050
17051
17052
17053
17054
17055
17056
17057
17058
17059
17060
17061
17062
17063
17064
17065
17066
17067
17068
17069
17070
17071
17072
17073
17074
17075
17076
17077
17078
17079
17080
17081
17082
17083
17084
17085
17086
17087
17088
17089
17090
17091
17092
17093
17094
17095
17096
17097
17098
17099
17100
17101
17102
17103
17104
17105
17106
17107
17108
17109
17110
17111
17112
17113
17114
17115
17116
17117
17118
17119
17120
17121
17122
17123
17124
17125
17126
17127
17128
17129
17130
17131
17132
17133
17134
17135
17136
17137
17138
17139
17140
17141
17142
17143
17144
17145
17146
17147
17148
17149
17150
17151
17152
17153
17154
17155
17156
17157
17158
17159
17160
17161
17162
17163
17164
17165
17166
17167
17168
17169
17170
17171
17172
17173
17174
17175
17176
17177
17178
17179
17180
17181
17182
17183
17184
17185
17186
17187
17188
17189
17190
17191
17192
17193
17194
17195
17196
17197
17198
17199
17200
17201
17202
17203
17204
17205
17206
17207
17208
17209
17210
17211
17212
17213
17214
17215
17216
17217
17218
17219
17220
17221
17222
17223
17224
17225
17226
17227
17228
17229
17230
17231
17232
17233
17234
17235
17236
17237
17238
17239
17240
17241
17242
17243
17244
17245
17246
17247
17248
17249
17250
17251
17252
17253
17254
17255
17256
17257
17258
17259
17260
17261
17262
17263
17264
17265
17266
17267
17268
17269
17270
17271
17272
17273
17274
17275
17276
17277
17278
17279
17280
17281
17282
17283
17284
17285
17286
17287
17288
17289
17290
17291
17292
17293
17294
17295
17296
17297
17298
17299
17300
17301
17302
17303
17304
17305
17306
17307
17308
17309
17310
17311
17312
17313
17314
17315
17316
17317
17318
17319
17320
17321
17322
17323
17324
17325
17326
17327
17328
17329
17330
17331
17332
17333
17334
17335
17336
17337
17338
17339
17340
17341
17342
17343
17344
17345
17346
17347
17348
17349
17350
17351
17352
17353
17354
17355
17356
17357
17358
17359
17360
17361
17362
17363
17364
17365
17366
17367
17368
17369
17370
17371
17372
17373
17374
17375
17376
17377
17378
17379
17380
17381
17382
17383
17384
17385
17386
17387
17388
17389
17390
17391
17392
17393
17394
17395
17396
17397
17398
17399
17400
17401
17402
17403
17404
17405
17406
17407
17408
17409
17410
17411
17412
17413
17414
17415
17416
17417
17418
17419
17420
17421
17422
17423
17424
17425
17426
17427
17428
17429
17430
17431
17432
17433
17434
17435
17436
17437
17438
17439
17440
17441
17442
17443
17444
17445
17446
17447
17448
17449
17450
17451
17452
17453
17454
17455
17456
17457
17458
17459
17460
17461
17462
17463
17464
17465
17466
17467
17468
17469
17470
17471
17472
17473
17474
17475
17476
17477
17478
17479
17480
17481
17482
17483
17484
17485
17486
17487
17488
17489
17490
17491
17492
17493
17494
17495
17496
17497
17498
17499
17500
17501
17502
17503
17504
17505
17506
17507
17508
17509
17510
17511
17512
17513
17514
17515
17516
17517
17518
17519
17520
17521
17522
17523
17524
17525
17526
17527
17528
17529
17530
17531
17532
17533
17534
17535
17536
17537
17538
17539
17540
17541
17542
17543
17544
17545
17546
17547
17548
17549
17550
17551
17552
17553
17554
17555
17556
17557
17558
17559
17560
17561
17562
17563
17564
17565
17566
17567
17568
17569
17570
17571
17572
17573
17574
17575
17576
17577
17578
17579
17580
17581
17582
17583
17584
17585
17586
17587
17588
17589
17590
17591
17592
17593
17594
17595
17596
17597
17598
17599
17600
17601
17602
17603
17604
17605
17606
17607
17608
17609
17610
17611
17612
17613
17614
17615
17616
17617
17618
17619
17620
17621
17622
17623
17624
17625
17626
17627
17628
17629
17630
17631
17632
17633
17634
17635
17636
17637
17638
17639
17640
17641
17642
17643
17644
17645
17646
17647
17648
17649
17650
17651
17652
17653
17654
17655
17656
17657
17658
17659
17660
17661
17662
17663
17664
17665
17666
17667
17668
17669
17670
17671
17672
17673
17674
17675
17676
17677
17678
17679
17680
17681
17682
17683
17684
17685
17686
17687
17688
17689
17690
17691
17692
17693
17694
17695
17696
17697
17698
17699
17700
17701
17702
17703
17704
17705
17706
17707
17708
17709
17710
17711
17712
17713
17714
17715
17716
17717
17718
17719
17720
17721
17722
17723
17724
17725
17726
17727
17728
17729
17730
17731
17732
17733
17734
17735
17736
17737
17738
17739
17740
17741
17742
17743
17744
17745
17746
17747
17748
17749
17750
17751
17752
17753
17754
17755
17756
17757
17758
17759
17760
17761
17762
17763
17764
17765
17766
17767
17768
17769
17770
17771
17772
17773
17774
17775
17776
17777
17778
17779
17780
17781
17782
17783
17784
17785
17786
17787
17788
17789
17790
17791
17792
17793
17794
17795
17796
17797
17798
17799
17800
17801
17802
17803
17804
17805
17806
17807
17808
17809
17810
17811
17812
17813
17814
17815
17816
17817
17818
17819
17820
17821
17822
17823
17824
17825
17826
17827
17828
17829
17830
17831
17832
17833
17834
17835
17836
17837
17838
17839
17840
17841
17842
17843
17844
17845
17846
17847
17848
17849
17850
17851
17852
17853
17854
17855
17856
17857
17858
17859
17860
17861
17862
17863
17864
17865
17866
17867
17868
17869
17870
17871
17872
17873
17874
17875
17876
17877
17878
17879
17880
17881
17882
17883
17884
17885
17886
17887
17888
17889
17890
17891
17892
17893
17894
17895
17896
17897
17898
17899
17900
17901
17902
17903
17904
17905
17906
17907
17908
17909
17910
17911
17912
17913
17914
17915
17916
17917
17918
17919
17920
17921
17922
17923
17924
17925
17926
17927
17928
17929
17930
17931
17932
17933
17934
17935
17936
17937
17938
17939
17940
17941
17942
17943
17944
17945
17946
17947
17948
17949
17950
17951
17952
17953
17954
17955
17956
17957
17958
17959
17960
17961
17962
17963
17964
17965
17966
17967
17968
17969
17970
17971
17972
17973
17974
17975
17976
17977
17978
17979
17980
17981
17982
17983
17984
17985
17986
17987
17988
17989
17990
17991
17992
17993
17994
17995
17996
17997
17998
17999
18000
18001
18002
18003
18004
18005
18006
18007
18008
18009
18010
18011
18012
18013
18014
18015
18016
18017
18018
18019
18020
18021
18022
18023
18024
18025
18026
18027
18028
18029
18030
18031
18032
18033
18034
18035
18036
18037
18038
18039
18040
18041
18042
18043
18044
18045
18046
18047
18048
18049
18050
18051
18052
18053
18054
18055
18056
18057
18058
18059
18060
18061
18062
18063
18064
18065
18066
18067
18068
18069
18070
18071
18072
18073
18074
18075
18076
18077
18078
18079
18080
18081
18082
18083
18084
18085
18086
18087
18088
18089
18090
18091
18092
18093
18094
18095
18096
18097
18098
18099
18100
18101
18102
18103
18104
18105
18106
18107
18108
18109
18110
18111
18112
18113
18114
18115
18116
18117
18118
18119
18120
18121
18122
18123
18124
18125
18126
18127
18128
18129
18130
18131
18132
18133
18134
18135
18136
18137
18138
18139
18140
18141
18142
18143
18144
18145
18146
18147
18148
18149
18150
18151
18152
18153
18154
18155
18156
18157
18158
18159
18160
18161
18162
18163
18164
18165
18166
18167
18168
18169
18170
18171
18172
18173
18174
18175
18176
18177
18178
18179
18180
18181
18182
18183
18184
18185
18186
18187
18188
18189
18190
18191
18192
18193
18194
18195
18196
18197
18198
18199
18200
18201
18202
18203
18204
18205
18206
18207
18208
18209
18210
18211
18212
18213
18214
18215
18216
18217
18218
18219
18220
18221
18222
18223
18224
18225
18226
18227
18228
18229
18230
18231
18232
18233
18234
18235
18236
18237
18238
18239
18240
18241
18242
18243
18244
18245
18246
18247
18248
18249
18250
18251
18252
18253
18254
18255
18256
18257
18258
18259
18260
18261
18262
18263
18264
18265
18266
18267
18268
18269
18270
18271
18272
18273
18274
18275
18276
18277
18278
18279
18280
18281
18282
18283
18284
18285
18286
18287
18288
18289
18290
18291
18292
18293
18294
18295
18296
18297
18298
18299
18300
18301
18302
18303
18304
18305
18306
18307
18308
18309
18310
18311
18312
18313
18314
18315
18316
18317
18318
18319
18320
18321
18322
18323
18324
18325
18326
18327
18328
18329
18330
18331
18332
18333
18334
18335
18336
18337
18338
18339
18340
18341
18342
18343
18344
18345
18346
18347
18348
18349
18350
18351
18352
18353
18354
18355
18356
18357
18358
18359
18360
18361
18362
18363
18364
18365
18366
18367
18368
18369
18370
18371
18372
18373
18374
18375
18376
18377
18378
18379
18380
18381
18382
18383
18384
18385
18386
18387
18388
18389
18390
18391
18392
18393
18394
18395
18396
18397
18398
18399
18400
18401
18402
18403
18404
18405
18406
18407
18408
18409
18410
18411
18412
18413
18414
18415
18416
18417
18418
18419
18420
18421
18422
18423
18424
18425
18426
18427
18428
18429
18430
18431
18432
18433
18434
18435
18436
18437
18438
18439
18440
18441
18442
18443
18444
18445
18446
18447
18448
18449
18450
18451
18452
18453
18454
18455
18456
18457
18458
18459
18460
18461
18462
18463
18464
18465
18466
18467
18468
18469
18470
18471
18472
18473
18474
18475
18476
18477
18478
18479
18480
18481
18482
18483
18484
18485
18486
18487
18488
18489
18490
18491
18492
18493
18494
18495
18496
18497
18498
18499
18500
18501
18502
18503
18504
18505
18506
18507
18508
18509
18510
18511
18512
18513
18514
18515
18516
18517
18518
18519
18520
18521
18522
18523
18524
18525
18526
18527
18528
18529
18530
18531
18532
18533
18534
18535
18536
18537
18538
18539
18540
18541
18542
18543
18544
18545
18546
18547
18548
18549
18550
18551
18552
18553
18554
18555
18556
18557
18558
18559
18560
18561
18562
18563
18564
18565
18566
18567
18568
18569
18570
18571
18572
18573
18574
18575
18576
18577
18578
18579
18580
18581
18582
18583
18584
18585
18586
18587
18588
18589
18590
18591
18592
18593
18594
18595
18596
18597
18598
18599
18600
18601
18602
18603
18604
18605
18606
18607
18608
18609
18610
18611
18612
18613
18614
18615
18616
18617
18618
18619
18620
18621
18622
18623
18624
18625
18626
18627
18628
18629
18630
18631
18632
18633
18634
18635
18636
18637
18638
18639
18640
18641
18642
18643
18644
18645
18646
18647
18648
18649
18650
18651
18652
18653
18654
18655
18656
18657
18658
18659
18660
18661
18662
18663
18664
18665
18666
18667
18668
18669
18670
18671
18672
18673
18674
18675
18676
18677
18678
18679
18680
18681
18682
18683
18684
18685
18686
18687
18688
18689
18690
18691
18692
18693
18694
18695
18696
18697
18698
18699
18700
18701
18702
18703
18704
18705
18706
18707
18708
18709
18710
18711
18712
18713
18714
18715
18716
18717
18718
18719
18720
18721
18722
18723
18724
18725
18726
18727
18728
18729
18730
18731
18732
18733
18734
18735
18736
18737
18738
18739
18740
18741
18742
18743
18744
18745
18746
18747
18748
18749
18750
18751
18752
18753
18754
18755
18756
18757
18758
18759
18760
18761
18762
18763
18764
18765
18766
18767
18768
18769
18770
18771
18772
18773
18774
18775
18776
18777
18778
18779
18780
18781
18782
18783
18784
18785
18786
18787
18788
18789
18790
18791
18792
18793
18794
18795
18796
18797
18798
18799
18800
18801
18802
18803
18804
18805
18806
18807
18808
18809
18810
18811
18812
18813
18814
18815
18816
18817
18818
18819
18820
18821
18822
18823
18824
18825
18826
18827
18828
18829
18830
18831
18832
18833
18834
18835
18836
18837
18838
18839
18840
18841
18842
18843
18844
18845
18846
18847
18848
18849
18850
18851
18852
18853
18854
18855
18856
18857
18858
18859
18860
18861
18862
18863
18864
18865
18866
18867
18868
18869
18870
18871
18872
18873
18874
18875
18876
18877
18878
18879
18880
18881
18882
18883
18884
18885
18886
18887
18888
18889
18890
18891
18892
18893
18894
18895
18896
18897
18898
18899
18900
18901
18902
18903
18904
18905
18906
18907
18908
18909
18910
18911
18912
18913
18914
18915
18916
18917
18918
18919
18920
18921
18922
18923
18924
18925
18926
18927
18928
18929
18930
18931
18932
18933
18934
18935
18936
18937
18938
18939
18940
18941
18942
18943
18944
18945
18946
18947
18948
18949
18950
18951
18952
18953
18954
18955
18956
18957
18958
18959
18960
18961
18962
18963
18964
18965
18966
18967
18968
18969
18970
18971
18972
18973
18974
18975
18976
18977
18978
18979
18980
18981
18982
18983
18984
18985
18986
18987
18988
18989
18990
18991
18992
18993
18994
18995
18996
18997
18998
18999
19000
19001
19002
19003
19004
19005
19006
19007
19008
19009
19010
19011
19012
19013
19014
19015
19016
19017
19018
19019
19020
19021
19022
19023
19024
19025
19026
19027
19028
19029
19030
19031
19032
19033
19034
19035
19036
19037
19038
19039
19040
19041
19042
19043
19044
19045
19046
19047
19048
19049
19050
19051
19052
19053
19054
19055
19056
19057
19058
19059
19060
19061
19062
19063
19064
19065
19066
19067
19068
19069
19070
19071
19072
19073
19074
19075
19076
19077
19078
19079
19080
19081
19082
19083
19084
19085
19086
19087
19088
19089
19090
19091
19092
19093
19094
19095
19096
19097
19098
19099
19100
19101
19102
19103
19104
19105
19106
19107
19108
19109
19110
19111
19112
19113
19114
19115
19116
19117
19118
19119
19120
19121
19122
19123
19124
19125
19126
19127
19128
19129
19130
19131
19132
19133
19134
19135
19136
19137
19138
19139
19140
19141
19142
19143
19144
19145
19146
19147
19148
19149
19150
19151
19152
19153
19154
19155
19156
19157
19158
19159
19160
19161
19162
19163
19164
19165
19166
19167
19168
19169
19170
19171
19172
19173
19174
19175
19176
19177
19178
19179
19180
19181
19182
19183
19184
19185
19186
19187
19188
19189
19190
19191
19192
19193
19194
19195
19196
19197
19198
19199
19200
19201
19202
19203
19204
19205
19206
19207
19208
19209
19210
19211
19212
19213
19214
19215
19216
19217
19218
19219
19220
19221
19222
19223
19224
19225
19226
19227
19228
19229
19230
19231
19232
19233
19234
19235
19236
19237
19238
19239
19240
19241
19242
19243
19244
19245
19246
19247
19248
19249
19250
19251
19252
19253
19254
19255
19256
19257
19258
19259
19260
19261
19262
19263
19264
19265
19266
19267
19268
19269
19270
19271
19272
19273
19274
19275
19276
19277
19278
19279
19280
19281
19282
19283
19284
19285
19286
19287
19288
19289
19290
19291
19292
19293
19294
19295
19296
19297
19298
19299
19300
19301
19302
19303
19304
19305
19306
19307
19308
19309
19310
19311
19312
19313
19314
19315
19316
19317
19318
19319
19320
19321
19322
19323
19324
19325
19326
19327
19328
19329
19330
19331
19332
19333
19334
19335
19336
19337
19338
19339
19340
19341
19342
19343
19344
19345
19346
19347
19348
19349
19350
19351
19352
19353
19354
19355
19356
19357
19358
19359
19360
19361
19362
19363
19364
19365
19366
19367
19368
19369
19370
19371
19372
19373
19374
19375
19376
19377
19378
19379
19380
19381
19382
19383
19384
19385
19386
19387
19388
19389
19390
19391
19392
19393
19394
19395
19396
19397
19398
19399
19400
19401
19402
19403
19404
19405
19406
19407
19408
19409
19410
19411
19412
19413
19414
19415
19416
19417
19418
19419
19420
19421
19422
19423
19424
19425
19426
19427
19428
19429
19430
19431
19432
19433
19434
19435
19436
19437
19438
19439
19440
19441
19442
19443
19444
19445
19446
19447
19448
19449
19450
19451
19452
19453
19454
19455
19456
19457
19458
19459
19460
19461
19462
19463
19464
19465
19466
19467
19468
19469
19470
19471
19472
19473
19474
19475
19476
19477
19478
19479
19480
19481
19482
19483
19484
19485
19486
19487
19488
19489
19490
19491
19492
19493
19494
19495
19496
19497
19498
19499
19500
19501
19502
19503
19504
19505
19506
19507
19508
19509
19510
19511
19512
19513
19514
19515
19516
19517
19518
19519
19520
19521
19522
19523
19524
19525
19526
19527
19528
19529
19530
19531
19532
19533
19534
19535
19536
19537
19538
19539
19540
19541
19542
19543
19544
19545
19546
19547
19548
19549
19550
19551
19552
19553
19554
19555
19556
19557
19558
19559
19560
19561
19562
19563
19564
19565
19566
19567
19568
19569
19570
19571
19572
19573
19574
19575
19576
19577
19578
19579
19580
19581
19582
19583
19584
19585
19586
19587
19588
19589
19590
19591
19592
19593
19594
19595
19596
19597
19598
19599
19600
19601
19602
19603
19604
19605
19606
19607
19608
19609
19610
19611
19612
19613
19614
19615
19616
19617
19618
19619
19620
19621
19622
19623
19624
19625
19626
19627
19628
19629
19630
19631
19632
19633
19634
19635
19636
19637
19638
19639
19640
19641
19642
19643
19644
19645
19646
19647
19648
19649
19650
19651
19652
19653
19654
19655
19656
19657
19658
19659
19660
19661
19662
19663
19664
19665
19666
19667
19668
19669
19670
19671
19672
19673
19674
19675
19676
19677
19678
19679
19680
19681
19682
19683
19684
19685
19686
19687
19688
19689
19690
19691
19692
19693
19694
19695
19696
19697
19698
19699
19700
19701
19702
19703
19704
19705
19706
19707
19708
19709
19710
19711
19712
19713
19714
19715
19716
19717
19718
19719
19720
19721
19722
19723
19724
19725
19726
19727
19728
19729
19730
19731
19732
19733
19734
19735
19736
19737
19738
19739
19740
19741
19742
19743
19744
19745
19746
19747
19748
19749
19750
19751
19752
19753
19754
19755
19756
19757
19758
19759
19760
19761
19762
19763
19764
19765
19766
19767
19768
19769
19770
19771
19772
19773
19774
19775
19776
19777
19778
19779
19780
19781
19782
19783
19784
19785
19786
19787
19788
19789
19790
19791
19792
19793
19794
19795
19796
19797
19798
19799
19800
19801
19802
19803
19804
19805
19806
19807
19808
19809
19810
19811
19812
19813
19814
19815
19816
19817
19818
19819
19820
19821
19822
19823
19824
19825
19826
19827
19828
19829
19830
19831
19832
19833
19834
19835
19836
19837
19838
19839
19840
19841
19842
19843
19844
19845
19846
19847
19848
19849
19850
19851
19852
19853
19854
19855
19856
19857
19858
19859
19860
19861
19862
19863
19864
19865
19866
19867
19868
19869
19870
19871
19872
19873
19874
19875
19876
19877
19878
19879
19880
19881
19882
19883
19884
19885
19886
19887
19888
19889
19890
19891
19892
19893
19894
19895
19896
19897
19898
19899
19900
19901
19902
19903
19904
19905
19906
19907
19908
19909
19910
19911
19912
19913
19914
19915
19916
19917
19918
19919
19920
19921
19922
19923
19924
19925
19926
19927
19928
19929
19930
19931
19932
19933
19934
19935
19936
19937
19938
19939
19940
19941
19942
19943
19944
19945
19946
19947
19948
19949
19950
19951
19952
19953
19954
19955
19956
19957
19958
19959
19960
19961
19962
19963
19964
19965
19966
19967
19968
19969
19970
19971
19972
19973
19974
19975
19976
19977
19978
19979
19980
19981
19982
19983
19984
19985
19986
19987
19988
19989
19990
19991
19992
19993
19994
19995
19996
19997
19998
19999
20000
20001
20002
20003
20004
20005
20006
20007
20008
20009
20010
20011
20012
20013
20014
20015
20016
20017
20018
20019
20020
20021
20022
20023
20024
20025
20026
20027
20028
20029
20030
20031
20032
20033
20034
20035
20036
20037
20038
20039
20040
20041
20042
20043
20044
20045
20046
20047
20048
20049
20050
20051
20052
20053
20054
20055
20056
20057
20058
20059
20060
20061
20062
20063
20064
20065
20066
20067
20068
20069
20070
20071
20072
20073
20074
20075
20076
20077
20078
20079
20080
20081
20082
20083
20084
20085
20086
20087
20088
20089
20090
20091
20092
20093
20094
20095
20096
20097
20098
20099
20100
20101
20102
20103
20104
20105
20106
20107
20108
20109
20110
20111
20112
20113
20114
20115
20116
20117
20118
20119
20120
20121
20122
20123
20124
20125
20126
20127
20128
20129
20130
20131
20132
20133
20134
20135
20136
20137
20138
20139
20140
20141
20142
20143
20144
20145
20146
20147
20148
20149
20150
20151
20152
20153
20154
20155
20156
20157
20158
20159
20160
20161
20162
20163
20164
20165
20166
20167
20168
20169
20170
20171
20172
20173
20174
20175
20176
20177
20178
20179
20180
20181
20182
20183
20184
20185
20186
20187
20188
20189
20190
20191
20192
20193
20194
20195
20196
20197
20198
20199
20200
20201
20202
20203
20204
20205
20206
20207
20208
20209
20210
20211
20212
20213
20214
20215
20216
20217
20218
20219
20220
20221
20222
20223
20224
20225
20226
20227
20228
20229
20230
20231
20232
20233
20234
20235
20236
20237
20238
20239
20240
20241
20242
20243
20244
20245
20246
20247
20248
20249
20250
20251
20252
20253
20254
20255
20256
20257
20258
20259
20260
20261
20262
20263
20264
20265
20266
20267
20268
20269
20270
20271
20272
20273
20274
20275
20276
20277
20278
20279
20280
20281
20282
20283
20284
20285
20286
20287
20288
20289
20290
20291
20292
20293
20294
20295
20296
20297
20298
20299
20300
20301
20302
20303
20304
20305
20306
20307
20308
20309
20310
20311
20312
20313
20314
20315
20316
20317
20318
20319
20320
20321
20322
20323
20324
20325
20326
20327
20328
20329
20330
20331
20332
20333
20334
20335
20336
20337
20338
20339
20340
20341
20342
20343
20344
20345
20346
20347
20348
20349
20350
20351
20352
20353
20354
20355
20356
20357
20358
20359
20360
20361
20362
20363
20364
20365
20366
20367
20368
20369
20370
20371
20372
20373
20374
20375
20376
20377
20378
20379
20380
20381
20382
20383
20384
20385
20386
20387
20388
20389
20390
20391
20392
20393
20394
20395
20396
20397
20398
20399
20400
20401
20402
20403
20404
20405
20406
20407
20408
20409
20410
20411
20412
20413
20414
20415
20416
20417
20418
20419
20420
20421
20422
20423
20424
20425
20426
20427
20428
20429
20430
20431
20432
20433
20434
20435
20436
20437
20438
20439
20440
20441
20442
20443
20444
20445
20446
20447
20448
20449
20450
20451
20452
20453
20454
20455
20456
20457
20458
20459
20460
20461
20462
20463
20464
20465
20466
20467
20468
20469
20470
20471
20472
20473
20474
20475
20476
20477
20478
20479
20480
20481
20482
20483
20484
20485
20486
20487
20488
20489
20490
20491
20492
20493
20494
20495
20496
20497
20498
20499
20500
20501
20502
20503
20504
20505
20506
20507
20508
20509
20510
20511
20512
20513
20514
20515
20516
20517
20518
20519
20520
20521
20522
20523
20524
20525
20526
20527
20528
20529
20530
20531
20532
20533
20534
20535
20536
20537
20538
20539
20540
20541
20542
20543
20544
20545
20546
20547
20548
20549
20550
20551
20552
20553
20554
20555
20556
20557
20558
20559
20560
20561
20562
20563
20564
20565
20566
20567
20568
20569
20570
20571
20572
20573
20574
20575
20576
20577
20578
20579
20580
20581
20582
20583
20584
20585
20586
20587
20588
20589
20590
20591
20592
20593
20594
20595
20596
20597
20598
20599
20600
20601
20602
20603
20604
20605
20606
20607
20608
20609
20610
20611
20612
20613
20614
20615
20616
20617
20618
20619
20620
20621
20622
20623
20624
20625
20626
20627
20628
20629
20630
20631
20632
20633
20634
20635
20636
20637
20638
20639
20640
20641
20642
20643
20644
20645
20646
20647
20648
20649
20650
20651
20652
20653
20654
20655
20656
20657
20658
20659
20660
20661
20662
20663
20664
20665
20666
20667
20668
20669
20670
20671
20672
20673
20674
20675
20676
20677
20678
20679
20680
20681
20682
20683
20684
20685
20686
20687
20688
20689
20690
20691
20692
20693
20694
20695
20696
20697
20698
20699
20700
20701
20702
20703
20704
20705
20706
20707
20708
20709
20710
20711
20712
20713
20714
20715
20716
20717
20718
20719
20720
20721
20722
20723
20724
20725
20726
20727
20728
20729
20730
20731
20732
20733
20734
20735
20736
20737
20738
20739
20740
20741
20742
20743
20744
20745
20746
20747
20748
20749
20750
20751
20752
20753
20754
20755
20756
20757
20758
20759
20760
20761
20762
20763
20764
20765
20766
20767
20768
20769
20770
20771
20772
20773
20774
20775
20776
20777
20778
20779
20780
20781
20782
20783
20784
20785
20786
20787
20788
20789
20790
20791
20792
20793
20794
20795
20796
20797
20798
20799
20800
20801
20802
20803
20804
20805
20806
20807
20808
20809
20810
20811
20812
20813
20814
20815
20816
20817
20818
20819
20820
20821
20822
20823
20824
20825
20826
20827
20828
20829
20830
20831
20832
20833
20834
20835
20836
20837
20838
20839
20840
20841
20842
20843
20844
20845
20846
20847
20848
20849
20850
20851
20852
20853
20854
20855
20856
20857
20858
20859
20860
20861
20862
20863
20864
20865
20866
20867
20868
20869
20870
20871
20872
20873
20874
20875
20876
20877
20878
20879
20880
20881
20882
20883
20884
20885
20886
20887
20888
20889
20890
20891
20892
20893
20894
20895
20896
20897
20898
20899
20900
20901
20902
20903
20904
20905
20906
20907
20908
20909
20910
20911
20912
20913
20914
20915
20916
20917
20918
20919
20920
20921
20922
20923
20924
20925
20926
20927
20928
20929
20930
20931
20932
20933
20934
20935
20936
20937
20938
20939
20940
20941
20942
20943
20944
20945
20946
20947
20948
20949
20950
20951
20952
20953
20954
20955
20956
20957
20958
20959
20960
20961
20962
20963
20964
20965
20966
20967
20968
20969
20970
20971
20972
20973
20974
20975
20976
20977
20978
20979
20980
20981
20982
20983
20984
20985
20986
20987
20988
20989
20990
20991
20992
20993
20994
20995
20996
20997
20998
20999
21000
21001
21002
21003
21004
21005
21006
21007
21008
21009
21010
21011
21012
21013
21014
21015
21016
21017
21018
21019
21020
21021
21022
21023
21024
21025
21026
21027
21028
21029
21030
21031
21032
21033
21034
21035
21036
21037
21038
21039
21040
21041
21042
21043
21044
21045
21046
21047
21048
21049
21050
21051
21052
21053
21054
21055
21056
21057
21058
21059
21060
21061
21062
21063
21064
21065
21066
21067
21068
21069
21070
21071
21072
21073
21074
21075
21076
21077
21078
21079
21080
21081
21082
21083
21084
21085
21086
21087
21088
21089
21090
21091
21092
21093
21094
21095
21096
21097
21098
21099
21100
21101
21102
21103
21104
21105
21106
21107
21108
21109
21110
21111
21112
21113
21114
21115
21116
21117
21118
21119
21120
21121
21122
21123
21124
21125
21126
21127
21128
21129
21130
21131
21132
21133
21134
21135
21136
21137
21138
21139
21140
21141
21142
21143
21144
21145
21146
21147
21148
21149
21150
21151
21152
21153
21154
21155
21156
21157
21158
21159
21160
21161
21162
21163
21164
21165
21166
21167
21168
21169
21170
21171
21172
21173
21174
21175
21176
21177
21178
21179
21180
21181
21182
21183
21184
21185
21186
21187
21188
21189
21190
21191
21192
21193
21194
21195
21196
21197
21198
21199
21200
21201
21202
21203
21204
21205
21206
21207
21208
21209
21210
21211
21212
21213
21214
21215
21216
21217
21218
21219
21220
21221
21222
21223
21224
21225
21226
21227
21228
21229
21230
21231
21232
21233
21234
21235
21236
21237
21238
21239
21240
21241
21242
21243
21244
21245
21246
21247
21248
21249
21250
21251
21252
21253
21254
21255
21256
21257
21258
21259
21260
21261
21262
21263
21264
21265
21266
21267
21268
21269
21270
21271
21272
21273
21274
21275
21276
21277
21278
21279
21280
21281
21282
21283
21284
21285
21286
21287
21288
21289
21290
21291
21292
21293
21294
21295
21296
21297
21298
21299
21300
21301
21302
21303
21304
21305
21306
21307
21308
21309
21310
21311
21312
21313
21314
21315
21316
21317
21318
21319
21320
21321
21322
21323
21324
21325
21326
21327
21328
21329
21330
21331
21332
21333
21334
21335
21336
21337
21338
21339
21340
21341
21342
21343
21344
21345
21346
21347
21348
21349
21350
21351
21352
21353
21354
21355
21356
21357
21358
21359
21360
21361
21362
21363
21364
21365
21366
21367
21368
21369
21370
21371
21372
21373
21374
21375
21376
21377
21378
21379
21380
21381
21382
21383
21384
21385
21386
21387
21388
21389
21390
21391
21392
21393
21394
21395
21396
21397
21398
21399
21400
21401
21402
21403
21404
21405
21406
21407
21408
21409
21410
21411
21412
21413
21414
21415
21416
21417
21418
21419
21420
21421
21422
21423
21424
21425
21426
21427
21428
21429
21430
21431
21432
21433
21434
21435
21436
21437
21438
21439
21440
21441
21442
21443
21444
21445
21446
21447
21448
21449
21450
21451
21452
21453
21454
21455
21456
21457
21458
21459
21460
21461
21462
21463
21464
21465
21466
21467
21468
21469
21470
21471
21472
21473
21474
21475
21476
21477
21478
21479
21480
21481
21482
21483
21484
21485
21486
21487
21488
21489
21490
21491
21492
21493
21494
21495
21496
21497
21498
21499
21500
21501
21502
21503
21504
21505
21506
21507
21508
21509
21510
21511
21512
21513
21514
21515
21516
21517
21518
21519
21520
21521
21522
21523
21524
21525
21526
21527
21528
21529
21530
21531
21532
21533
21534
21535
21536
21537
21538
21539
21540
21541
21542
21543
21544
21545
21546
21547
21548
21549
21550
21551
21552
21553
21554
21555
21556
21557
21558
21559
21560
21561
21562
21563
21564
21565
21566
21567
21568
21569
21570
21571
21572
21573
21574
21575
21576
21577
21578
21579
21580
21581
21582
21583
21584
21585
21586
21587
21588
21589
21590
21591
21592
21593
21594
21595
21596
21597
21598
21599
21600
21601
21602
21603
21604
21605
21606
21607
21608
21609
21610
21611
21612
21613
21614
21615
21616
21617
21618
21619
21620
21621
21622
21623
21624
21625
21626
21627
21628
21629
21630
21631
21632
21633
21634
21635
21636
21637
21638
21639
21640
21641
21642
21643
21644
21645
21646
21647
21648
21649
21650
21651
21652
21653
21654
21655
21656
21657
21658
21659
21660
21661
21662
21663
21664
21665
21666
21667
21668
21669
21670
21671
21672
21673
21674
21675
21676
21677
21678
21679
21680
21681
21682
21683
21684
21685
21686
21687
21688
21689
21690
21691
21692
21693
21694
21695
21696
21697
21698
21699
21700
21701
21702
21703
21704
21705
21706
21707
21708
21709
21710
21711
21712
21713
21714
21715
21716
21717
21718
21719
21720
21721
21722
21723
21724
21725
21726
21727
21728
21729
21730
21731
21732
21733
21734
21735
21736
21737
21738
21739
21740
21741
21742
21743
21744
21745
21746
21747
21748
21749
21750
21751
21752
21753
21754
21755
21756
21757
21758
21759
21760
21761
21762
21763
21764
21765
21766
21767
21768
21769
21770
21771
21772
21773
21774
21775
21776
21777
21778
21779
21780
21781
21782
21783
21784
21785
21786
21787
21788
21789
21790
21791
21792
21793
21794
21795
21796
21797
21798
21799
21800
21801
21802
21803
21804
21805
21806
21807
21808
21809
21810
21811
21812
21813
21814
21815
21816
21817
21818
21819
21820
21821
21822
21823
21824
21825
21826
21827
21828
21829
21830
21831
21832
21833
21834
21835
21836
21837
21838
21839
21840
21841
21842
21843
21844
21845
21846
21847
21848
21849
21850
21851
21852
21853
21854
21855
21856
21857
21858
21859
21860
21861
21862
21863
21864
21865
21866
21867
21868
21869
21870
21871
21872
21873
21874
21875
21876
21877
21878
21879
21880
21881
21882
21883
21884
21885
21886
21887
21888
21889
21890
21891
21892
21893
21894
21895
21896
21897
21898
21899
21900
21901
21902
21903
21904
21905
21906
21907
21908
21909
21910
21911
21912
21913
21914
21915
21916
21917
21918
21919
21920
21921
21922
21923
21924
21925
21926
21927
21928
21929
21930
21931
21932
21933
21934
21935
21936
21937
21938
21939
21940
21941
21942
21943
21944
21945
21946
21947
21948
21949
21950
21951
21952
21953
21954
21955
21956
21957
21958
21959
21960
21961
21962
21963
21964
21965
21966
21967
21968
21969
21970
21971
21972
21973
21974
21975
21976
21977
21978
21979
21980
21981
21982
21983
21984
21985
21986
21987
21988
21989
21990
21991
21992
21993
21994
21995
21996
21997
21998
21999
22000
22001
22002
22003
22004
22005
22006
22007
22008
22009
22010
22011
22012
22013
22014
22015
22016
22017
22018
22019
22020
22021
22022
22023
22024
22025
22026
22027
22028
22029
22030
22031
22032
22033
22034
22035
22036
22037
22038
22039
22040
22041
22042
22043
22044
22045
22046
22047
22048
22049
22050
22051
22052
22053
22054
22055
22056
22057
22058
22059
22060
22061
22062
22063
22064
22065
22066
22067
22068
22069
22070
22071
22072
22073
22074
22075
22076
22077
22078
22079
22080
22081
22082
22083
22084
22085
22086
22087
22088
22089
22090
22091
22092
22093
22094
22095
22096
22097
22098
22099
22100
22101
22102
22103
22104
22105
22106
22107
22108
22109
22110
22111
22112
22113
22114
22115
22116
22117
22118
22119
22120
22121
22122
22123
22124
22125
22126
22127
22128
22129
22130
22131
22132
22133
22134
22135
22136
22137
22138
22139
22140
22141
22142
22143
22144
22145
22146
22147
22148
22149
22150
22151
22152
22153
22154
22155
22156
22157
22158
22159
22160
22161
22162
22163
22164
22165
22166
22167
22168
22169
22170
22171
22172
22173
22174
22175
22176
22177
22178
22179
22180
22181
22182
22183
22184
22185
22186
22187
22188
22189
22190
22191
22192
22193
22194
22195
22196
22197
22198
22199
22200
22201
22202
22203
22204
22205
22206
22207
22208
22209
22210
22211
22212
22213
22214
22215
22216
22217
22218
22219
22220
22221
22222
22223
22224
22225
22226
22227
22228
22229
22230
22231
22232
22233
22234
22235
22236
22237
22238
22239
22240
22241
22242
22243
22244
22245
22246
22247
22248
22249
22250
22251
22252
22253
22254
22255
22256
22257
22258
22259
22260
22261
22262
22263
22264
22265
22266
22267
22268
22269
22270
22271
22272
22273
22274
22275
22276
22277
22278
22279
22280
22281
22282
22283
22284
22285
22286
22287
22288
22289
22290
22291
22292
22293
22294
22295
22296
22297
22298
22299
22300
22301
22302
22303
22304
22305
22306
22307
22308
22309
22310
22311
22312
22313
22314
22315
22316
22317
22318
22319
22320
22321
22322
22323
22324
22325
22326
22327
22328
22329
22330
22331
22332
22333
22334
22335
22336
22337
22338
22339
22340
22341
22342
22343
22344
22345
22346
22347
22348
22349
22350
22351
22352
22353
22354
22355
22356
22357
22358
22359
22360
22361
22362
22363
22364
22365
22366
22367
22368
22369
22370
22371
22372
22373
22374
22375
22376
22377
22378
22379
22380
22381
22382
22383
22384
22385
22386
22387
22388
22389
22390
22391
22392
22393
22394
22395
22396
22397
22398
22399
22400
22401
22402
22403
22404
22405
22406
22407
22408
22409
22410
22411
22412
22413
22414
22415
22416
22417
22418
22419
22420
22421
22422
22423
22424
22425
22426
22427
22428
22429
22430
22431
22432
22433
22434
22435
22436
22437
22438
22439
22440
22441
22442
22443
22444
22445
22446
22447
22448
22449
22450
22451
22452
22453
22454
22455
22456
22457
22458
22459
22460
22461
22462
22463
22464
22465
22466
22467
22468
22469
22470
22471
22472
22473
22474
22475
22476
22477
22478
22479
22480
22481
22482
22483
22484
22485
22486
22487
22488
22489
22490
22491
22492
22493
22494
22495
22496
22497
22498
22499
22500
22501
22502
22503
22504
22505
22506
22507
22508
22509
22510
22511
22512
22513
22514
22515
22516
22517
22518
22519
22520
22521
22522
22523
22524
22525
22526
22527
22528
22529
22530
22531
22532
22533
22534
22535
22536
22537
22538
22539
22540
22541
22542
22543
22544
22545
22546
22547
22548
22549
22550
22551
22552
22553
22554
22555
22556
22557
22558
22559
22560
22561
22562
22563
22564
22565
22566
22567
22568
22569
22570
22571
22572
22573
22574
22575
22576
22577
22578
22579
22580
22581
22582
22583
22584
22585
22586
22587
22588
22589
22590
22591
22592
22593
22594
22595
22596
22597
22598
22599
22600
22601
22602
22603
22604
22605
22606
22607
22608
22609
22610
22611
22612
22613
22614
22615
22616
22617
22618
22619
22620
22621
22622
22623
22624
22625
22626
22627
22628
22629
22630
22631
22632
22633
22634
22635
22636
22637
22638
22639
22640
22641
22642
22643
22644
22645
22646
22647
22648
22649
22650
22651
22652
22653
22654
22655
22656
22657
22658
22659
22660
22661
22662
22663
22664
22665
22666
22667
22668
22669
22670
22671
22672
22673
22674
22675
22676
22677
22678
22679
22680
22681
22682
22683
22684
22685
22686
22687
22688
22689
22690
22691
22692
22693
22694
22695
22696
22697
22698
22699
22700
22701
22702
22703
22704
22705
22706
22707
22708
22709
22710
22711
22712
22713
22714
22715
22716
22717
22718
22719
22720
22721
22722
22723
22724
22725
22726
22727
22728
22729
22730
22731
22732
22733
22734
22735
22736
22737
22738
22739
22740
22741
22742
22743
22744
22745
22746
22747
22748
22749
22750
22751
22752
22753
22754
22755
22756
22757
22758
22759
22760
22761
22762
22763
22764
22765
22766
22767
22768
22769
22770
22771
22772
22773
22774
22775
22776
22777
22778
22779
22780
22781
22782
22783
22784
22785
22786
22787
22788
22789
22790
22791
22792
22793
22794
22795
22796
22797
22798
22799
22800
22801
22802
22803
22804
22805
22806
22807
22808
22809
22810
22811
22812
22813
22814
22815
22816
22817
22818
22819
22820
22821
22822
22823
22824
22825
22826
22827
22828
22829
22830
22831
22832
22833
22834
22835
22836
22837
22838
22839
22840
22841
22842
22843
22844
22845
22846
22847
22848
22849
22850
22851
22852
22853
22854
22855
22856
22857
22858
22859
22860
22861
22862
22863
22864
22865
22866
22867
22868
22869
22870
22871
22872
22873
22874
22875
22876
22877
22878
22879
22880
22881
22882
22883
22884
22885
22886
22887
22888
22889
22890
22891
22892
22893
22894
22895
22896
22897
22898
22899
22900
22901
22902
22903
22904
22905
22906
22907
22908
22909
22910
22911
22912
22913
22914
22915
22916
22917
22918
22919
22920
22921
22922
22923
22924
22925
22926
22927
22928
22929
22930
22931
22932
22933
22934
22935
22936
22937
22938
22939
22940
22941
22942
22943
22944
22945
22946
22947
22948
22949
22950
22951
22952
22953
22954
22955
22956
22957
22958
22959
22960
22961
22962
22963
22964
22965
22966
22967
22968
22969
22970
22971
22972
22973
22974
22975
22976
22977
22978
22979
22980
22981
22982
22983
22984
22985
22986
22987
22988
22989
22990
22991
22992
22993
22994
22995
22996
22997
22998
22999
23000
23001
23002
23003
23004
23005
23006
23007
23008
23009
23010
23011
23012
23013
23014
23015
23016
23017
23018
23019
23020
23021
23022
23023
23024
23025
23026
23027
23028
23029
23030
23031
23032
23033
23034
23035
23036
23037
23038
23039
23040
23041
23042
23043
23044
23045
23046
23047
23048
23049
23050
23051
23052
23053
23054
23055
23056
23057
23058
23059
23060
23061
23062
23063
23064
23065
23066
23067
23068
23069
23070
23071
23072
23073
23074
23075
23076
23077
23078
23079
23080
23081
23082
23083
23084
23085
23086
23087
23088
23089
23090
23091
23092
23093
23094
23095
23096
23097
23098
23099
23100
23101
23102
23103
23104
23105
23106
23107
23108
23109
23110
23111
23112
23113
23114
23115
23116
23117
23118
23119
23120
23121
23122
23123
23124
23125
23126
23127
23128
23129
23130
23131
23132
23133
23134
23135
23136
23137
23138
23139
23140
23141
23142
23143
23144
23145
23146
23147
23148
23149
23150
23151
23152
23153
23154
23155
23156
23157
23158
23159
23160
23161
23162
23163
23164
23165
23166
23167
23168
23169
23170
23171
23172
23173
23174
23175
23176
23177
23178
23179
23180
23181
23182
23183
23184
23185
23186
23187
23188
23189
23190
23191
23192
23193
23194
23195
23196
23197
23198
23199
23200
23201
23202
23203
23204
23205
23206
23207
23208
23209
23210
23211
23212
23213
23214
23215
23216
23217
23218
23219
23220
23221
23222
23223
23224
23225
23226
23227
23228
23229
23230
23231
23232
23233
23234
23235
23236
23237
23238
23239
23240
23241
23242
23243
23244
23245
23246
23247
23248
23249
23250
23251
23252
23253
23254
23255
23256
23257
23258
23259
23260
23261
23262
23263
23264
23265
23266
23267
23268
23269
23270
23271
23272
23273
23274
23275
23276
23277
23278
23279
23280
23281
23282
23283
23284
23285
23286
23287
23288
23289
23290
23291
23292
23293
23294
23295
23296
23297
23298
23299
23300
23301
23302
23303
23304
23305
23306
23307
23308
23309
23310
23311
23312
23313
23314
23315
23316
23317
23318
23319
23320
23321
23322
23323
23324
23325
23326
23327
23328
23329
23330
23331
23332
23333
23334
23335
23336
23337
23338
23339
23340
23341
23342
23343
23344
23345
23346
23347
23348
23349
23350
23351
23352
23353
23354
23355
23356
23357
23358
23359
23360
23361
23362
23363
23364
23365
23366
23367
23368
23369
23370
23371
23372
23373
23374
23375
23376
23377
23378
23379
23380
23381
23382
23383
23384
23385
23386
23387
23388
23389
23390
23391
23392
23393
23394
23395
23396
23397
23398
23399
23400
23401
23402
23403
23404
23405
23406
23407
23408
23409
23410
23411
23412
23413
23414
23415
23416
23417
23418
23419
23420
23421
23422
23423
23424
23425
23426
23427
23428
23429
23430
23431
23432
23433
23434
23435
23436
23437
23438
23439
23440
23441
23442
23443
23444
23445
23446
23447
23448
23449
23450
23451
23452
23453
23454
23455
23456
23457
23458
23459
23460
23461
23462
23463
23464
23465
23466
23467
23468
23469
23470
23471
23472
23473
23474
23475
23476
23477
23478
23479
23480
23481
23482
23483
23484
23485
23486
23487
23488
23489
23490
23491
23492
23493
23494
23495
23496
23497
23498
23499
23500
23501
23502
23503
23504
23505
23506
23507
23508
23509
23510
23511
23512
23513
23514
23515
23516
23517
23518
23519
23520
23521
23522
23523
23524
23525
23526
23527
23528
23529
23530
23531
23532
23533
23534
23535
23536
23537
23538
23539
23540
23541
23542
23543
23544
23545
23546
23547
23548
23549
23550
23551
23552
23553
23554
23555
23556
23557
23558
23559
23560
23561
23562
23563
23564
23565
23566
23567
23568
23569
23570
23571
23572
23573
23574
23575
23576
23577
23578
23579
23580
23581
23582
23583
23584
23585
23586
23587
23588
23589
23590
23591
23592
23593
23594
23595
23596
23597
23598
23599
23600
23601
23602
23603
23604
23605
23606
23607
23608
23609
23610
23611
23612
23613
23614
23615
23616
23617
23618
23619
23620
23621
23622
23623
23624
23625
23626
23627
23628
23629
23630
23631
23632
23633
23634
23635
23636
23637
23638
23639
23640
23641
23642
23643
23644
23645
23646
23647
23648
23649
23650
23651
23652
23653
23654
23655
23656
23657
23658
23659
23660
23661
23662
23663
23664
23665
23666
23667
23668
23669
23670
23671
23672
23673
23674
23675
23676
23677
23678
23679
23680
23681
23682
23683
23684
23685
23686
23687
23688
23689
23690
23691
23692
23693
23694
23695
23696
23697
23698
23699
23700
23701
23702
23703
23704
23705
23706
23707
23708
23709
23710
23711
23712
23713
23714
23715
23716
23717
23718
23719
23720
23721
23722
23723
23724
23725
23726
23727
23728
23729
23730
23731
23732
23733
23734
23735
23736
23737
23738
23739
23740
23741
23742
23743
23744
23745
23746
23747
23748
23749
23750
23751
23752
23753
23754
23755
23756
23757
23758
23759
23760
23761
23762
23763
23764
23765
23766
23767
23768
23769
23770
23771
23772
23773
23774
23775
23776
23777
23778
23779
23780
23781
23782
23783
23784
23785
23786
23787
23788
23789
23790
23791
23792
23793
23794
23795
23796
23797
23798
23799
23800
23801
23802
23803
23804
23805
23806
23807
23808
23809
23810
23811
23812
23813
23814
23815
23816
23817
23818
23819
23820
23821
23822
23823
23824
23825
23826
23827
23828
23829
23830
23831
23832
23833
23834
23835
23836
23837
23838
23839
23840
23841
23842
23843
23844
23845
23846
23847
23848
23849
23850
23851
23852
23853
23854
23855
23856
23857
23858
23859
23860
23861
23862
23863
23864
23865
23866
23867
23868
23869
23870
23871
23872
23873
23874
23875
23876
23877
23878
23879
23880
23881
23882
23883
23884
23885
23886
23887
23888
23889
23890
23891
23892
23893
23894
23895
23896
23897
23898
23899
23900
23901
23902
23903
23904
23905
23906
23907
23908
23909
23910
23911
23912
23913
23914
23915
23916
23917
23918
23919
23920
23921
23922
23923
23924
23925
23926
23927
23928
23929
23930
23931
23932
23933
23934
23935
23936
23937
23938
23939
23940
23941
23942
23943
23944
23945
23946
23947
23948
23949
23950
23951
23952
23953
23954
23955
23956
23957
23958
23959
23960
23961
23962
23963
23964
23965
23966
23967
23968
23969
23970
23971
23972
23973
23974
23975
23976
23977
23978
23979
23980
23981
23982
23983
23984
23985
23986
23987
23988
23989
23990
23991
23992
23993
23994
23995
23996
23997
23998
23999
24000
24001
24002
24003
24004
24005
24006
24007
24008
24009
24010
24011
24012
24013
24014
24015
24016
24017
24018
24019
24020
24021
24022
24023
24024
24025
24026
24027
24028
24029
24030
24031
24032
24033
24034
24035
24036
24037
24038
24039
24040
24041
24042
24043
24044
24045
24046
24047
24048
24049
24050
24051
24052
24053
24054
24055
24056
24057
24058
24059
24060
24061
24062
24063
24064
24065
24066
24067
24068
24069
24070
24071
24072
24073
24074
24075
24076
24077
24078
24079
24080
24081
24082
24083
24084
24085
24086
24087
24088
24089
24090
24091
24092
24093
24094
24095
24096
24097
24098
24099
24100
24101
24102
24103
24104
24105
24106
24107
24108
24109
24110
24111
24112
24113
24114
24115
24116
24117
24118
24119
24120
24121
24122
24123
24124
24125
24126
24127
24128
24129
24130
24131
24132
24133
24134
24135
24136
24137
24138
24139
24140
24141
24142
24143
24144
24145
24146
24147
24148
24149
24150
24151
24152
24153
24154
24155
24156
24157
24158
24159
24160
24161
24162
24163
24164
24165
24166
24167
24168
24169
24170
24171
24172
24173
24174
24175
24176
24177
24178
24179
24180
24181
24182
24183
24184
24185
24186
24187
24188
24189
24190
24191
24192
24193
24194
24195
24196
24197
24198
24199
24200
24201
24202
24203
24204
24205
24206
24207
24208
24209
24210
24211
24212
24213
24214
24215
24216
24217
24218
24219
24220
24221
24222
24223
24224
24225
24226
24227
24228
24229
24230
24231
24232
24233
24234
24235
24236
24237
24238
24239
24240
24241
24242
24243
24244
24245
24246
24247
24248
24249
24250
24251
24252
24253
24254
24255
24256
24257
24258
24259
24260
24261
24262
24263
24264
24265
24266
24267
24268
24269
24270
24271
24272
24273
24274
24275
24276
24277
24278
24279
24280
24281
24282
24283
24284
24285
24286
24287
24288
24289
24290
24291
24292
24293
24294
24295
24296
24297
24298
24299
24300
24301
24302
24303
24304
24305
24306
24307
24308
24309
24310
24311
24312
24313
24314
24315
24316
24317
24318
24319
24320
24321
24322
24323
24324
24325
24326
24327
24328
24329
24330
24331
24332
24333
24334
24335
24336
24337
24338
24339
24340
24341
24342
24343
24344
24345
24346
24347
24348
24349
24350
24351
24352
24353
24354
24355
24356
24357
24358
24359
24360
24361
24362
24363
24364
24365
24366
24367
24368
24369
24370
24371
24372
24373
24374
24375
24376
24377
24378
24379
24380
24381
24382
24383
24384
24385
24386
24387
24388
24389
24390
24391
24392
24393
24394
24395
24396
24397
24398
24399
24400
24401
24402
24403
24404
24405
24406
24407
24408
24409
24410
24411
24412
24413
24414
24415
24416
24417
24418
24419
24420
24421
24422
24423
24424
24425
24426
24427
24428
24429
24430
24431
24432
24433
24434
24435
24436
24437
24438
24439
24440
24441
24442
24443
24444
24445
24446
24447
24448
24449
24450
24451
24452
24453
24454
24455
24456
24457
24458
24459
24460
24461
24462
24463
24464
24465
24466
24467
24468
24469
24470
24471
24472
24473
24474
24475
24476
24477
24478
24479
24480
24481
24482
24483
24484
24485
24486
24487
24488
24489
24490
24491
24492
24493
24494
24495
24496
24497
24498
24499
24500
24501
24502
24503
24504
24505
24506
24507
24508
24509
24510
24511
24512
24513
24514
24515
24516
24517
24518
24519
24520
24521
24522
24523
24524
24525
24526
24527
24528
24529
24530
24531
24532
24533
24534
24535
24536
24537
24538
24539
24540
24541
24542
24543
24544
24545
24546
24547
24548
24549
24550
24551
24552
24553
24554
24555
24556
24557
24558
24559
24560
24561
24562
24563
24564
24565
24566
24567
24568
24569
24570
24571
24572
24573
24574
24575
24576
24577
24578
24579
24580
24581
24582
24583
24584
24585
24586
24587
24588
24589
24590
24591
24592
24593
24594
24595
24596
24597
24598
24599
24600
24601
24602
24603
24604
24605
24606
24607
24608
24609
24610
24611
24612
24613
24614
24615
24616
24617
24618
24619
24620
24621
24622
24623
24624
24625
24626
24627
24628
24629
24630
24631
24632
24633
24634
24635
24636
24637
24638
24639
24640
24641
24642
24643
24644
24645
24646
24647
24648
24649
24650
24651
24652
24653
24654
24655
24656
24657
24658
24659
24660
24661
24662
24663
24664
24665
24666
24667
24668
24669
24670
24671
24672
24673
24674
24675
24676
24677
24678
24679
24680
24681
24682
24683
24684
24685
24686
24687
24688
24689
24690
24691
24692
24693
24694
24695
24696
24697
24698
24699
24700
24701
24702
24703
24704
24705
24706
24707
24708
24709
24710
24711
24712
24713
24714
24715
24716
24717
24718
24719
24720
24721
24722
24723
24724
24725
24726
24727
24728
24729
24730
24731
24732
24733
24734
24735
24736
24737
24738
24739
24740
24741
24742
24743
24744
24745
24746
24747
24748
24749
24750
24751
24752
24753
24754
24755
24756
24757
24758
24759
24760
24761
24762
24763
24764
24765
24766
24767
24768
24769
24770
24771
24772
24773
24774
24775
24776
24777
24778
24779
24780
24781
24782
24783
24784
24785
24786
24787
24788
24789
24790
24791
24792
24793
24794
24795
24796
24797
24798
24799
24800
24801
24802
24803
24804
24805
24806
24807
24808
24809
24810
24811
24812
24813
24814
24815
24816
24817
24818
24819
24820
24821
24822
24823
24824
24825
24826
24827
24828
24829
24830
24831
24832
24833
24834
24835
24836
24837
24838
24839
24840
24841
24842
24843
24844
24845
24846
24847
24848
24849
24850
24851
24852
24853
24854
24855
24856
24857
24858
24859
24860
24861
24862
24863
24864
24865
24866
24867
24868
24869
24870
24871
24872
24873
24874
24875
24876
24877
24878
24879
24880
24881
24882
24883
24884
24885
24886
24887
24888
24889
24890
24891
24892
24893
24894
24895
24896
24897
24898
24899
24900
24901
24902
24903
24904
24905
24906
24907
24908
24909
24910
24911
24912
24913
24914
24915
24916
24917
24918
24919
24920
24921
24922
24923
24924
24925
24926
24927
24928
24929
24930
24931
24932
24933
24934
24935
24936
24937
24938
24939
24940
24941
24942
24943
24944
24945
24946
24947
24948
24949
24950
24951
24952
24953
24954
24955
24956
24957
24958
24959
24960
24961
24962
24963
24964
24965
24966
24967
24968
24969
24970
24971
24972
24973
24974
24975
24976
24977
24978
24979
24980
24981
24982
24983
24984
24985
24986
24987
24988
24989
24990
24991
24992
24993
24994
24995
24996
24997
24998
24999
25000
25001
25002
25003
25004
25005
25006
25007
25008
25009
25010
25011
25012
25013
25014
25015
25016
25017
25018
25019
25020
25021
25022
25023
25024
25025
25026
25027
25028
25029
25030
25031
25032
25033
25034
25035
25036
25037
25038
25039
25040
25041
25042
25043
25044
25045
25046
25047
25048
25049
25050
25051
25052
25053
25054
25055
25056
25057
25058
25059
25060
25061
25062
25063
25064
25065
25066
25067
25068
25069
25070
25071
25072
25073
25074
25075
25076
25077
25078
25079
25080
25081
25082
25083
25084
25085
25086
25087
25088
25089
25090
25091
25092
25093
25094
25095
25096
25097
25098
25099
25100
25101
25102
25103
25104
25105
25106
25107
25108
25109
25110
25111
25112
25113
25114
25115
25116
25117
25118
25119
25120
25121
25122
25123
25124
25125
25126
25127
25128
25129
25130
25131
25132
25133
25134
25135
25136
25137
25138
25139
25140
25141
25142
25143
25144
25145
25146
25147
25148
25149
25150
25151
25152
25153
25154
25155
25156
25157
25158
25159
25160
25161
25162
25163
25164
25165
25166
25167
25168
25169
25170
25171
25172
25173
25174
25175
25176
25177
25178
25179
25180
25181
25182
25183
25184
25185
25186
25187
25188
25189
25190
25191
25192
25193
25194
25195
25196
25197
25198
25199
25200
25201
25202
25203
25204
25205
25206
25207
25208
25209
25210
25211
25212
25213
25214
25215
25216
25217
25218
25219
25220
25221
25222
25223
25224
25225
25226
25227
25228
25229
25230
25231
25232
25233
25234
25235
25236
25237
25238
25239
25240
25241
25242
25243
25244
25245
25246
25247
25248
25249
25250
25251
25252
25253
25254
25255
25256
25257
25258
25259
25260
25261
25262
25263
25264
25265
25266
25267
25268
25269
25270
25271
25272
25273
25274
25275
25276
25277
25278
25279
25280
25281
25282
25283
25284
25285
25286
25287
25288
25289
25290
25291
25292
25293
25294
25295
25296
25297
25298
25299
25300
25301
25302
25303
25304
25305
25306
25307
25308
25309
25310
25311
25312
25313
25314
25315
25316
25317
25318
25319
25320
25321
25322
25323
25324
25325
25326
25327
25328
25329
25330
25331
25332
25333
25334
25335
25336
25337
25338
25339
25340
25341
25342
25343
25344
25345
25346
25347
25348
25349
25350
25351
25352
25353
25354
25355
25356
25357
25358
25359
25360
25361
25362
25363
25364
25365
25366
25367
25368
25369
25370
25371
25372
25373
25374
25375
25376
25377
25378
25379
25380
25381
25382
25383
25384
25385
25386
25387
25388
25389
25390
25391
25392
25393
25394
25395
25396
25397
25398
25399
25400
25401
25402
25403
25404
25405
25406
25407
25408
25409
25410
25411
25412
25413
25414
25415
25416
25417
25418
25419
25420
25421
25422
25423
25424
25425
25426
25427
25428
25429
25430
25431
25432
25433
25434
25435
25436
25437
25438
25439
25440
25441
25442
25443
25444
25445
25446
25447
25448
25449
25450
25451
25452
25453
25454
25455
25456
25457
25458
25459
25460
25461
25462
25463
25464
25465
25466
25467
25468
25469
25470
25471
25472
25473
25474
25475
25476
25477
25478
25479
25480
25481
25482
25483
25484
25485
25486
25487
25488
25489
25490
25491
25492
25493
25494
25495
25496
25497
25498
25499
25500
25501
25502
25503
25504
25505
25506
25507
25508
25509
25510
25511
25512
25513
25514
25515
25516
25517
25518
25519
25520
25521
25522
25523
25524
25525
25526
25527
25528
25529
25530
25531
25532
25533
25534
25535
25536
25537
25538
25539
25540
25541
25542
25543
25544
25545
25546
25547
25548
25549
25550
25551
25552
25553
25554
25555
25556
25557
25558
25559
25560
25561
25562
25563
25564
25565
25566
25567
25568
25569
25570
25571
25572
25573
25574
25575
25576
25577
25578
25579
25580
25581
25582
25583
25584
25585
25586
25587
25588
25589
25590
25591
25592
25593
25594
25595
25596
25597
25598
25599
25600
25601
25602
25603
25604
25605
25606
25607
25608
25609
25610
25611
25612
25613
25614
25615
25616
25617
25618
25619
25620
25621
25622
25623
25624
25625
25626
25627
25628
25629
25630
25631
25632
25633
25634
25635
25636
25637
25638
25639
25640
25641
25642
25643
25644
25645
25646
25647
25648
25649
25650
25651
25652
25653
25654
25655
25656
25657
25658
25659
25660
25661
25662
25663
25664
25665
25666
25667
25668
25669
25670
25671
25672
25673
25674
25675
25676
25677
25678
25679
25680
25681
25682
25683
25684
25685
25686
25687
25688
25689
25690
25691
25692
25693
25694
25695
25696
25697
25698
25699
25700
25701
25702
25703
25704
25705
25706
25707
25708
25709
25710
25711
25712
25713
25714
25715
25716
25717
25718
25719
25720
25721
25722
25723
25724
25725
25726
25727
25728
25729
25730
25731
25732
25733
25734
25735
25736
25737
25738
25739
25740
25741
25742
25743
25744
25745
25746
25747
25748
25749
25750
25751
25752
25753
25754
25755
25756
25757
25758
25759
25760
25761
25762
25763
25764
25765
25766
25767
25768
25769
25770
25771
25772
25773
25774
25775
25776
25777
25778
25779
25780
25781
25782
25783
25784
25785
25786
25787
25788
25789
25790
25791
25792
25793
25794
25795
25796
25797
25798
25799
25800
25801
25802
25803
25804
25805
25806
25807
25808
25809
25810
25811
25812
25813
25814
25815
25816
25817
25818
25819
25820
25821
25822
25823
25824
25825
25826
25827
25828
25829
25830
25831
25832
25833
25834
25835
25836
25837
25838
25839
25840
25841
25842
25843
25844
25845
25846
25847
25848
25849
25850
25851
25852
25853
25854
25855
25856
25857
25858
25859
25860
25861
25862
25863
25864
25865
25866
25867
25868
25869
25870
25871
25872
25873
25874
25875
25876
25877
25878
25879
25880
25881
25882
25883
25884
25885
25886
25887
25888
25889
25890
25891
25892
25893
25894
25895
25896
25897
25898
25899
25900
25901
25902
25903
25904
25905
25906
25907
25908
25909
25910
25911
25912
25913
25914
25915
25916
25917
25918
25919
25920
25921
25922
25923
25924
25925
25926
25927
25928
25929
25930
25931
25932
25933
25934
25935
25936
25937
25938
25939
25940
25941
25942
25943
25944
25945
25946
25947
25948
25949
25950
25951
25952
25953
25954
25955
25956
25957
25958
25959
25960
25961
25962
25963
25964
25965
25966
25967
25968
25969
25970
25971
25972
25973
25974
25975
25976
25977
25978
25979
25980
25981
25982
25983
25984
25985
25986
25987
25988
25989
25990
25991
25992
25993
25994
25995
25996
25997
25998
25999
26000
26001
26002
26003
26004
26005
26006
26007
26008
26009
26010
26011
26012
26013
26014
26015
26016
26017
26018
26019
26020
26021
26022
26023
26024
26025
26026
26027
26028
26029
26030
26031
26032
26033
26034
26035
26036
26037
26038
26039
26040
26041
26042
26043
26044
26045
26046
26047
26048
26049
26050
26051
26052
26053
26054
26055
26056
26057
26058
26059
26060
26061
26062
26063
26064
26065
26066
26067
26068
26069
26070
26071
26072
26073
26074
26075
26076
26077
26078
26079
26080
26081
26082
26083
26084
26085
26086
26087
26088
26089
26090
26091
26092
26093
26094
26095
26096
26097
26098
26099
26100
26101
26102
26103
26104
26105
26106
26107
26108
26109
26110
26111
26112
26113
26114
26115
26116
26117
26118
26119
26120
26121
26122
26123
26124
26125
26126
26127
26128
26129
26130
26131
26132
26133
26134
26135
26136
26137
26138
26139
26140
26141
26142
26143
26144
26145
26146
26147
26148
26149
26150
26151
26152
26153
26154
26155
26156
26157
26158
26159
26160
26161
26162
26163
26164
26165
26166
26167
26168
26169
26170
26171
26172
26173
26174
26175
26176
26177
26178
26179
26180
26181
26182
26183
26184
26185
26186
26187
26188
26189
26190
26191
26192
26193
26194
26195
26196
26197
26198
26199
26200
26201
26202
26203
26204
26205
26206
26207
26208
26209
26210
26211
26212
26213
26214
26215
26216
26217
26218
26219
26220
26221
26222
26223
26224
26225
26226
26227
26228
26229
26230
26231
26232
26233
26234
26235
26236
26237
26238
26239
26240
26241
26242
26243
26244
26245
26246
26247
26248
26249
26250
26251
26252
26253
26254
26255
26256
26257
26258
26259
26260
26261
26262
26263
26264
26265
26266
26267
26268
26269
26270
26271
26272
26273
26274
26275
26276
26277
26278
26279
26280
26281
26282
26283
26284
26285
26286
26287
26288
26289
26290
26291
26292
26293
26294
26295
26296
26297
26298
26299
26300
26301
26302
26303
26304
26305
26306
26307
26308
26309
26310
26311
26312
26313
26314
26315
26316
26317
26318
26319
26320
26321
26322
26323
26324
26325
26326
26327
26328
26329
26330
26331
26332
26333
26334
26335
26336
26337
26338
26339
26340
26341
26342
26343
26344
26345
26346
26347
26348
26349
26350
26351
26352
26353
26354
26355
26356
26357
26358
26359
26360
26361
26362
26363
26364
26365
26366
26367
26368
26369
26370
26371
26372
26373
26374
26375
26376
26377
26378
26379
26380
26381
26382
26383
26384
26385
26386
26387
26388
26389
26390
26391
26392
26393
26394
26395
26396
26397
26398
26399
26400
26401
26402
26403
26404
26405
26406
26407
26408
26409
26410
26411
26412
26413
26414
26415
26416
26417
26418
26419
26420
26421
26422
26423
26424
26425
26426
26427
26428
26429
26430
26431
26432
26433
26434
26435
26436
26437
26438
26439
26440
26441
26442
26443
26444
26445
26446
26447
26448
26449
26450
26451
26452
26453
26454
26455
26456
26457
26458
26459
26460
26461
26462
26463
26464
26465
26466
26467
26468
26469
26470
26471
26472
26473
26474
26475
26476
26477
26478
26479
26480
26481
26482
26483
26484
26485
26486
26487
26488
26489
26490
26491
26492
26493
26494
26495
26496
26497
26498
26499
26500
26501
26502
26503
26504
26505
26506
26507
26508
26509
26510
26511
26512
26513
26514
26515
26516
26517
26518
26519
26520
26521
26522
26523
26524
26525
26526
26527
26528
26529
26530
26531
26532
26533
26534
26535
26536
26537
26538
26539
26540
26541
26542
26543
26544
26545
26546
26547
26548
26549
26550
26551
26552
26553
26554
26555
26556
26557
26558
26559
26560
26561
26562
26563
26564
26565
26566
26567
26568
26569
26570
26571
26572
26573
26574
26575
26576
26577
26578
26579
26580
26581
26582
26583
26584
26585
26586
26587
26588
26589
26590
26591
26592
26593
26594
26595
26596
26597
26598
26599
26600
26601
26602
26603
26604
26605
26606
26607
26608
26609
26610
26611
26612
26613
26614
26615
26616
26617
26618
26619
26620
26621
26622
26623
26624
26625
26626
26627
26628
26629
26630
26631
26632
26633
26634
26635
26636
26637
26638
26639
26640
26641
26642
26643
26644
26645
26646
26647
26648
26649
26650
26651
26652
26653
26654
26655
26656
26657
26658
26659
26660
26661
26662
26663
26664
26665
26666
26667
26668
26669
26670
26671
26672
26673
26674
26675
26676
26677
26678
26679
26680
26681
26682
26683
26684
26685
26686
26687
26688
26689
26690
26691
26692
26693
26694
26695
26696
26697
26698
26699
26700
26701
26702
26703
26704
26705
26706
26707
26708
26709
26710
26711
26712
26713
26714
26715
26716
26717
26718
26719
26720
26721
26722
26723
26724
26725
26726
26727
26728
26729
26730
26731
26732
26733
26734
26735
26736
26737
26738
26739
26740
26741
26742
26743
26744
26745
26746
26747
26748
26749
26750
26751
26752
26753
26754
26755
26756
26757
26758
26759
26760
26761
26762
26763
26764
26765
26766
26767
26768
26769
26770
26771
26772
26773
26774
26775
26776
26777
26778
26779
26780
26781
26782
26783
26784
26785
26786
26787
26788
26789
26790
26791
26792
26793
26794
26795
26796
26797
26798
26799
26800
26801
26802
26803
26804
26805
26806
26807
26808
26809
26810
26811
26812
26813
26814
26815
26816
26817
26818
26819
26820
26821
26822
26823
26824
26825
26826
26827
26828
26829
26830
26831
26832
26833
26834
26835
26836
26837
26838
26839
26840
26841
26842
26843
26844
26845
26846
26847
26848
26849
26850
26851
26852
26853
26854
26855
26856
26857
26858
26859
26860
26861
26862
26863
26864
26865
26866
26867
26868
26869
26870
26871
26872
26873
26874
26875
26876
26877
26878
26879
26880
26881
26882
26883
26884
26885
26886
26887
26888
26889
26890
26891
26892
26893
26894
26895
26896
26897
26898
26899
26900
26901
26902
26903
26904
26905
26906
26907
26908
26909
26910
26911
26912
26913
26914
26915
26916
26917
26918
26919
26920
26921
26922
26923
26924
26925
26926
26927
26928
26929
26930
26931
26932
26933
26934
26935
26936
26937
26938
26939
26940
26941
26942
26943
26944
26945
26946
26947
26948
26949
26950
26951
26952
26953
26954
26955
26956
26957
26958
26959
26960
26961
26962
26963
26964
26965
26966
26967
26968
26969
26970
26971
26972
26973
26974
26975
26976
26977
26978
26979
26980
26981
26982
26983
26984
26985
26986
26987
26988
26989
26990
26991
26992
26993
26994
26995
26996
26997
26998
26999
27000
27001
27002
27003
27004
27005
27006
27007
27008
27009
27010
27011
27012
27013
27014
27015
27016
27017
27018
27019
27020
27021
27022
27023
27024
27025
27026
27027
27028
27029
27030
27031
27032
27033
27034
27035
27036
27037
27038
27039
27040
27041
27042
27043
27044
27045
27046
27047
27048
27049
27050
27051
27052
27053
27054
27055
27056
27057
27058
27059
27060
27061
27062
27063
27064
27065
27066
27067
27068
27069
27070
27071
27072
27073
27074
27075
27076
27077
27078
27079
27080
27081
27082
27083
27084
27085
27086
27087
27088
27089
27090
27091
27092
27093
27094
27095
27096
27097
27098
27099
27100
27101
27102
27103
27104
27105
27106
27107
27108
27109
27110
27111
27112
27113
27114
27115
27116
27117
27118
27119
27120
27121
27122
27123
27124
27125
27126
27127
27128
27129
27130
27131
27132
27133
27134
27135
27136
27137
27138
27139
27140
27141
27142
27143
27144
27145
27146
27147
27148
27149
27150
27151
27152
27153
27154
27155
27156
27157
27158
27159
27160
27161
27162
27163
27164
27165
27166
27167
27168
27169
27170
27171
27172
27173
27174
27175
27176
27177
27178
27179
27180
27181
27182
27183
27184
27185
27186
27187
27188
27189
27190
27191
27192
27193
27194
27195
27196
27197
27198
27199
27200
27201
27202
27203
27204
27205
27206
27207
27208
27209
27210
27211
27212
27213
27214
27215
27216
27217
27218
27219
27220
27221
27222
27223
27224
27225
27226
27227
27228
27229
27230
27231
27232
27233
27234
27235
27236
27237
27238
27239
27240
27241
27242
27243
27244
27245
27246
27247
27248
27249
27250
27251
27252
27253
27254
27255
27256
27257
27258
27259
27260
27261
27262
27263
27264
27265
27266
27267
27268
27269
27270
27271
27272
27273
27274
27275
27276
27277
27278
27279
27280
27281
27282
27283
27284
27285
27286
27287
27288
27289
27290
27291
27292
27293
27294
27295
27296
27297
27298
27299
27300
27301
27302
27303
27304
27305
27306
27307
27308
27309
27310
27311
27312
27313
27314
27315
27316
27317
27318
27319
27320
27321
27322
27323
27324
27325
27326
27327
27328
27329
27330
27331
27332
27333
27334
27335
27336
27337
27338
27339
27340
27341
27342
27343
27344
27345
27346
27347
27348
27349
27350
27351
27352
27353
27354
27355
27356
27357
27358
27359
27360
27361
27362
27363
27364
27365
27366
27367
27368
27369
27370
27371
27372
27373
27374
27375
27376
27377
27378
27379
27380
27381
27382
27383
27384
27385
27386
27387
27388
27389
27390
27391
27392
27393
27394
27395
27396
27397
27398
27399
27400
27401
27402
27403
27404
27405
27406
27407
27408
27409
27410
27411
27412
27413
27414
27415
27416
27417
27418
27419
27420
27421
27422
27423
27424
27425
27426
27427
27428
27429
27430
27431
27432
27433
27434
27435
27436
27437
27438
27439
27440
27441
27442
27443
27444
27445
27446
27447
27448
27449
27450
27451
27452
27453
27454
27455
27456
27457
27458
27459
27460
27461
27462
27463
27464
27465
27466
27467
27468
27469
27470
27471
27472
27473
27474
27475
27476
27477
27478
27479
27480
27481
27482
27483
27484
27485
27486
27487
27488
27489
27490
27491
27492
27493
27494
27495
27496
27497
27498
27499
27500
27501
27502
27503
27504
27505
27506
27507
27508
27509
27510
27511
27512
27513
27514
27515
27516
27517
27518
27519
27520
27521
27522
27523
27524
27525
27526
27527
27528
27529
27530
27531
27532
27533
27534
27535
27536
27537
27538
27539
27540
27541
27542
27543
27544
27545
27546
27547
27548
27549
27550
27551
27552
27553
27554
27555
27556
27557
27558
27559
27560
27561
27562
27563
27564
27565
27566
27567
27568
27569
27570
27571
27572
27573
27574
27575
27576
27577
27578
27579
27580
27581
27582
27583
27584
27585
27586
27587
27588
27589
27590
27591
27592
27593
27594
27595
27596
27597
27598
27599
27600
27601
27602
27603
27604
27605
27606
27607
27608
27609
27610
27611
27612
27613
27614
27615
27616
27617
27618
27619
27620
27621
27622
27623
27624
27625
27626
27627
27628
27629
27630
27631
27632
27633
27634
27635
27636
27637
27638
27639
27640
27641
27642
27643
27644
27645
27646
27647
27648
27649
27650
27651
27652
27653
27654
27655
27656
27657
27658
27659
27660
27661
27662
27663
27664
27665
27666
27667
27668
27669
27670
27671
27672
27673
27674
27675
27676
27677
27678
27679
27680
27681
27682
27683
27684
27685
27686
27687
27688
27689
27690
27691
27692
27693
27694
27695
27696
27697
27698
27699
27700
27701
27702
27703
27704
27705
27706
27707
27708
27709
27710
27711
27712
27713
27714
27715
27716
27717
27718
27719
27720
27721
27722
27723
27724
27725
27726
27727
27728
27729
27730
27731
27732
27733
27734
27735
27736
27737
27738
27739
27740
27741
27742
27743
27744
27745
27746
27747
27748
27749
27750
27751
27752
27753
27754
27755
27756
27757
27758
27759
27760
27761
27762
27763
27764
27765
27766
27767
27768
27769
27770
27771
27772
27773
27774
27775
27776
27777
27778
27779
27780
27781
27782
27783
27784
27785
27786
27787
27788
27789
27790
27791
27792
27793
27794
27795
27796
27797
27798
27799
27800
27801
27802
27803
27804
27805
27806
27807
27808
27809
27810
27811
27812
27813
27814
27815
27816
27817
27818
27819
27820
27821
27822
27823
27824
27825
27826
27827
27828
27829
27830
27831
27832
27833
27834
27835
27836
27837
27838
27839
27840
27841
27842
27843
27844
27845
27846
27847
27848
27849
27850
27851
27852
27853
27854
27855
27856
27857
27858
27859
27860
27861
27862
27863
27864
27865
27866
27867
27868
27869
27870
27871
27872
27873
27874
27875
27876
27877
27878
27879
27880
27881
27882
27883
27884
27885
27886
27887
27888
27889
27890
27891
27892
27893
27894
27895
27896
27897
27898
27899
27900
27901
27902
27903
27904
27905
27906
27907
27908
27909
27910
27911
27912
27913
27914
27915
27916
27917
27918
27919
27920
27921
27922
27923
27924
27925
27926
27927
27928
27929
27930
27931
27932
27933
27934
27935
27936
27937
27938
27939
27940
27941
27942
27943
27944
27945
27946
27947
27948
27949
27950
27951
27952
27953
27954
27955
27956
27957
27958
27959
27960
27961
27962
27963
27964
27965
27966
27967
27968
27969
27970
27971
27972
27973
27974
27975
27976
27977
27978
27979
27980
27981
27982
27983
27984
27985
27986
27987
27988
27989
27990
27991
27992
27993
27994
27995
27996
27997
27998
27999
28000
28001
28002
28003
28004
28005
28006
28007
28008
28009
28010
28011
28012
28013
28014
28015
28016
28017
28018
28019
28020
28021
28022
28023
28024
28025
28026
28027
28028
28029
28030
28031
28032
28033
28034
28035
28036
28037
28038
28039
28040
28041
28042
28043
28044
28045
28046
28047
28048
28049
28050
28051
28052
28053
28054
28055
28056
28057
28058
28059
28060
28061
28062
28063
28064
28065
28066
28067
28068
28069
28070
28071
28072
28073
28074
28075
28076
28077
28078
28079
28080
28081
28082
28083
28084
28085
28086
28087
28088
28089
28090
28091
28092
28093
28094
28095
28096
28097
28098
28099
28100
28101
28102
28103
28104
28105
28106
28107
28108
28109
28110
28111
28112
28113
28114
28115
28116
28117
28118
28119
28120
28121
28122
28123
28124
28125
28126
28127
28128
28129
28130
28131
28132
28133
28134
28135
28136
28137
28138
28139
28140
28141
28142
28143
28144
28145
28146
28147
28148
28149
28150
28151
28152
28153
28154
28155
28156
28157
28158
28159
28160
28161
28162
28163
28164
28165
28166
28167
28168
28169
28170
28171
28172
28173
28174
28175
28176
28177
28178
28179
28180
28181
28182
28183
28184
28185
28186
28187
28188
28189
28190
28191
28192
28193
28194
28195
28196
28197
28198
28199
28200
28201
28202
28203
28204
28205
28206
28207
28208
28209
28210
28211
28212
28213
28214
28215
28216
28217
28218
28219
28220
28221
28222
28223
28224
28225
28226
28227
28228
28229
28230
28231
28232
28233
28234
28235
28236
28237
28238
28239
28240
28241
28242
28243
28244
28245
28246
28247
28248
28249
28250
28251
28252
28253
28254
28255
28256
28257
28258
28259
28260
28261
28262
28263
28264
28265
28266
28267
28268
28269
28270
28271
28272
28273
28274
28275
28276
28277
28278
28279
28280
28281
28282
28283
28284
28285
28286
28287
28288
28289
28290
28291
28292
28293
28294
28295
28296
28297
28298
28299
28300
28301
28302
28303
28304
28305
28306
28307
28308
28309
28310
28311
28312
28313
28314
28315
28316
28317
28318
28319
28320
28321
28322
28323
28324
28325
28326
28327
28328
28329
28330
28331
28332
28333
28334
28335
28336
28337
28338
28339
28340
28341
28342
28343
28344
28345
28346
28347
28348
28349
28350
28351
28352
28353
28354
28355
28356
28357
28358
28359
28360
28361
28362
28363
28364
28365
28366
28367
28368
28369
28370
28371
28372
28373
28374
28375
28376
28377
28378
28379
28380
28381
28382
28383
28384
28385
28386
28387
28388
28389
28390
28391
28392
28393
28394
28395
28396
28397
28398
28399
28400
28401
28402
28403
28404
28405
28406
28407
28408
28409
28410
28411
28412
28413
28414
28415
28416
28417
28418
28419
28420
28421
28422
28423
28424
28425
28426
28427
28428
28429
28430
28431
28432
28433
28434
28435
28436
28437
28438
28439
28440
28441
28442
28443
28444
28445
28446
28447
28448
28449
28450
28451
28452
28453
28454
28455
28456
28457
28458
28459
28460
28461
28462
28463
28464
28465
28466
28467
28468
28469
28470
28471
28472
28473
28474
28475
28476
28477
28478
28479
28480
28481
28482
28483
28484
28485
28486
28487
28488
28489
28490
28491
28492
28493
28494
28495
28496
28497
28498
28499
28500
28501
28502
28503
28504
28505
28506
28507
28508
28509
28510
28511
28512
28513
28514
28515
28516
28517
28518
28519
28520
28521
28522
28523
28524
28525
28526
28527
28528
28529
28530
28531
28532
28533
28534
28535
28536
28537
28538
28539
28540
28541
28542
28543
28544
28545
28546
28547
28548
28549
28550
28551
28552
28553
28554
28555
28556
28557
28558
28559
28560
28561
28562
28563
28564
28565
28566
28567
28568
28569
28570
28571
28572
28573
28574
28575
28576
28577
28578
28579
28580
28581
28582
28583
28584
28585
28586
28587
28588
28589
28590
28591
28592
28593
28594
28595
28596
28597
28598
28599
28600
28601
28602
28603
28604
28605
28606
28607
28608
28609
28610
28611
28612
28613
28614
28615
28616
28617
28618
28619
28620
28621
28622
28623
28624
28625
28626
28627
28628
28629
28630
28631
28632
28633
28634
28635
28636
28637
28638
28639
28640
28641
28642
28643
28644
28645
28646
28647
28648
28649
28650
28651
28652
28653
28654
28655
28656
28657
28658
28659
28660
28661
28662
28663
28664
28665
28666
28667
28668
28669
28670
28671
28672
28673
28674
28675
28676
28677
28678
28679
28680
28681
28682
28683
28684
28685
28686
28687
28688
28689
28690
28691
28692
28693
28694
28695
28696
28697
28698
28699
28700
28701
28702
28703
28704
28705
28706
28707
28708
28709
28710
28711
28712
28713
28714
28715
28716
28717
28718
28719
28720
28721
28722
28723
28724
28725
28726
28727
28728
28729
28730
28731
28732
28733
28734
28735
28736
28737
28738
28739
28740
28741
28742
28743
28744
28745
28746
28747
28748
28749
28750
28751
28752
28753
28754
28755
28756
28757
28758
28759
28760
28761
28762
28763
28764
28765
28766
28767
28768
28769
28770
28771
28772
28773
28774
28775
28776
28777
28778
28779
28780
28781
28782
28783
28784
28785
28786
28787
28788
28789
28790
28791
28792
28793
28794
28795
28796
28797
28798
28799
28800
28801
28802
28803
28804
28805
28806
28807
28808
28809
28810
28811
28812
28813
28814
28815
28816
28817
28818
28819
28820
28821
28822
28823
28824
28825
28826
28827
28828
28829
28830
28831
28832
28833
28834
28835
28836
28837
28838
28839
28840
28841
28842
28843
28844
28845
28846
28847
28848
28849
28850
28851
28852
28853
28854
28855
28856
28857
28858
28859
28860
28861
28862
28863
28864
28865
28866
28867
28868
28869
28870
28871
28872
28873
28874
28875
28876
28877
28878
28879
28880
28881
28882
28883
28884
28885
28886
28887
28888
28889
28890
28891
28892
28893
28894
28895
28896
28897
28898
28899
28900
28901
28902
28903
28904
28905
28906
28907
28908
28909
28910
28911
28912
28913
28914
28915
28916
28917
28918
28919
28920
28921
28922
28923
28924
28925
28926
28927
28928
28929
28930
28931
28932
28933
28934
28935
28936
28937
28938
28939
28940
28941
28942
28943
28944
28945
28946
28947
28948
28949
28950
28951
28952
28953
28954
28955
28956
28957
28958
28959
28960
28961
28962
28963
28964
28965
28966
28967
28968
28969
28970
28971
28972
28973
28974
28975
28976
28977
28978
28979
28980
28981
28982
28983
28984
28985
28986
28987
28988
28989
28990
28991
28992
28993
28994
28995
28996
28997
28998
28999
29000
29001
29002
29003
29004
29005
29006
29007
29008
29009
29010
29011
29012
29013
29014
29015
29016
29017
29018
29019
29020
29021
29022
29023
29024
29025
29026
29027
29028
29029
29030
29031
29032
29033
29034
29035
29036
29037
29038
29039
29040
29041
29042
29043
29044
29045
29046
29047
29048
29049
29050
29051
29052
29053
29054
29055
29056
29057
29058
29059
29060
29061
29062
29063
29064
29065
29066
29067
29068
29069
29070
29071
29072
29073
29074
29075
29076
29077
29078
29079
29080
29081
29082
29083
29084
29085
29086
29087
29088
29089
29090
29091
29092
29093
29094
29095
29096
29097
29098
29099
29100
29101
29102
29103
29104
29105
29106
29107
29108
29109
29110
29111
29112
29113
29114
29115
29116
29117
29118
29119
29120
29121
29122
29123
29124
29125
29126
29127
29128
29129
29130
29131
29132
29133
29134
29135
29136
29137
29138
29139
29140
29141
29142
29143
29144
29145
29146
29147
29148
29149
29150
29151
29152
29153
29154
29155
29156
29157
29158
29159
29160
29161
29162
29163
29164
29165
29166
29167
29168
29169
29170
29171
29172
29173
29174
29175
29176
29177
29178
29179
29180
29181
29182
29183
29184
29185
29186
29187
29188
29189
29190
29191
29192
29193
29194
29195
29196
29197
29198
29199
29200
29201
29202
29203
29204
29205
29206
29207
29208
29209
29210
29211
29212
29213
29214
29215
29216
29217
29218
29219
29220
29221
29222
29223
29224
29225
29226
29227
29228
29229
29230
29231
29232
29233
29234
29235
29236
29237
29238
29239
29240
29241
29242
29243
29244
29245
29246
29247
29248
29249
29250
29251
29252
29253
29254
29255
29256
29257
29258
29259
29260
29261
29262
29263
29264
29265
29266
29267
29268
29269
29270
29271
29272
29273
29274
29275
29276
29277
29278
29279
29280
29281
29282
29283
29284
29285
29286
29287
29288
29289
29290
29291
29292
29293
29294
29295
29296
29297
29298
29299
29300
29301
29302
29303
29304
29305
29306
29307
29308
29309
29310
29311
29312
29313
29314
29315
29316
29317
29318
29319
29320
29321
29322
29323
29324
29325
29326
29327
29328
29329
29330
29331
29332
29333
29334
29335
29336
29337
29338
29339
29340
29341
29342
29343
29344
29345
29346
29347
29348
29349
29350
29351
29352
29353
29354
29355
29356
29357
29358
29359
29360
29361
29362
29363
29364
29365
29366
29367
29368
29369
29370
29371
29372
29373
29374
29375
29376
29377
29378
29379
29380
29381
29382
29383
29384
29385
29386
29387
29388
29389
29390
29391
29392
29393
29394
29395
29396
29397
29398
29399
29400
29401
29402
29403
29404
29405
29406
29407
29408
29409
29410
29411
29412
29413
29414
29415
29416
29417
29418
29419
29420
29421
29422
29423
29424
29425
29426
29427
29428
29429
29430
29431
29432
29433
29434
29435
29436
29437
29438
29439
29440
29441
29442
29443
29444
29445
29446
29447
29448
29449
29450
29451
29452
29453
29454
29455
29456
29457
29458
29459
29460
29461
29462
29463
29464
29465
29466
29467
29468
29469
29470
29471
29472
29473
29474
29475
29476
29477
29478
29479
29480
29481
29482
29483
29484
29485
29486
29487
29488
29489
29490
29491
29492
29493
29494
29495
29496
29497
29498
29499
29500
29501
29502
29503
29504
29505
29506
29507
29508
29509
29510
29511
29512
29513
29514
29515
29516
29517
29518
29519
29520
29521
29522
29523
29524
29525
29526
29527
29528
29529
29530
29531
29532
29533
29534
29535
29536
29537
29538
29539
29540
29541
29542
29543
29544
29545
29546
29547
29548
29549
29550
29551
29552
29553
29554
29555
29556
29557
29558
29559
29560
29561
29562
29563
29564
29565
29566
29567
29568
29569
29570
29571
29572
29573
29574
29575
29576
29577
29578
29579
29580
29581
29582
29583
29584
29585
29586
29587
29588
29589
29590
29591
29592
29593
29594
29595
29596
29597
29598
29599
29600
29601
29602
29603
29604
29605
29606
29607
29608
29609
29610
29611
29612
29613
29614
29615
29616
29617
29618
29619
29620
29621
29622
29623
29624
29625
29626
29627
29628
29629
29630
29631
29632
29633
29634
29635
29636
29637
29638
29639
29640
29641
29642
29643
29644
29645
29646
29647
29648
29649
29650
29651
29652
29653
29654
29655
29656
29657
29658
29659
29660
29661
29662
29663
29664
29665
29666
29667
29668
29669
29670
29671
29672
29673
29674
29675
29676
29677
29678
29679
29680
29681
29682
29683
29684
29685
29686
29687
29688
29689
29690
29691
29692
29693
29694
29695
29696
29697
29698
29699
29700
29701
29702
29703
29704
29705
29706
29707
29708
29709
29710
29711
29712
29713
29714
29715
29716
29717
29718
29719
29720
29721
29722
29723
29724
29725
29726
29727
29728
29729
29730
29731
29732
29733
29734
29735
29736
29737
29738
29739
29740
29741
29742
29743
29744
29745
29746
29747
29748
29749
29750
29751
29752
29753
29754
29755
29756
29757
29758
29759
29760
29761
29762
29763
29764
29765
29766
29767
29768
29769
29770
29771
29772
29773
29774
29775
29776
29777
29778
29779
29780
29781
29782
29783
29784
29785
29786
29787
29788
29789
29790
29791
29792
29793
29794
29795
29796
29797
29798
29799
29800
29801
29802
29803
29804
29805
29806
29807
29808
29809
29810
29811
29812
29813
29814
29815
29816
29817
29818
29819
29820
29821
29822
29823
29824
29825
29826
29827
29828
29829
29830
29831
29832
29833
29834
29835
29836
29837
29838
29839
29840
29841
29842
29843
29844
29845
29846
29847
29848
29849
29850
29851
29852
29853
29854
29855
29856
29857
29858
29859
29860
29861
29862
29863
29864
29865
29866
29867
29868
29869
29870
29871
29872
29873
29874
29875
29876
29877
29878
29879
29880
29881
29882
29883
29884
29885
29886
29887
29888
29889
29890
29891
29892
29893
29894
29895
29896
29897
29898
29899
29900
29901
29902
29903
29904
29905
29906
29907
29908
29909
29910
29911
29912
29913
29914
29915
29916
29917
29918
29919
29920
29921
29922
29923
29924
29925
29926
29927
29928
29929
29930
29931
29932
29933
29934
29935
29936
29937
29938
29939
29940
29941
29942
29943
29944
29945
29946
29947
29948
29949
29950
29951
29952
29953
29954
29955
29956
29957
29958
29959
29960
29961
29962
29963
29964
29965
29966
29967
29968
29969
29970
29971
29972
29973
29974
29975
29976
29977
29978
29979
29980
29981
29982
29983
29984
29985
29986
29987
29988
29989
29990
29991
29992
29993
29994
29995
29996
29997
29998
29999
30000
19766
17863
18838
13239
28686
14519
26123
7122
7316
25285
11353
6353
2366
9410
8652
22930
24713
3635
29675
16264
3000
21409
5950
6147
14726
19609
8722
13220
14841
22758
26295
6944
21841
14744
18879
11065
11359
18040
10931
6586
27264
422
11000
22235
247
29186
29072
22432
23921
12869
11409
12760
8412
20466
22900
2934
1455
8153
16898
7265
6983
3499
2568
22637
21227
27189
9728
13967
16306
22243
1195
27181
21321
732
2627
9677
948
18002
29870
28299
11534
4384
23795
14802
4691
24423
2650
28820
28386
3589
11898
18339
15539
2499
21563
7663
114
18635
11073
22882
10714
5564
1603
24843
1674
19654
5922
29617
1656
14296
15734
26469
29740
1620
26521
23325
19024
11718
9888
9742
17708
29355
13410
17379
7696
28196
27968
7960
687
12520
12600
8748
21769
6441
16843
15511
10511
20623
10572
22992
29558
26505
21351
2878
728
28014
9273
9267
18598
20787
19302
21639
11607
18888
11120
5323
10641
29028
26470
9466
5135
2282
3999
2501
16660
3312
21601
15121
19
27079
6264
20739
21843
3068
21410
3464
26683
17003
21739
3567
602
69
5578
20448
22271
25625
24716
13108
13431
21757
28117
25645
11358
4955
5081
22573
4613
20567
9612
12386
2457
12686
23797
5698
12421
20597
14166
29794
22025
23608
7161
22222
18000
3404
22105
1888
13005
13886
11672
7648
19843
18515
19852
14405
3185
5158
17424
6698
18784
18426
14921
29800
197
19526
3102
8311
3002
23599
20919
22249
6517
4566
20987
20647
23019
17468
12550
22645
4464
28317
1953
26084
26702
21434
608
13601
1201
24293
10467
26220
24261
19867
16985
4447
13735
16471
19592
26868
13249
5106
9662
16234
23917
14300
15982
23063
23563
22458
7718
6730
23440
27698
14887
14059
12446
5200
16323
5422
28844
22049
15149
18327
29481
29577
1742
8516
6509
23208
14205
28557
21598
29803
26333
23938
7661
12499
23084
26659
28069
23060
23548
26330
3371
1714
21412
28760
4500
22934
2055
19550
18113
2406
10208
12883
15129
24194
1956
29425
17877
10567
6488
12378
27547
11189
18850
13231
28621
14976
23962
15977
3632
27694
54
22467
7375
14335
24023
6378
15687
26758
2172
3177
29049
12903
2554
13084
3668
23514
24810
1547
83
6357
17520
27205
9250
27937
23040
17360
26138
22719
29853
943
10825
29846
12405
18987
7090
17357
8455
12593
28507
13905
23915
18398
12037
7979
5196
11545
19126
4620
29050
26153
24295
29640
19914
13283
11233
21342
14757
6408
16396
29738
15418
24383
95
3266
28455
11912
25094
3012
22484
27517
22701
4428
13028
19007
16362
6549
4857
26448
22756
28712
1832
2631
20388
24777
24250
1037
15684
14843
13689
11313
26583
14469
15347
12234
13631
1390
7891
2177
28575
9740
10798
7086
10457
21766
19200
5942
9209
17050
6224
13732
26744
29228
22844
21919
15552
205
5214
6406
4792
1877
9522
23887
15349
4326
10435
3619
17656
401
20722
14718
15976
8084
27239
3963
2117
10140
17767
17920
13986
19334
13279
29604
21773
24954
6973
24360
27494
15328
20742
5880
21945
12444
5496
10818
17042
4922
12247
15502
25672
8483
10713
160
19030
13913
15405
20633
11467
2539
9222
17596
2829
29191
24547
23279
18308
12675
21838
15681
5778
13739
15724
20292
10644
10544
28596
9311
28184
11633
21703
18365
13392
26397
13747
727
18323
13046
26972
19037
6937
14076
10763
24516
7442
29241
12737
3689
2135
16018
27336
12605
4752
17577
1923
8548
25308
28252
375
19266
12438
16506
14174
19682
13248
15403
21006
26117
10651
10574
20851
18005
8216
15689
19578
17117
2510
5421
20036
24273
22942
5921
20654
23569
29105
12780
21529
24087
25624
6504
8021
19122
4493
5478
1848
12892
14928
6438
29679
24766
701
22437
9230
10975
4991
8315
2852
3836
22723
3670
28631
18468
10417
13322
28979
27011
23524
15286
26727
347
1279
6238
18721
17314
9036
24487
26911
21431
8119
439
6953
5111
23160
4570
4295
21384
16948
22892
17775
23112
12768
9923
20711
9711
14246
9157
19499
1369
22696
11031
29707
20764
1960
28392
29662
22282
754
29470
11553
8737
12509
28344
10016
5591
22717
2911
18235
12669
3776
356
1532
23381
7331
10120
8461
21440
24118
24366
19402
15080
1309
15953
12655
18777
13902
8033
12462
6364
27959
28248
17785
1090
6055
4642
4059
3399
3238
8268
15163
1647
13081
11101
20196
4071
17092
29720
29884
25874
16582
24051
15990
17758
17822
7155
23707
11021
26292
24466
1108
28318
13401
13634
9615
22257
10703
1872
21970
1489
1618
10794
27701
14305
650
28765
26091
19726
20105
26650
6103
14311
5608
27080
11337
21042
28744
5813
12210
5835
29638
24818
17634
19745
24856
25811
2211
20845
14562
25178
16158
10359
19455
7694
24525
5011
13741
7616
16864
15601
17278
16707
10669
5159
23182
22760
18707
29950
19596
23129
17892
29645
4383
25805
17751
13903
17603
5666
27113
26491
15324
3545
7847
18669
3144
4525
29084
9927
21964
7781
27675
26584
2205
13921
26165
17878
15529
19835
28263
19559
24057
21036
11808
24987
27088
21501
19238
13721
5317
21021
15559
17616
22554
10039
23816
14416
4944
1996
28057
8847
7684
13177
3808
1211
9243
20051
16036
23479
13080
14116
24621
2889
6861
4243
27323
23031
19184
253
22453
3790
11598
25839
10741
1285
19528
8297
22124
8363
2111
26598
16563
4516
22742
4940
28345
16260
3747
20710
22174
8851
21236
19961
26772
25503
7438
20375
5966
4110
552
21735
7285
21459
12085
13890
18053
4956
21700
22229
8980
9558
10645
15264
5896
26161
2006
15173
1692
29697
26150
26280
882
15220
28398
28420
5308
6901
15979
5303
23281
24620
25407
6763
27169
25650
27003
6243
23806
29024
26134
17135
5261
13123
25945
18884
3977
12587
18213
17593
28804
2744
11336
4952
24050
2541
2838
5256
16200
24397
9847
14004
28139
1538
17055
3987
863
22195
28886
22706
29004
4366
26050
3315
17693
6665
1553
17106
12918
8693
9861
9246
13623
20829
3825
24125
15987
240
23587
8352
265
4024
29879
4044
6985
9976
1191
10105
26311
26974
2763
5192
19143
1700
16424
8190
5703
2857
17941
26176
11636
22888
1859
21599
27195
13846
26698
357
10859
10537
21074
11377
2856
26879
12919
17777
20971
1214
21634
15048
26411
635
13653
15648
12138
28371
13186
16326
19779
13923
8609
1323
8488
14200
26066
21587
7292
26495
555
11496
4937
18949
14528
3072
27227
28523
3979
17705
11871
26462
12042
25366
20828
1271
86
1332
10145
19175
26301
20398
27308
22097
11801
28603
26081
23119
24212
12441
18852
9454
28768
25587
26473
2916
6904
13110
5609
7887
22350
3196
23580
26786
24724
6366
20701
23037
20627
12189
132
11539
12236
23511
15216
6636
8166
14327
7582
13225
8195
23211
21512
7184
16570
4832
3912
15695
11407
26714
16585
20221
27690
15784
3123
26865
26483
719
21871
27464
11657
1786
6401
28178
4102
18189
13477
25589
23448
22912
28527
20293
17286
25059
18607
7990
7882
19703
22874
8086
5228
10554
9778
24622
8171
16411
15655
4157
25568
13711
2785
23174
4795
4698
11316
609
10916
28559
561
7889
11523
26891
12601
18152
29081
16675
13374
22962
773
740
11266
6529
5839
5732
3211
17430
20429
7586
18280
7825
9936
14493
18778
10176
28847
7367
18835
21468
28084
7817
501
14925
29849
3613
17340
19231
9967
5522
25246
27728
28447
22422
20229
3236
18056
12705
29553
12245
7588
1928
15924
18510
10156
27630
26102
3628
15346
17924
15118
14380
27190
7597
7994
7577
19629
1694
28959
2402
19485
26624
8173
258
16933
8741
25939
2104
3463
20449
24427
3306
17352
23787
6891
25979
16636
11528
4388
8827
29573
5771
19996
4492
12615
4035
10532
24394
15876
22854
25775
11076
26101
28865
25179
28048
27135
27412
2095
7132
8630
25490
13301
7818
21043
19165
7029
19872
12660
28473
4131
20985
9563
14539
3108
10030
2005
9988
23293
18004
18116
10675
24434
9702
10788
29991
15621
23007
17277
19435
26179
1916
9921
20885
1182
26349
5801
13213
1794
9228
20520
26486
7186
14914
5373
13693
17771
14046
12818
14334
14419
5886
9443
25519
15179
28163
26439
556
19497
24416
17560
5052
19933
18840
24600
20500
21381
28624
20360
25375
7788
13805
29114
23730
6373
14599
14580
21287
9345
26257
15386
9031
23122
1398
18044
14306
5049
9863
17415
9405
17619
16048
24676
7669
188
23759
22793
17075
28198
18544
19488
1334
9893
7549
17707
28481
20538
6850
23589
6974
14140
6306
1937
29282
22662
1898
19182
2983
2748
5573
3857
9355
19937
2590
24562
9473
20382
6361
5436
7798
71
796
19120
13276
1546
10148
17234
7927
28119
26354
18338
12941
25592
3883
3407
12274
21478
12073
28794
3737
1715
4983
16703
27594
4889
18729
3158
22652
13952
16333
3467
19857
5438
10066
5195
13390
6185
11289
28633
19255
7552
17799
14764
21377
7140
8673
20734
15196
28006
6611
2817
28757
25386
27778
1308
10913
9152
6399
29392
4336
13364
17824
20439
22736
23651
13863
17247
661
22843
29653
27277
15873
28805
12220
10366
24855
5234
20683
20199
17190
230
7199
3647
5357
17687
16447
20224
11882
14972
17140
19444
6731
403
8414
425
26882
28171
27950
801
6308
5729
25262
16399
4404
4271
28648
16708
9577
7948
27525
27849
20342
592
12278
13040
13916
29927
21603
570
12309
9297
17350
9265
6875
6867
11454
4635
2392
23443
11347
20655
23482
3370
6729
23207
27231
25411
28238
3276
20732
11282
29001
13357
20877
17184
29792
23005
23375
12860
10748
3680
18224
20592
21088
19309
23349
5030
1708
27141
22567
6739
5992
23554
13032
13730
27360
19925
12140
11777
15238
25866
26573
29804
24677
24478
17442
14575
25724
12763
25818
17258
1745
19989
25767
20028
23092
24480
24196
26533
5693
17829
18201
9867
17143
16619
19905
18034
20305
21643
16921
14396
14622
11612
10761
3585
22424
9602
20109
3087
8779
13452
7306
22754
13506
19448
28172
29222
8856
29252
5568
29729
21044
26326
10925
1420
190
23740
27956
22101
20944
18708
18162
24684
11093
2066
4171
25914
17137
16269
19305
15411
9578
25243
26873
16735
1012
12219
9613
5007
24223
16011
25461
3290
19389
7961
4766
27416
8397
14284
13256
17070
1562
5911
12511
14390
1843
5837
17928
20061
16567
23956
24191
6903
16644
29415
28242
970
23287
20450
29744
20143
22231
11734
9056
20222
5448
29216
2698
28521
20374
22474
6322
14961
5179
10664
191
19287
12087
24048
15213
26202
22904
24418
13142
12795
9490
23064
29487
24412
10184
11850
8029
21584
17765
29310
22540
24874
24925
24243
26001
27214
17238
26804
27319
3756
3626
27100
5549
19210
24330
11284
11610
12693
16379
5144
7507
10068
16557
5204
13790
11872
7314
20055
20251
7526
12741
4103
14621
12384
11769
3715
3192
1940
4788
27098
23226
8789
888
26353
10293
10594
23957
29197
3118
5555
6267
8180
25923
5379
27405
8274
5745
3722
6747
24277
12703
3573
18144
26012
18287
21955
15096
21099
9395
12645
21606
19215
11042
27223
16817
14254
1410
17162
21370
24977
23595
5047
21893
18374
5999
27550
22740
6542
2783
23955
11383
14388
25133
10984
29156
7612
16454
27926
27646
21701
13014
19267
28053
14687
28935
24364
11687
14516
4760
28459
2192
12128
22039
13778
2266
1307
3795
18124
27878
26022
22498
20969
29986
25272
15526
17048
3758
15429
18141
7455
15289
10080
13951
28233
25823
7374
2887
6473
23465
14864
16663
13901
12408
21852
21752
17979
9645
9849
492
19191
26828
5843
23648
13804
8252
23288
3666
14197
13233
27364
1874
25762
27470
25355
13300
12789
9970
14610
2769
182
7896
28017
8492
2679
8908
6970
13163
21571
11009
11837
2555
18921
9887
19928
1608
19280
23758
969
28026
8910
5713
62
23371
22502
3559
27390
27163
20041
25439
25276
13298
9759
9417
11445
7983
23631
11519
1484
10697
5503
9886
20691
27036
9851
1478
9506
27315
26337
27555
12171
24133
28946
23310
20488
18063
3642
5119
26672
2184
20759
22827
13866
17141
23765
27673
25234
2820
14881
7368
17375
1515
24068
22120
8954
21101
19839
28720
14913
16347
8533
583
11738
23245
4092
15780
18654
14343
19965
8158
19026
28206
941
5033
6496
19016
26350
2786
8788
2976
19459
15997
29047
10028
12312
2903
29430
13076
28079
8374
12202
14699
893
14381
18329
21373
3202
13573
25191
604
26690
22083
23077
4198
27491
13511
20424
27890
1505
742
8406
12416
5
6510
24801
19636
26632
29265
16135
24344
23885
10882
2179
21714
20886
5659
27602
23617
28166
12364
19360
20225
10192
8224
3455
10407
16790
23616
29855
19111
3045
29262
7181
21837
18254
10977
17512
11915
22303
23474
3582
13547
6068
14326
221
16151
638
972
16704
14932
17105
27988
26393
27433
1146
5136
20902
1024
6521
8062
22473
19447
12358
7862
29260
29466
21272
21704
7050
5266
26985
23350
27815
9365
3008
17827
14244
27995
20864
20517
24903
7334
26399
755
11161
5149
20685
2201
1409
28145
7986
28938
22776
26803
11229
29061
354
17729
4971
5773
23909
3496
5869
22106
19988
20649
26370
14223
11242
1573
17041
9374
11793
19411
2560
3225
6518
23904
573
12212
7981
1739
7894
25264
21274
22015
14105
23017
16361
19211
22641
4536
27925
3657
19390
21531
22709
9498
8786
10079
14359
20171
27401
5770
21365
15037
774
28929
1495
23327
17368
12258
19669
11819
20347
15459
11158
11577
15893
21856
20364
26274
2367
8240
21286
781
4528
22214
15494
25248
27034
17594
18783
4734
23954
18200
20373
27246
2070
7650
25315
15664
17714
22899
1462
29046
9596
18667
17418
8901
24365
28860
10840
24129
29694
17334
9534
23192
24573
3993
23169
8955
24781
18376
11032
25852
756
16080
5629
10731
14490
22885
11811
23322
22048
21723
18266
6031
12184
17153
12585
23393
5279
29818
6240
14987
329
22673
27279
9809
12668
23367
21569
260
28372
29292
29757
23330
8610
17898
15541
13176
8105
20445
20168
6392
14665
19639
1378
22596
24683
29324
18314
25731
10948
1015
19284
12193
10383
620
17361
25410
4579
4335
1915
274
21913
5380
23094
10051
9509
26213
2839
2208
4488
2113
8965
9853
983
21833
19685
15550
27067
24294
8292
7379
12506
3092
4056
21120
5684
17852
14393
13758
24320
9792
22526
15001
11163
25041
26940
8768
16334
27612
2479
19904
27172
19863
18936
28402
15574
20473
7151
11117
22845
19909
12602
20993
12035
3391
6499
3772
27787
11366
4379
27473
12198
7843
27072
24014
9926
106
11443
2640
13151
6242
26227
17
4225
14032
27939
4358
26306
29974
11060
29663
3896
4195
14926
5972
28746
15815
29059
4097
10294
894
22150
7342
508
7906
15652
20718
16228
10705
14879
7664
19010
28995
7593
14266
16299
102
975
27138
25427
853
11826
21442
11524
21157
28247
2136
25621
27828
18849
7654
11309
19043
5375
900
21383
25165
11542
19587
15006
25827
24406
15028
7205
9169
13362
11070
8481
12767
1268
21254
1849
4031
28705
1646
64
18710
24197
24081
3517
13572
1444
4340
4242
14394
27493
28155
24417
16511
27301
8089
9664
6247
3195
20385
10342
19015
17985
4237
11626
14147
13143
24598
530
24970
25565
10161
12852
21158
12579
15508
28275
5937
23181
6384
25098
24618
7195
1676
24728
16712
5460
733
23490
3655
18404
1216
19005
4879
11711
28478
14512
13033
10725
28516
666
13270
21417
29727
24666
15868
7330
8362
17138
20822
22856
28120
6356
5187
11204
6248
9959
7923
29871
27129
24168
12235
3610
3381
20510
15425
24898
4445
16226
1907
22684
25017
9652
3969
16975
18215
19342
14547
23802
9549
17397
21706
5849
339
1734
26076
8096
15021
20920
26327
362
26523
12134
3648
2187
2951
24645
28231
19588
14797
14454
20258
16650
21687
7065
10090
1664
615
5863
4444
23853
15796
22584
14991
27582
26002
25282
4443
14084
29413
13797
20156
676
5954
12726
5212
17476
17144
11890
7025
21624
13435
4303
3425
29003
9061
1642
6258
13451
24377
27215
22477
23486
5706
26429
22733
22681
24759
7478
586
23090
23217
20547
15218
21323
20260
29812
17692
17569
24576
16826
17392
14374
25514
21461
18640
2669
2012
5313
4542
87
1886
6814
4178
26265
5595
26456
10444
29387
27965
21636
25526
19773
17408
29000
23863
979
2635
24283
12621
28385
6881
29658
9658
5290
29620
18576
28994
26509
5786
8113
13780
9462
12490
8809
16768
22772
3240
12016
28276
22357
14741
21660
15023
20702
21988
6284
19558
19381
26603
27984
5326
6976
26618
27039
18362
4759
20093
3643
14965
3210
7463
10867
2790
18737
1377
9444
7895
14049
4190
28578
29103
22092
12558
3483
21865
28871
14522
28182
13488
14342
4593
16024
3299
12394
25472
4368
15699
3523
25226
2721
8050
11741
22258
14063
4207
13466
27996
7241
14126
235
19736
3376
12341
29334
24336
9041
8393
7185
3388
27667
4288
21674
20895
9724
21885
25082
12757
14563
2339
20054
21907
6986
2960
2027
11982
14020
9517
24996
8280
12392
8785
21546
13069
22203
4320
27534
24820
25305
18380
29144
29245
12388
20747
7930
22730
9909
11756
1689
28599
8364
5705
29400
14290
2313
28289
15854
19811
8611
8319
26492
23204
20001
6940
29759
23520
26209
4348
26936
11283
12538
24013
9493
6460
25959
24392
13929
13931
8708
8154
4115
16458
29378
18895
1139
11514
25356
10650
17435
9704
23145
17700
2529
13178
23952
19093
24405
26894
22273
3219
29623
27408
28477
2622
2768
18060
10390
26529
11853
5282
24914
6475
26815
11619
15355
22829
24985
2909
1592
11305
15503
15758
10795
18563
14747
3357
29168
27438
13649
27576
21234
14566
19780
24217
5154
26900
13618
723
8263
17201
21337
19204
25517
4658
21933
6640
1049
27853
20469
24163
6583
24443
28628
13404
5206
17038
2950
1617
14686
668
13979
28397
7713
15177
27177
6124
20509
19192
19171
14274
4472
15486
13245
682
26857
11004
26173
959
6346
19076
19834
3842
23603
17089
3948
4543
23423
12717
13047
15548
7931
21317
16497
20572
22634
24208
24326
22623
21201
15805
5015
7823
26210
16239
13712
19240
6938
6619
12373
1349
13832
13776
4883
19374
10595
13318
23959
4669
266
3417
14762
6457
19812
27551
26039
28749
15189
2782
17391
17024
20869
21727
17737
29665
31
8607
19486
10160
18828
18874
6209
4908
27325
22658
4534
18409
28901
19198
18614
2573
14442
2477
29692
24714
17769
22908
16201
21591
4181
20755
16126
20356
19757
5908
2518
3121
13140
28229
25652
935
5556
10909
25324
16282
13927
10062
22571
17926
6335
18313
18890
3255
14995
15896
22954
8122
16719
29247
24832
4192
889
17095
7712
13784
4058
27111
22213
7250
11739
27603
17640
7764
27313
27031
8408
15810
9628
8228
17890
15642
22794
26833
29397
17281
13200
27558
8506
29515
26931
8299
17706
16105
21669
823
21450
8428
18165
16013
12469
13724
6215
15600
9995
9787
8194
1431
15330
20922
17899
28835
11055
17437
24790
26364
1366
15311
12248
8244
20461
11325
21812
24236
25927
22091
5518
2611
9835
20775
15741
20610
27330
1315
12546
12420
22728
20139
8524
24639
23108
5382
11141
9408
23610
2578
14074
14033
17078
20765
21862
10227
15789
10256
14021
9352
9104
5737
18797
6511
5318
20769
3932
9022
636
3269
8569
26204
13315
11245
16572
16988
26252
16639
18693
20432
9325
28443
19324
5101
13138
1045
6898
3743
20617
5891
8012
20946
4876
13012
24447
15739
15701
2431
28015
7064
13139
13377
6745
8595
21008
25501
19954
3428
630
21780
23183
25037
29411
22104
9710
20465
5606
12568
27484
5271
9930
15016
16484
18508
20108
11063
26551
23786
20792
15705
3805
29108
20010
10000
1027
14955
21187
6568
13817
25019
3190
1473
3854
18148
16272
27452
9621
21612
26047
22604
23864
416
386
29721
9609
29389
22343
4725
29468
22700
19014
21121
11685
9961
13351
14151
21966
18501
27084
6420
15106
3768
14845
862
7638
15703
489
9641
14784
12185
9618
24040
3734
1296
13563
28991
26649
19970
26749
29311
3547
13198
12793
876
3887
23323
20237
11952
5063
14089
12557
28642
11541
12503
1266
28157
3570
12197
8770
14679
28152
12260
21981
29811
5967
16685
22600
23771
14133
29547
29431
15629
13025
24794
19164
5150
12525
11401
8011
24922
9046
25338
23591
15049
28489
18160
9798
1053
14410
26097
6385
17597
13360
11002
23905
25834
23752
21821
6754
14496
26770
24076
17897
24844
21896
27691
17576
20949
8858
26592
4633
26531
27458
27882
116
3521
21113
10538
18787
25093
1143
3718
6941
15053
25498
15443
24887
19348
25715
12985
17158
13630
22704
9488
25603
27398
4719
25263
14233
21143
2075
17580
11639
6483
21510
5878
52
8819
29276
5761
28360
27526
29762
21976
24193
4087
5399
26607
13181
5989
10600
15786
8794
17193
20355
29690
6104
26323
4554
1040
20428
23851
14446
23199
15951
16123
1974
28695
20220
8706
9688
551
7159
17867
19770
16587
17803
2802
4994
27479
20967
11041
24227
23552
4555
10240
24710
10990
6202
29032
23271
14655
12821
21962
19248
26385
28616
9124
21616
21818
7934
28479
17309
13118
24415
7480
12910
5468
1161
10833
23104
11543
28594
5960
1429
12775
5788
2335
20420
24869
6533
7136
16669
19665
19018
16562
5244
2044
24952
25170
3320
19249
4993
3212
5322
29314
14501
13075
18077
21525
13940
4043
24817
9865
15722
21107
24520
13700
23525
15077
24778
23522
12897
18580
4779
11740
17394
19205
257
28270
28848
18893
26541
873
24181
968
3595
19186
2305
1992
10583
27480
11907
19903
7955
26889
22875
27788
25057
25345
23820
13504
19753
13229
1757
22298
15181
4640
25062
18024
24581
24202
26277
22769
28297
9829
1509
5763
749
5674
11873
18476
18691
1103
5319
16438
7410
4630
3183
5012
23273
6113
665
3025
2430
25141
16822
2957
9139
10014
15422
3127
3843
3328
20604
15217
3345
15639
16846
10461
16212
26817
4361
10144
25671
6084
8489
19483
5615
2999
14127
29031
17760
27858
1292
15436
28698
1252
28738
11463
15861
571
5856
12381
13789
28167
10781
27917
13128
5762
8682
10578
23551
16775
6295
23283
6302
13423
13813
22812
19860
13187
17919
25211
11997
16276
17655
29287
17740
16387
21551
23372
24095
8991
16236
9322
13722
25174
28660
21429
22393
4815
2234
24044
20918
6314
24278
2163
16182
9227
20408
29043
17228
8528
22688
29154
3543
7138
11688
25158
14014
11134
256
25915
248
11154
6003
26881
13595
8531
29112
9329
8426
25013
14245
17697
9520
10635
8169
21530
26508
11918
8826
21815
22338
20421
2837
18724
12280
10914
93
26997
28591
12
27767
26569
29590
5371
24122
3006
20894
4606
28227
16213
16335
1855
3265
18244
26303
21263
14600
23067
22860
6025
18187
358
12452
15969
19148
19188
24890
16140
13930
65
26270
14451
27647
464
27922
8448
26298
10086
19837
7867
20050
301
22275
28801
30000
29698
3847
2294
2389
21425
9482
20436
324
28037
25895
19955
12997
23833
4558
13310
12402
4708
12167
27288
17554
5489
28611
19096
16210
4784
22442
9954
14083
17324
16189
1566
13807
25095
17830
17949
28240
8549
24701
13135
2787
2093
14
16863
108
1463
15423
3205
23999
29820
15877
22766
39
5025
27779
2009
24966
19782
22391
29022
8884
655
19400
16614
27746
6655
1144
19652
1324
25340
14323
19908
8679
16408
18402
11125
22788
16429
15245
2703
19234
18145
8422
24444
21448
28348
4540
23411
10083
23337
24386
16938
27808
12738
25955
20410
349
3745
27324
9088
16591
6326
28512
23402
17511
29471
515
9217
22718
11520
22832
8866
11474
29642
22789
3524
21414
25580
25195
3139
9569
7076
24186
5018
1750
15577
20012
26765
26954
23171
19797
3701
16149
8702
14480
7459
25714
18139
6809
25719
11432
7338
19044
24228
14878
4105
23496
24735
20908
8347
11276
7380
2519
12370
10141
15480
1636
12273
17665
1737
29495
19427
645
22074
8161
1902
5297
9385
19927
23009
20263
7120
26319
12541
3044
2155
8583
21138
28588
18260
25393
11587
27654
29091
2344
19062
22580
29463
9037
7018
6092
20442
806
9194
26613
3364
14015
5710
10197
4870
21668
26944
29733
8640
10717
6220
20136
20244
4976
4220
25606
1560
7644
2126
1101
25040
16254
16647
23993
4509
922
23829
9894
14589
18579
28634
5631
23131
27166
28354
5541
14918
18846
321
14243
13065
29835
4377
11753
2747
18522
10556
19503
28136
13932
27085
29133
9099
18991
25570
199
23838
18464
23583
24359
24256
16016
12008
3338
22052
15926
9883
24399
12313
12307
6743
23311
24610
15826
2464
24816
1587
27919
24611
600
15061
22514
3274
4763
9611
13420
16783
3675
20184
14731
1990
14035
18948
9531
12437
17875
24719
7841
8142
19939
27609
56
4469
21594
12251
1669
3107
5874
23690
9178
18750
22553
1717
8134
20279
276
9109
21764
9998
22672
2871
18885
9138
19113
14993
4855
27342
26787
22035
21454
4996
8209
16003
10900
4484
12031
15111
16836
14398
26625
25831
8676
4372
17715
27021
29225
27869
29293
23582
13153
12753
2138
3638
6783
1712
1962
21731
3988
13152
25978
22171
2704
24395
7579
8880
15545
14473
19042
6899
21756
2526
12323
12241
27683
16395
3272
9225
14737
8716
23357
25326
14869
20514
18877
13517
13535
22297
27688
12113
10166
2647
3412
12115
4318
7166
12052
228
16774
20326
2548
13486
5058
304
5307
16203
1428
5139
16474
3187
16519
9238
13559
21285
2980
12303
2649
12288
5274
8949
15249
17492
3098
3688
27017
22360
18467
29366
12130
8085
5605
2512
26517
20945
16456
9166
16437
29045
6081
6020
16183
6377
21054
13918
10284
11942
17826
18220
21027
6262
22715
17506
18814
3476
6852
25259
2561
1325
24290
17259
497
12468
7126
4569
28615
25476
6641
26155
29082
21516
23697
9330
14029
765
21184
8674
18083
19841
27740
15146
17749
1104
23713
7492
23034
28899
24455
26455
78
1150
12677
29995
15471
27372
24811
11550
10082
21346
2596
26845
7323
28442
5477
3823
8554
674
18505
3066
23342
16259
9403
14909
11698
17037
27027
12062
9566
16079
20092
25520
22462
5082
7503
27522
11248
1846
15344
17103
10694
16436
292
13603
24661
855
878
13447
10947
23455
29030
8628
3996
26034
25403
19566
29136
22374
12439
26032
24510
29435
19214
19340
11197
27047
10857
8469
9128
24792
20499
20218
9111
10617
26956
3493
2849
21003
28500
28251
27898
15383
24275
21685
22819
22454
5062
28387
4264
11591
2859
24937
14180
20640
16823
17212
2355
18624
22849
6699
18697
22690
8869
3340
19314
24836
3566
4612
388
3759
14502
6821
14341
13973
21629
29627
861
11713
8523
14230
14321
5542
18020
20288
19999
14441
11017
19713
3241
19896
14732
5117
13344
20287
7711
11307
15895
2290
859
10021
3553
3027
25021
15911
28253
19315
12494
11985
22051
9362
15524
880
15666
13495
17029
24024
28715
3779
7456
27699
16237
13444
11485
23997
9685
3575
17164
26245
12588
3429
29416
28008
4562
22817
11578
25341
12036
3624
6966
23247
13608
20535
18847
17260
10101
12959
13370
5808
15608
490
16127
9212
17750
7625
12159
14207
26737
7040
4813
16664
8730
302
398
21304
28128
29657
23836
19279
27515
21782
16483
23871
10458
15071
16238
3346
23320
10123
27659
27046
23796
9587
9717
29944
18042
25540
3292
22419
8513
22201
14948
10660
9789
29231
23543
23319
13978
17668
2723
19810
25981
6528
17783
10956
23753
29040
264
10962
8887
5676
11743
9873
9614
18621
25034
1120
10011
12514
5598
195
17977
13262
9497
20696
8014
11435
20668
7607
23498
13830
24448
877
28681
3363
10464
19796
14085
14984
29110
1891
21196
20965
26732
29833
2445
1837
19974
23152
11477
21049
14320
11674
18733
28323
2876
22372
5045
21670
23487
26083
14778
27370
29185
8087
18966
21696
3031
13578
18909
10128
20459
7261
24073
658
26630
5086
26225
25666
26587
3390
27415
13079
28977
2954
6638
6870
7944
12536
22288
19180
14351
27399
10356
8302
14638
23233
10266
23845
19698
10493
5586
1121
23781
23636
13690
5293
23314
26392
8857
4142
13660
25291
10465
22869
27506
21175
8057
21870
2678
6631
26266
21010
1458
29196
29360
16862
5997
16786
10463
9430
18166
18169
20150
6360
16894
928
22543
4667
13015
16937
9948
21613
15322
28714
3104
11860
22936
18301
4556
14368
2325
25966
26024
17197
29455
12342
15390
21742
7299
9343
20906
21261
10686
24063
29606
24085
12946
22593
25586
8936
27521
18983
13571
10695
18757
23865
8782
26884
28438
5704
13742
3242
14527
9447
5592
5724
18605
5757
10046
575
16922
9701
9030
8668
15004
26761
4231
9542
6074
22211
7225
10031
13696
9576
21936
12986
21069
6244
13070
13663
18269
9348
15619
3332
4597
15719
21215
16345
1779
18625
1769
1917
11483
381
20204
21958
10945
21863
23598
10553
26329
25456
17384
3215
11911
25381
21927
24545
547
29099
19392
13787
5404
14271
12147
18216
21541
5096
19463
4389
16154
19861
1122
9672
5151
20953
9956
14350
25078
16784
10364
27991
12683
19019
19403
18198
27598
22184
13945
18702
24939
2834
24953
14309
19727
21144
29502
9722
13806
15447
4471
12840
8128
4582
21392
3069
19842
12515
17401
21235
19883
6617
29012
12164
7318
18411
6573
6895
5906
1732
5985
8662
1286
17319
12168
16903
10475
19555
13554
25965
11129
1576
18333
9013
460
6282
16450
28673
26946
7924
15718
25777
28404
2738
11218
16961
9304
24187
1926
7170
9183
534
2433
14504
28116
8429
2165
12560
24003
280
11465
28990
19288
22895
19193
7072
28739
13329
7297
27661
18873
24042
4798
26867
29329
15955
9839
7531
14548
28841
13052
29774
9671
15415
25009
26372
19972
21725
21937
250
5255
8322
16540
9770
19552
12413
25339
17658
20536
3024
20320
19771
521
21589
6555
2775
23891
11840
12227
3063
13393
17857
23726
21462
2851
13017
12390
550
1600
24983
15857
8290
21453
23702
2363
455
7281
27377
23491
21568
21205
1317
2039
2317
7276
25648
18908
29087
16472
5163
12181
24984
25626
24673
18537
29270
8328
13011
6512
23985
23476
10368
24559
10740
9063
14120
26991
29876
29854
24646
24221
19269
5933
28028
5454
2062
6200
10024
15467
21511
16885
18377
26687
6522
2022
14175
26281
14895
5525
22387
3615
22613
23200
5442
24258
27407
28763
21537
5798
10513
11149
12926
9762
10879
8273
26981
18815
17566
14176
28878
21801
20069
9781
772
17288
18796
9290
20879
12523
1487
13528
2424
4151
22809
5945
27334
26403
2615
24348
16166
27331
13604
15679
12395
26545
21828
10907
4514
4287
23805
18453
24499
24583
27795
13396
24004
3844
20744
22975
28114
5321
11457
29626
4395
10902
2067
4321
11191
8499
13439
6153
10612
12972
3064
24400
6181
11594
28708
10434
16679
21798
507
8746
3038
11972
22865
17722
8665
22019
3744
17646
15338
13782
679
16423
509
12426
11559
15341
4703
10117
26503
20089
7740
7539
11326
8544
21336
20252
29748
18149
15409
6869
20892
19235
6093
487
523
26386
4010
16117
22986
28436
7039
17000
27934
28308
3203
24537
361
26532
13208
5235
16751
10035
4817
28025
7274
17413
28962
1543
2042
6464
8377
10372
9149
26286
15099
16116
26322
29063
1384
20912
10427
16970
10883
9007
5669
10707
16142
11998
19470
4099
12207
2528
15751
29151
22866
20596
28906
5104
14182
14377
100
6995
408
13503
7343
2264
9172
24124
12870
3952
14370
7435
25079
17139
16613
29357
18337
3415
15257
24130
27441
8338
1287
11143
13438
4420
4875
4249
9540
26557
17456
7032
7113
23560
4775
27592
5384
6402
10787
3438
13692
1438
3305
16093
20871
22591
27396
10724
7454
7045
14553
18839
15992
15904
25183
20926
21075
4119
27645
13654
6996
24674
29148
21327
3612
13417
14647
7154
16667
10149
14263
16370
2326
20746
27243
17568
18653
9617
5022
20351
20358
478
18326
7337
14325
16928
11057
565
13507
13403
8177
28743
5623
27019
29209
1672
10370
1633
18900
14559
3329
25401
7165
2440
2236
11658
5332
1127
29787
6293
7436
9187
18649
6205
5683
14050
12833
10462
18766
10903
11471
24456
14555
7723
16270
11726
13997
16893
22199
14923
8952
25883
21166
7715
8992
8017
15504
29984
25986
21517
19687
9010
5165
17454
28953
27478
28458
18976
28949
8645
12126
26548
28218
13794
15931
11049
26733
19691
1412
5650
19813
21413
596
26990
1609
19469
11357
29686
4652
5075
12419
8793
23126
27889
25946
7858
5600
4871
12409
24362
2923
29608
15579
213
6794
21226
8535
5414
16481
13792
3453
20316
10308
14213
3982
20847
19586
13214
14602
1743
12032
19155
16728
21048
17690
19589
6544
13348
13054
28056
25800
14998
2297
18270
27361
7561
11333
27237
23485
9551
29079
8237
16984
20998
28815
3906
28637
12074
13336
12653
4886
23501
28552
19956
20955
445
142
19673
15835
11214
26437
10636
4270
8184
2624
28889
16962
15261
23400
24138
17858
24522
24178
16888
1850
2994
12363
17160
29677
14531
13385
4699
25729
16007
15678
20780
6255
8110
5832
8430
26465
5493
1655
2881
5472
7022
21154
7966
15103
6595
6534
14099
27386
5203
1841
2287
27994
25360
2930
1838
28383
11665
24038
4064
18179
6383
18818
26719
9862
519
26415
20750
14795
2131
9837
6757
5747
9242
24668
29931
18771
5461
6579
5288
13501
10281
23420
22116
995
27758
27155
28032
4311
29887
20165
3935
21942
20595
14738
7624
26146
29668
19957
19519
6198
17923
19150
24957
15562
17796
4573
16929
22427
26357
18916
11318
24501
4431
25749
15787
1822
896
25257
28050
165
5260
5006
22023
25462
8451
20632
10306
20753
26633
459
5209
399
22134
8131
7160
1630
18001
19980
8893
3229
115
404
24825
1322
25680
28918
20035
24681
14880
7499
3119
26452
13998
4353
13217
17423
3537
6184
7652
12964
18502
25594
28824
18744
10778
4906
22610
24899
24147
6343
15172
26410
20148
14711
19316
23744
16078
4400
7183
11209
5128
26008
13587
25814
17364
15160
185
14485
24084
15918
14149
21378
14544
18616
1316
21596
16242
13970
10321
504
7371
143
24835
23109
2488
16633
26088
27679
6169
21536
1046
21308
7270
19763
9274
6160
12834
5646
10151
8441
6279
10259
18964
5871
22332
7939
16298
29670
7329
11654
4897
12141
12607
25242
3369
26519
7599
23399
6999
28821
28619
1374
4160
24709
16967
26604
19807
9038
11417
11765
20485
22612
4503
24638
4930
7583
1423
27057
2372
12412
22464
10354
28786
7348
3708
14897
11067
5664
23665
829
20329
24477
17209
14109
26942
16648
26704
13569
10280
18856
25127
17720
20331
16811
20060
15372
4882
18135
8653
19395
907
13281
21055
6129
18452
10531
20281
23693
3590
9126
15756
1599
10010
10081
14583
15058
7317
1140
20443
13492
14590
1188
24137
23592
8877
10194
20348
20698
7840
19964
8566
10964
29784
13406
7916
21388
10589
15052
26382
13895
14975
6503
738
12203
23429
10096
5462
24387
8918
5949
7957
24497
2812
27193
6694
28382
28369
26377
29071
10992
12922
3702
9774
1943
24813
21109
7838
15254
6846
3673
29011
23666
13316
16642
20462
25735
23382
9480
24819
9657
10153
13350
1178
13560
24446
10820
15222
19571
23983
9552
7473
13675
13971
22002
14278
8973
18448
14968
23699
23255
1840
16828
10124
29512
28916
24176
3604
2821
3293
5635
22966
1021
5089
27367
19137
7627
3410
11903
13018
13670
12849
2536
4029
16027
17734
17629
17225
15241
27211
16659
28427
28410
25728
2602
13626
11240
29461
22228
19764
15275
5118
10480
14355
14709
1536
6888
6538
15187
9564
16089
5079
25510
18883
22893
4107
3853
15074
8164
14259
23006
26293
22079
12090
2898
26342
3528
17541
20195
4279
15851
5289
7641
19216
16723
23130
20247
505
23029
11192
11203
729
6347
16824
10837
25595
11554
21104
9107
20337
9922
14467
11555
16253
19895
28884
22802
14615
5736
6707
18917
2545
4014
13170
3137
16550
9495
11733
29928
2667
17845
7833
15573
7466
21457
23596
25468
23110
26037
12824
2054
1615
26360
22466
19203
25548
26550
21557
18120
6801
6273
10842
17661
16186
25342
26810
16221
4664
24934
20452
5536
13494
4371
13359
28791
10927
22351
15208
13379
4261
15457
23510
8739
8013
3082
14542
22000
5358
13754
6283
26175
2708
14596
8632
17625
22973
13072
14969
817
14283
13984
5210
28666
21420
13963
6722
14070
2038
26498
13189
12540
14346
14974
8071
4462
9017
23780
29447
17800
22047
28296
18205
5639
12485
22626
25790
18662
23579
1078
20881
172
21407
12059
26534
28677
18664
20078
23373
9709
7172
997
12161
24287
3742
1002
12970
23946
6002
28007
18094
27655
7322
7501
4625
12878
16271
9760
13180
25336
25766
16911
1089
23125
13029
19495
6525
28138
25138
8588
21053
6116
13983
9342
10901
17846
13349
14447
16460
121
3163
2591
6773
22451
14904
25359
8266
22381
28613
11430
19061
6048
21076
1148
6088
3929
8045
15901
21124
6097
337
10759
28191
15431
8232
6889
17866
29714
22960
7477
9282
23422
25466
26567
29687
6686
9732
27637
1955
9844
2244
19967
2658
5137
1666
13302
26438
7087
24470
13463
5783
7413
12380
11036
25027
11300
7651
25557
28462
4052
25314
3055
18378
13502
21330
22533
25485
25074
6602
14255
5211
18723
531
16102
14982
23318
8540
27807
28328
22428
21264
26966
16356
19327
5116
9266
5392
11914
19554
5267
17571
9785
11757
12176
27542
4697
24099
21416
18521
25376
21237
28724
11680
14684
15773
17613
8915
7520
24800
21802
1460
29861
23472
21823
12348
14667
24150
12004
18661
4881
9173
567
4205
27954
8341
15402
20176
16113
3148
10629
13057
19283
25696
5534
8784
13899
12586
9051
16328
17604
26854
25559
872
18015
22968
2094
11627
17801
17717
1774
8185
14228
26750
22859
6632
9637
15774
17532
24877
15613
3214
16605
973
24871
20302
18258
24761
24762
24355
2417
839
15491
598
9026
23116
10851
23257
12338
16821
26315
24625
22450
11334
25058
2672
13607
879
9341
21721
13842
18992
5372
23869
20117
14124
19359
10015
24584
4393
15043
5085
13707
5013
463
29135
21473
14432
18182
25425
15845
28762
5602
3934
21689
27357
15865
26255
12337
25025
24612
19133
16351
20482
27068
20561
21307
21015
29177
3459
22434
25669
28612
2467
10974
20857
18123
26207
435
27932
18029
597
1687
5944
13763
8459
20532
20371
24182
24230
1752
19136
8634
15970
23513
22853
17045
3456
29408
6863
13816
2277
8402
22755
24071
12272
4294
21385
15094
20479
5865
22924
20430
4051
13744
12481
5948
6922
3130
10951
18776
13255
10350
26892
19408
18558
8950
2985
16067
7346
8962
18446
9452
13683
22367
12807
20135
7834
28819
4241
20968
27432
1233
26953
29346
3378
739
7508
17836
5569
14339
21481
19017
28350
156
23107
28900
29159
20731
29591
5405
1184
14119
11663
17154
22995
2181
5120
22938
15199
14234
5519
28314
20601
9850
1170
10932
25284
14445
933
27676
24453
26231
5191
17307
917
17016
13556
22552
20346
10739
3858
24727
12071
18316
10374
14942
8753
626
7632
20994
25132
23055
20018
17556
27789
24174
3732
14730
14012
23518
1069
25832
2423
10163
4710
6523
5955
5875
21939
10708
8850
28814
21374
19457
28547
19388
28158
11095
25162
2450
7562
23336
11456
21400
6779
12213
23861
236
18367
22831
10997
17447
8371
14499
6442
9143
11074
8145
2137
15280
3616
5940
24867
18882
25578
6750
27584
17652
11628
272
25126
21335
25176
8720
15407
20181
6661
27935
12597
2831
18486
21266
11818
19109
2077
29167
5215
8242
28986
6058
12314
26923
6571
5302
6706
7832
24065
19653
12497
28065
3074
21848
6956
9501
28678
5097
14331
26736
25760
8098
28269
16715
26071
19549
20475
1087
24980
29258
3928
26398
5173
3419
15592
16461
27497
11270
25723
29210
25327
24351
17982
25604
27381
9484
24947
8865
9318
21961
153
6086
315
19728
826
20149
12458
10319
15497
24307
7327
23640
27709
6877
14292
8317
10125
5175
27587
10508
6513
1788
2061
20151
14324
18277
1358
6585
16743
8603
25238
5675
23963
28431
22657
27467
4069
22086
1763
11933
8323
4077
15166
29936
14851
24128
12356
17622
28362
29517
21552
12070
9502
2912
11540
9707
1180
14468
24605
14815
10441
10422
3029
8183
11917
8758
7239
5406
28195
3580
19291
17186
6546
4963
3344
3131
26289
3622
19095
27957
25417
10411
23934
15978
7633
22433
29359
2729
10142
7061
2525
14121
9843
5259
24391
1476
24907
6189
22512
9556
20831
29164
25820
15595
12406
18225
18833
6261
24634
8285
19370
11431
11387
13801
16403
2530
472
23301
5074
8522
25186
2565
26224
3481
128
5557
13673
6591
16779
2145
8780
8801
14582
22836
1909
21305
8892
11934
6027
3893
11264
2538
16680
15986
25997
22800
10012
1133
4215
9379
29699
24424
13822
3035
18798
29395
7036
15903
28033
9460
22254
12125
865
22713
13592
19809
10223
24911
13686
6967
3933
5730
12877
11949
18817
29083
16302
14850
29420
27485
26090
27504
14698
9433
4402
27595
3231
29785
28622
19739
14130
5853
21615
14662
25149
22931
18161
24771
6829
8117
2493
22771
17349
21013
17694
8622
16055
13733
18889
7658
22847
5912
21561
7112
19724
25926
830
18717
7885
16
346
22316
3530
14361
4096
18834
20914
1415
22815
537
15266
29754
19868
14412
29248
14038
20211
5426
8350
21224
5782
18196
5817
18988
19500
25845
26681
16216
24603
29089
14817
27060
28265
10776
27989
12736
7467
1988
5407
24826
25665
1481
2161
26368
23127
10333
9391
818
28858
3402
29822
23428
27662
2083
10577
12916
4901
13880
22770
6740
28535
25163
19865
20121
11896
15675
20600
1219
7220
26489
12493
26171
692
28592
6135
25044
9418
29501
2760
3089
29909
21649
22955
20090
23650
3696
14507
18592
13664
7726
18330
6269
18822
5177
24695
28520
15534
12150
1704
16595
14629
3034
16082
24758
14372
26728
21695
13814
7015
26862
4601
2673
6775
9780
502
27257
6614
27456
664
4074
12864
25061
1758
17210
20032
13411
20817
186
2939
5218
11956
10671
12995
18827
15636
26174
24783
22765
8016
22796
12483
25999
13380
9820
21443
326
3873
2114
16369
19795
11566
7922
16413
17885
10631
6032
18013
1231
149
27117
23613
10050
8592
12658
4571
27557
5554
22842
27419
29440
26745
16084
14849
29304
11329
22823
20648
25253
15305
1678
28597
25689
28513
21635
20608
19294
4548
20470
10782
6239
28810
29899
3465
29844
26159
10835
17438
11764
29510
24726
11838
17849
20899
29121
24020
3712
24205
22145
5691
2458
18809
18930
4173
14727
22804
25166
18928
3222
7706
20278
29888
28331
9305
23095
4715
11512
2170
2504
4519
15872
10506
13646
3727
11720
29664
19025
20282
2914
11244
15212
19560
8389
4407
14462
3096
9766
1402
1353
15042
28978
22639
9872
25922
13433
21296
17731
11482
11684
4844
19693
8727
25878
17592
16074
384
16316
7557
19849
18843
13400
29545
18638
21463
21435
22588
12962
13472
27672
26006
3828
15012
18137
16854
25527
8514
17457
2537
24700
16626
13726
19421
24473
9510
12632
21779
5170
13129
22979
2973
8947
18808
13570
14345
12619
7211
15816
10983
28161
11717
6407
9939
21004
457
21353
19482
25206
14286
5910
28352
18689
9731
1754
1516
25218
28326
5189
3659
12122
17549
19063
1586
17679
26151
25387
26851
15572
9597
22076
2020
25609
17703
23460
11721
25008
20250
24839
23250
12108
1387
21611
9884
8853
14479
24931
27167
19658
7605
8898
8852
24237
19891
26485
17328
15947
22272
9880
17932
19270
4399
4707
7326
16965
1187
22232
28586
14065
8332
16368
20004
10324
3802
16250
16554
7709
632
15838
10069
18195
9915
4416
5146
27035
7253
24571
21826
23059
8497
13172
45
14185
17925
23180
20415
23427
7258
11219
7105
27186
9349
8769
13407
18923
9712
28457
19505
22636
44
544
11494
29421
8933
13640
15521
18364
14042
24382
14360
27796
171
3971
17917
25662
16803
14281
22810
14145
9992
21022
27848
22530
13856
25505
16799
14820
13175
16480
24575
26890
4781
26427
22570
10245
13058
15229
12508
22421
3125
18322
24349
9791
18526
20262
11858
14779
3296
19351
15641
26528
15223
13196
12725
16913
16652
8651
23890
25143
22416
3129
390
4776
9239
16319
23075
16714
14700
22154
13055
1193
17559
5140
15668
24891
22922
21593
6890
25105
999
17605
15745
4117
21245
22677
7946
20936
1782
19121
29808
5466
8463
20183
11016
895
6803
16916
28689
158
5790
20062
26068
6871
3691
6170
18045
3980
12811
13100
27509
28113
10414
7866
4800
11190
6067
21016
371
28490
23919
25861
25934
15237
10528
7545
19978
17904
24995
17175
5903
7043
2274
18752
28423
17637
2500
28924
4737
7670
10874
15880
15134
10178
29755
22830
16688
18935
21361
14702
8444
29055
12336
15272
3751
29576
28945
16649
105
24062
7702
4159
28680
19751
16963
18743
8787
5627
14813
16262
20512
25097
9965
27621
3495
2475
26899
24643
207
15250
543
23645
15226
7245
24031
15769
2388
12662
1255
2079
2638
6451
8048
17043
12967
14594
8772
17432
15370
13764
19045
10968
1072
18763
14811
24528
27997
3838
22748
5377
27649
4941
29175
26264
11251
20656
29968
7573
1339
10816
26049
28717
19332
2858
18174
26642
1111
8709
11028
24356
26639
29332
27870
28322
17013
27276
259
625
29708
11927
25742
18342
28658
15637
29042
11426
19740
3469
15439
29624
9420
18276
10097
92
11859
6923
3762
27776
270
14803
8284
27225
377
26617
14503
3365
10690
20111
8282
18813
15818
28433
7820
23588
6919
3271
25135
7412
4116
11613
16194
3998
15361
16902
7999
15671
25391
19774
24858
23757
16393
8608
7222
8734
2759
23121
16852
13642
18851
28646
3623
23935
4874
17993
18954
20743
14488
8641
13193
10103
8298
15065
26331
963
20182
26164
23413
6705
9842
27015
3830
15512
26358
19271
14808
7167
10085
10146
11640
7755
8425
23576
19124
22401
20416
9803
12590
9984
5506
28366
3533
26554
19960
27656
7530
10989
3327
8791
13090
3752
4217
16090
28789
1367
4727
11990
26300
696
1980
28536
951
5672
711
7839
3310
1622
13130
13831
9940
23928
29960
2546
20866
13293
26980
18611
24459
5566
147
18562
7464
18103
21898
20147
23450
2515
29018
26537
18525
23620
24195
24863
23262
10478
4310
4544
6719
17266
29809
22163
9168
13976
21289
22265
16215
26856
17752
17947
25210
7996
18350
26236
5717
3480
4701
8126
4713
29996
12146
10026
27834
14800
13352
11433
23727
24900
12399
13422
23659
18656
29671
20859
20677
15090
18027
22440
12648
22305
20615
9469
27658
16532
6424
7829
28493
17491
653
11321
6979
2644
20856
1226
26679
2765
5459
26897
14642
13358
19887
19129
27629
1593
11936
2327
10996
9048
2534
4774
3083
23383
25378
29316
8359
6782
483
22209
24626
16275
27753
24664
28020
4473
6505
26373
17807
19741
11790
4291
2307
24569
19481
2102
11183
11727
25312
9638
23897
10034
23004
16560
8147
10904
8335
17008
16220
8519
14943
6333
27170
20635
19944
28532
26343
21830
5129
15246
24592
8822
18396
11008
4797
1683
1791
21147
24036
3122
10732
8921
24421
28339
13458
13114
12232
23242
25779
5678
12723
10878
17255
16227
23124
26616
16717
5311
10970
25294
21540
25769
20646
14896
24965
14422
22686
21118
6776
15062
8669
22685
9150
29845
10613
20376
13007
4982
12581
29831
28243
26916
10100
8560
2272
14484
25929
20818
20962
7646
19475
16446
9876
8745
16297
9292
18981
7016
12233
26735
18400
11023
924
6030
3818
20084
12681
244
12066
21194
9895
24955
14498
7594
1162
5464
13168
1355
23519
24971
2407
17855
28872
1860
10398
5400
29649
28466
14399
10074
10751
21242
17025
28863
4845
25524
28030
12805
23557
4197
29215
28374
9763
19963
19383
11689
1203
19758
25688
11330
19730
21679
15011
7673
3043
2840
13855
11035
29489
4006
5095
8534
7388
25334
12283
24703
20773
13197
2151
14269
21935
25216
11881
3800
12925
5890
12906
19717
3829
13478
26152
13565
24651
6019
26247
17254
3682
8159
4319
20175
25571
28908
3448
26797
16453
16204
4744
24606
20578
10852
19844
21555
25985
1018
25509
29190
9817
23550
23635
25148
2752
1497
13461
17860
23464
4256
14697
18051
14578
3352
6431
15351
26426
12819
469
12425
28259
26283
13759
22310
6842
13314
21822
8148
24688
8103
29349
19259
14210
9123
25073
18866
15680
21280
14476
10527
18586
25118
28122
18595
24010
22485
26026
9132
16753
8700
17500
15940
18197
10017
6907
8485
25920
6403
2213
6130
10960
4853
18971
18498
1555
23098
29448
28091
7206
352
2566
11596
25615
21369
6755
12928
23046
9908
18295
24340
8212
3706
16518
8320
7731
3396
28329
13369
11862
3730
13861
18417
14992
19838
8698
7804
22221
28722
12218
16338
10721
10036
27887
15546
4651
14212
15527
8391
3966
18475
7364
16577
21924
25049
23800
16288
3227
27328
5898
20695
25405
12099
19647
15782
26767
5069
18571
11246
11301
24945
20653
6567
279
3885
21211
25424
22341
8546
15115
22896
2955
21778
27125
21343
2684
2228
136
10699
6110
2209
5041
28782
23967
16179
20981
3135
27178
22621
12345
22654
17501
28168
3494
7529
18369
11562
11425
27249
28725
8189
3746
18355
21314
20205
25091
29472
8130
12375
26110
2610
23259
14400
3500
10812
18163
18872
5437
7789
7926
10339
14912
1381
24533
6832
3917
20230
5833
24962
385
3809
84
4745
25487
7708
111
23384
6997
996
17460
15811
8036
25018
25223
19282
28710
8735
4352
28553
18422
24519
9743
11653
1867
29776
12822
23008
18030
9283
7191
6588
4659
12023
4683
21155
11083
11391
15812
29641
23975
10002
18746
22659
8612
3304
24698
24734
13202
19416
4843
4477
23459
15985
614
16464
7279
15054
28126
6274
29940
1329
21258
14395
9340
2063
26751
19888
15075
13845
12544
17984
13330
28316
8415
28580
9823
21502
7699
23050
17570
412
8304
16940
7920
27967
1075
10126
25052
6079
23643
28097
7688
12554
18073
10143
444
26421
29520
16100
6834
11206
12041
3309
1311
22508
1433
2736
15891
5367
984
13579
8345
15373
3436
26888
29526
17883
24628
27073
6963
25555
24075
16261
20796
5864
17815
18617
1869
18265
1244
13933
24956
29506
20390
24768
18670
21477
12636
1043
1241
22527
15079
1319
21533
21825
1157
14619
5067
27562
25114
10560
27641
16767
16407
2060
14506
29578
5257
21162
7744
25732
6695
24649
11384
15743
29330
29370
17471
24390
14510
17486
14703
20810
22344
8803
14363
18497
16781
10501
26404
7919
13237
1346
15454
8327
12656
3022
10505
17821
19938
14514
18626
10896
8032
15234
12713
28859
9801
15366
16621
9632
8398
24329
12973
18358
26378
25416
2133
17126
12975
8172
12478
5491
21785
4537
6412
5230
16070
19794
24650
15463
24909
4866
28100
11349
14791
8277
20786
24074
17387
9919
11888
15808
26424
20684
25215
18499
16607
19029
29760
6648
14927
21387
3748
22994
24655
12839
29364
19674
4823
8839
5450
2368
1204
24594
28293
886
4583
9691
3892
28334
7000
13883
12254
21057
27624
16449
12657
20923
19458
26979
13990
24658
23764
24433
22208
15095
243
10920
27475
10576
319
7203
25596
19721
26474
6951
8932
5881
26984
15946
17873
26608
6886
9398
9301
15399
15310
4082
2873
19308
27204
25038
17589
18685
18290
22256
138
12774
29146
26546
21741
15171
28463
5965
26948
26656
10187
19755
26193
4584
5514
28551
6100
14097
16301
26723
17480
29768
7354
14601
23178
20303
25983
906
871
14898
22877
8219
19593
13002
811
11403
241
22460
28000
4969
17119
6011
3354
11228
3115
13542
29619
2442
20212
24106
15236
17331
8445
10261
23839
29150
16701
17359
17573
991
6681
7406
24968
23696
21395
22276
20824
12228
14994
1262
25103
25125
9536
28067
13827
17538
4415
11109
9167
25333
15297
29128
19591
2966
6674
18228
3710
10722
29938
29659
14013
3520
17918
24094
6712
22306
461
4434
7620
21402
20660
10263
151
28189
7230
25573
12269
22633
3311
16596
18906
11108
20227
25787
9752
3940
23749
15334
13169
25014
11368
11773
824
16634
9084
1816
16878
17540
26135
4230
6000
1906
20970
16561
12060
16868
4158
20276
28581
11814
13292
18459
24782
28465
15083
4830
20808
1491
13941
21216
21142
29235
1968
864
18514
25673
24495
25252
6939
3128
1435
19373
7114
23118
11807
3891
29319
3014
26926
8509
8644
14214
2252
16671
29866
10834
26500
21312
5042
12474
14934
26003
13261
9064
27050
1957
8388
25964
25757
9442
17318
2521
3544
1205
4154
13133
5846
19386
1857
20793
4666
17754
5397
22753
1044
8068
21110
12766
19433
5127
13875
4094
12422
23670
27586
971
18643
17534
21119
10775
24517
12957
9257
13625
26345
13841
25012
8642
11946
2581
19657
1853
1959
1727
289
16627
10019
23672
19201
26276
14690
14728
15711
24314
13212
27884
21858
282
9028
13644
16996
6008
17395
1095
17033
6227
23249
1500
25761
12055
20353
24549
12816
21073
249
11508
15874
14186
13508
5183
27413
13223
25277
25310
16892
26440
27221
18870
72
13647
24503
7814
8375
12735
22441
1710
18557
19679
6359
9548
15440
7204
24369
25947
28279
11696
3676
19425
5262
7510
14613
2386
9952
21436
23297
23224
3637
29942
24018
15942
18343
14748
2314
20797
10175
3889
18922
26341
3693
3432
26955
13791
14192
15235
2767
8929
14916
4679
14132
3536
14478
22087
29269
20901
7555
8115
14766
29777
12977
29302
20675
21140
17675
12644
1471
6913
5440
24380
28817
29596
23277
18980
24315
23051
20367
498
21994
17461
4580
7571
26362
26977
9793
484
6748
1405
373
6960
5350
22507
10095
25781
26497
21651
27120
11462
9739
7381
2553
3607
26593
1264
11989
12433
10510
12578
8225
21356
24873
26216
14632
26834
25144
27131
11020
29625
28151
12745
27881
13705
22315
12183
26975
17416
17323
26783
9537
27854
29497
13668
19233
14876
26555
8823
27009
19661
22008
20155
22587
8065
16366
25319
7546
15759
3471
1602
24566
27152
7019
2082
20122
21941
11788
15417
13740
20841
13950
19513
23783
21218
18803
17669
20494
27311
6498
9748
26416
26708
24037
28063
26069
7425
360
21172
18009
5304
1158
686
26872
520
5975
18014
13115
20234
721
16304
22538
20931
2981
17022
9949
29138
28288
8813
18938
26581
223
27711
15632
23914
19916
12093
144
1278
17111
10482
2645
17980
20972
23244
21881
2801
15170
5799
20598
10830
27680
19696
26611
7536
19637
5759
3868
20893
8738
1570
24595
9080
20571
28682
5686
29731
12262
2625
27078
2059
14958
17788
24055
25730
27931
9213
14900
19091
15884
18033
2127
23843
19829
18069
11406
21035
5807
2877
28130
21592
759
23630
15039
14500
27183
6561
9276
13006
26131
1938
4598
9499
7129
5147
26992
24385
7665
9630
23391
11265
25799
850
10365
16341
15554
29588
14517
29259
14570
5652
24489
12361
3721
11525
25479
19189
26968
20027
12285
29335
2337
23996
24045
25001
25350
7504
22550
22322
19604
15458
25932
25316
9211
20799
19337
15089
3403
16745
2183
11778
26080
13455
22348
13106
24146
24210
5090
19610
10038
20414
442
20029
5381
27614
24172
350
7382
28077
21046
2346
3126
21278
16860
28127
20929
1388
11590
11875
21472
10803
23361
4070
20576
11026
11315
3658
22629
20843
1443
12040
6596
9971
6589
2129
12453
11275
23430
7178
6839
10770
3053
372
23992
19836
26859
15348
8420
4232
18990
26254
911
19064
8825
25718
8956
1164
6692
9529
2882
631
15362
3555
7775
718
29701
12835
12089
1486
2443
10416
20217
13939
15822
14150
27865
18747
15643
9448
5181
11780
16855
15535
26837
6816
23351
24616
9696
20638
8324
28542
23990
17467
20630
5077
29652
27806
29901
6368
11588
25187
7240
17306
19789
26169
5872
16277
7148
26396
4796
28124
27530
18117
1813
11338
11341
3511
13897
12679
14639
19465
15993
11232
27588
29281
22429
21105
2935
4450
1418
26597
20938
13906
159
27242
20112
1036
23020
10210
15563
22394
4262
16815
7720
27306
4968
12259
9008
21405
421
25429
18512
14061
29300
27899
22813
25463
18939
16188
20560
25482
7226
10585
24578
21900
656
9855
20676
4909
17741
6808
22767
1035
920
7826
25550
12674
3539
14857
27285
6479
2589
23810
19625
9370
1688
10698
23899
19230
1558
20238
5334
7984
4772
17294
13708
7888
20704
9317
12920
1911
7859
25035
9840
12051
28669
19683
12165
23773
4253
26087
26605
20118
12231
20544
8691
25616
12643
13353
3645
11863
3050
2593
21086
25954
27790
8584
29732
2119
29226
15726
891
7030
26835
23376
14011
16954
6710
2312
29017
3994
5219
17229
26065
28083
17076
11736
8881
28751
23346
8985
9543
28539
3665
21148
15175
16899
9306
18366
21835
15102
7401
14830
7695
8846
7209
6664
15298
7104
5726
29369
28879
18952
14053
6162
9208
77
3078
20372
217
23627
10188
13259
16410
25739
1703
26052
10389
25854
20762
15516
20207
7398
24521
15278
6924
18458
21217
2071
27403
23344
12836
13041
14513
9464
9631
14695
10933
24830
14222
4478
14036
27513
1260
11412
13991
29152
3077
2737
23516
25675
24942
25644
4083
14477
12994
23454
10410
9082
13443
25473
9458
2906
19478
29643
13847
7782
8837
25220
11714
29862
21185
5538
21506
14138
20381
6887
20779
11846
13384
741
881
29450
12349
17221
2755
23072
16932
19039
7282
11986
20197
29296
17018
18751
25707
19252
9538
19041
10070
6492
24327
24767
154
12019
29781
21681
24086
11136
12383
4047
5441
930
18567
11635
27617
14739
6298
28469
14535
5692
18384
20585
28064
29178
10300
127
1999
21707
19496
18736
21652
27220
5155
17244
24678
11894
19814
15828
20875
23082
38
11564
11621
20308
14301
1875
10172
24500
16683
179
25185
6818
11381
2308
20758
12340
20809
5657
11180
27845
27262
28154
5876
13182
1173
1984
13325
3602
2996
24764
27759
21620
6856
5559
20581
10391
7392
15630
8217
15128
1530
2052
29546
14414
18896
731
13211
12891
7766
2542
18132
7235
5435
14935
2259
22714
24720
11157
11592
10558
11396
1761
20152
2141
16495
23779
27136
209
2180
20821
7399
4794
13558
27539
4614
17236
16148
22127
27692
6117
8604
4987
2697
26730
23079
20487
29521
27591
26079
24419
13667
21520
1160
28268
24876
76
25189
28336
21565
9489
6013
4560
10551
6482
11940
17275
18692
22094
27559
16672
27094
669
11051
19708
14946
19511
8897
11178
28140
20954
16797
22044
11099
20172
21655
14056
11547
10620
21887
13251
21793
23894
7534
13674
964
26757
15531
4125
9416
4803
23469
3620
18261
9526
1780
1056
23883
3552
20068
697
29117
16064
9224
15863
12480
1350
12862
8743
8715
26813
27859
9813
24297
11372
22296
20802
2932
11078
15026
2175
28445
15304
29201
867
7158
24407
11929
28617
11722
2896
26074
25773
4599
11397
20095
4100
6187
27674
22661
11176
22504
4545
8477
2143
1071
18408
11320
27666
9751
2988
8313
3789
20735
25397
8034
883
18181
14375
14653
7868
14195
6742
15907
26064
24229
9321
19262
23316
25654
15136
4486
20951
10329
18136
16378
3824
15317
18211
29525
24257
4143
7864
26527
5134
14303
19535
26203
9800
7409
14048
2035
20897
6466
11414
27229
20935
15461
5779
713
13652
7171
16145
17971
27326
16643
26570
27216
16357
16235
10536
13956
20349
24334
23509
20716
20524
29939
25804
24005
17639
25155
27977
1528
8094
22565
15046
25546
13343
12684
4589
4716
29933
18118
10180
19768
16805
28915
11048
15783
26481
12351
6472
12173
19394
10486
12065
7294
7179
16789
2874
2436
15922
12077
17272
7418
15832
29654
4118
23566
14826
18519
6608
15883
3822
20707
27282
23237
27420
19948
6211
2214
19103
19367
19912
5346
14818
14190
23535
13577
19317
22038
10693
8896
22680
7144
16173
28277
28272
23745
21363
22650
3586
6652
10897
9907
5764
15159
9201
11019
21859
6080
16318
27527
18609
25924
8860
5174
29685
28607
97
27720
2823
29438
15626
8258
1217
23538
11103
10452
19396
22212
12949
18806
20153
9987
26983
22122
1454
23646
20950
16020
488
16181
21797
4959
12654
6714
11466
23221
14595
14073
7059
24271
24505
8236
26441
16759
3317
18315
17910
3488
9295
27371
23303
23628
10543
16749
5403
23252
1394
22525
591
7636
25896
21379
2657
27122
15088
16157
3674
22073
14657
11884
20565
17312
24660
2231
11162
7805
5791
24539
10805
17441
13823
1751
21146
22521
15150
15191
22033
9141
5237
11730
27548
9941
11328
24590
13162
20498
24959
5298
18156
21433
17237
18837
15127
24214
9868
5680
2577
23575
9878
14980
8873
27726
5411
22161
25442
13519
10676
28183
21853
1756
3793
23989
20836
21115
20102
3846
8436
9019
8007
699
3627
20506
11928
23412
22328
16069
16698
14217
19577
5509
18170
14052
12935
29165
14241
23606
22197
22026
3852
57
19520
17526
26479
17681
19106
2641
22356
10453
10943
27927
9736
16981
20201
2318
16317
590
17856
17084
6948
14337
25450
25918
10829
8591
16153
19049
29239
15155
28577
21662
3235
24430
15221
5836
15651
9357
24413
24426
16492
5141
21505
1109
24155
12704
16076
9260
28667
16696
24481
23633
24284
11131
14816
25329
6429
7315
13770
13981
21096
19634
24116
16772
21860
18048
1976
5934
14272
22492
8874
29483
26518
14449
6673
2579
1659
12267
1624
465
1005
27449
12048
22080
4739
12302
22438
20634
16861
9532
10593
18050
8257
15040
8562
4263
16022
20059
26233
28400
14666
20314
3156
15898
1994
28401
27474
12829
19251
8178
17165
9096
6246
25499
25931
5000
19420
2227
14565
29601
28963
15590
17198
4161
8998
26232
5093
10432
14031
15665
26036
8580
25599
3714
2483
26802
6587
9996
9181
10606
14258
21279
3833
1273
6989
24246
20614
14163
17269
23415
2086
13199
9060
17548
4254
11701
24786
19656
22445
20412
14196
5023
27695
27481
17268
3601
22011
23547
4834
27936
25293
26356
4385
4768
25838
29093
20556
2766
5340
7749
25893
7554
3900
24354
28936
25480
10605
24080
7736
12651
15878
25408
16196
3277
7915
3851
5193
24338
15514
16702
11382
27171
14352
25588
585
25099
26167
26724
18233
19616
9339
7078
25221
29788
28843
23432
18540
28653
17631
16291
27761
20727
2824
14168
15356
25784
24633
16617
21439
14471
11007
10132
29680
19058
5105
13629
3686
13450
24784
19153
8589
22431
4947
12353
18397
26103
13596
24908
22721
14661
1989
12646
3704
14285
10484
1778
958
16809
16312
2260
14172
29790
6993
8836
16349
330
7861
16209
904
725
5378
7965
23964
22818
13714
3441
11706
196
8000
25396
6905
448
17825
17180
6021
7886
22403
21644
6165
13995
21952
16420
3049
16615
15525
18097
18100
8060
28891
29542
22191
8251
2182
12455
23961
3048
27951
8724
5632
20203
11194
28668
5222
25940
28112
26666
15662
23933
19347
10244
14384
12907
3153
15596
16952
29956
19048
28928
12610
1830
29436
3944
19069
14573
4273
14643
27202
7180
19846
26464
20884
429
6500
8541
7056
9679
27248
11530
22479
10892
2497
833
953
24693
16124
27896
3411
13484
6680
22476
29160
19319
6178
14221
22355
26793
80
21038
13833
24064
10647
19697
24281
2797
12315
26718
10269
22457
27993
17023
9117
19023
23341
4758
2105
24680
24381
28965
24353
2106
10216
4396
8372
9735
22290
22608
1601
5990
28699
6026
4929
24928
8557
28212
10749
26932
11112
6099
26682
27376
21656
10089
4782
22738
4449
25703
24041
16542
8911
22808
6231
16248
5645
746
1129
26045
13728
11513
21277
25754
21638
4168
1658
17810
22777
25325
3134
3904
9663
27042
6159
18520
21106
129
22253
25273
27496
19116
6454
13246
19943
16287
6077
2173
20015
12377
5364
4700
17429
20162
29832
5339
10891
1138
309
1190
8988
27393
17410
20999
5457
18420
26237
887
5663
13717
5766
17990
16575
18175
3090
27943
1567
11072
4063
5535
5492
26140
22835
11930
26273
28687
9703
17507
4661
2124
11088
15762
10169
22286
28041
10088
16412
14806
7668
27391
23673
9103
8111
25593
3397
21313
14204
26133
10485
28719
7353
24184
17802
23718
23884
12771
8579
27417
4023
4894
5455
19876
24929
20447
14988
18706
13651
16143
6001
23973
16066
4884
13761
29263
11978
19293
1596
10073
4109
6727
5315
18345
3444
23024
9142
11836
13737
28716
9858
23818
2905
23366
26939
6977
17723
20104
14409
27423
24093
18536
7732
8193
26711
10958
12761
6844
16742
8732
24469
22913
6208
20369
1441
29441
456
25857
11535
24485
28809
26938
27373
17232
27284
18865
7038
9396
21716
5425
2427
3316
21228
25101
16622
6171
18079
27395
27446
23924
12728
27226
22881
26381
22192
16733
27341
15395
11935
5619
20274
2315
28799
29655
1787
24414
10087
10534
22418
20214
7108
7689
13308
22369
26412
13383
10320
21787
21840
766
8997
27404
28506
19362
24935
15515
4229
4342
16380
8824
6045
12676
7608
24173
13523
8967
10276
11645
20198
15917
21000
4356
29807
7947
24358
5336
6623
28644
18062
23994
21760
17402
22123
17422
27400
20887
20113
25788
15710
19680
18618
21386
7836
25042
1579
18173
12369
4902
18799
19600
8245
14606
11342
27734
6896
1675
8671
19306
25655
2474
15781
5385
11442
1657
27974
9989
4499
29507
24567
12848
18844
18959
6204
25454
16597
21874
9985
27158
13593
6486
21375
2551
9977
12960
23857
4751
8143
23218
21451
17148
13585
24439
6592
26585
15697
11709
22993
28267
3258
22822
13904
9461
2003
9866
20435
4378
11224
7786
17426
10512
29630
1526
11208
16673
14874
12110
8116
12513
4730
17253
24690
22989
9390
6915
22283
17970
8663
11079
23639
6379
11634
23390
16601
24847
4408
25712
18324
18008
29629
10586
17474
19197
27707
19263
17702
20663
28110
29902
2756
27627
17509
5613
15151
18109
25142
14448
20937
20978
17543
17343
2583
23571
28610
25107
25884
8182
28468
14452
28885
7003
6975
23700
23930
16360
21805
2659
16610
3572
28806
16426
26722
825
18480
22585
29445
4685
7799
12447
25147
12743
23850
14931
16523
26844
9375
7938
29402
10401
16324
17434
29523
18984
27418
15279
19128
9459
16515
6920
29217
11947
25522
17660
5577
960
18392
16163
18790
2322
19614
2197
16697
9575
26961
27687
18886
3283
1735
14574
2098
19523
2888
19004
9350
14648
13354
19364
17797
6287
25384
20019
1733
9258
14644
14941
16840
25063
21661
10251
15253
18789
19553
5276
23151
20017
11069
23585
27146
18762
20146
16919
17667
18655
18578
8355
20483
7803
14618
3474
22130
1110
17448
29631
16820
5907
5412
4523
12440
8564
3690
11900
13999
13437
18548
21061
18848
9118
25713
24862
428
14885
24822
1981
8572
4465
1706
7525
29647
18114
16758
11546
5061
9337
14977
26789
20387
9207
8937
25164
29682
16692
11614
25399
29285
12103
3347
21145
21282
68
14118
10469
11098
24745
4932
6612
7978
5283
2942
25906
26365
18304
6493
17710
9833
4152
23042
12224
11784
8816
21206
12817
14776
13645
931
3021
2283
7116
28790
25876
26419
11710
4818
26636
15182
24754
2544
5883
17381
1477
1748
13882
25900
2378
14495
538
18349
27727
19285
21156
25574
3574
22301
1063
22764
1817
7498
15764
27751
1744
1569
21920
12017
6398
14860
27786
14701
6564
8022
24317
18307
10839
10360
4437
8718
15677
19135
4520
12702
25770
21844
2471
14635
8235
16230
5238
8279
4590
12484
18946
27252
14884
27459
23950
19952
21149
3076
1364
22414
12418
21135
15270
12699
9788
20959
23444
27106
25898
20819
24803
15617
10841
27299
14672
15183
12697
14627
4369
10774
8539
25944
10640
7763
25789
2562
13304
18658
6502
1344
25686
1210
21949
20703
27150
12810
1452
16780
2655
22581
20777
9105
12102
19976
20223
27766
13873
4839
3366
25267
10471
4849
20694
13562
23528
13378
1534
11437
2108
11605
13274
5930
25117
4210
22590
23604
22726
4948
21956
2347
14835
11901
17271
3174
1314
4986
22166
19162
24175
17635
29539
17727
26814
5982
2316
24718
22668
8835
1682
29930
18943
29636
2484
14783
18481
26222
4617
10206
4240
5383
3042
8452
5060
6859
163
1785
17981
24332
26092
29179
11616
22225
17263
9684
15441
2232
20295
208
17969
10473
13718
7336
29551
4331
13844
9369
23721
18755
9818
28342
21804
503
23974
21023
3926
3015
9523
6207
10331
21058
22707
15030
24136
26256
27747
4281
9841
2870
16244
28407
11691
13725
22592
15327
22189
6581
9515
6467
16635
25756
24617
1436
24805
5188
785
558
8413
28070
9525
12563
5931
18356
8136
2771
28961
16691
2121
2219
10136
26248
27852
7384
1792
18773
25357
16451
27794
3186
8396
15432
21326
18319
11438
25412
24255
25716
13815
25193
24662
13576
11861
22009
6981
13874
22575
28593
17297
21535
7212
3198
23099
20709
14891
1932
10171
5021
9654
15205
24860
28632
4005
18442
1591
8387
12393
27359
6726
2441
28104
29206
12411
18663
25856
7058
23232
10994
7100
27578
20855
19778
25667
19701
28783
13548
25449
24812
15273
28338
11423
8456
19114
13160
1611
20178
25404
15961
7677
24285
8480
19462
3864
7142
8776
5495
1967
9690
16713
27605
7094
29107
11047
1914
7377
2426
9302
15190
16551
27063
13332
7157
14253
3342
29957
4090
18517
18318
17968
16668
16548
12137
7475
5456
8264
12948
14970
11304
10317
23605
20682
2270
17664
16245
4337
4183
5398
20120
8977
8961
2468
370
19382
21641
27940
13426
3564
4189
8517
9591
23392
18504
19851
8889
24769
24992
7121
1971
9797
1660
29527
23685
23558
21
13004
25067
7619
23733
23939
17586
9193
21089
9465
14765
11963
24248
23944
22354
9519
26285
21396
2720
19228
20386
16819
5453
11411
7182
27434
10199
6575
24543
13786
7657
23267
20394
3246
29195
15148
6514
2861
18111
18451
8471
24335
624
10526
17452
23117
21260
12178
9942
2895
85
26093
13464
10789
1291
17888
4965
6253
15455
13688
20451
17513
21883
1865
28271
18347
25209
10807
9428
20705
458
19277
1824
6035
10509
3247
10318
15142
23977
9244
21776
7034
18767
23555
23675
22984
16676
28867
18119
13219
28780
8561
10395
6987
24056
2936
4164
17908
15195
15795
29333
20213
6753
10218
18696
2269
7653
23815
26515
15522
215
7145
29530
6838
967
27880
4179
22289
11058
8246
6784
16486
19429
10979
16818
18665
24301
20664
3761
21873
24263
10200
6059
22238
18449
28693
21954
28321
16586
23553
24534
22858
28264
2411
14008
26309
10607
14734
9419
4123
12434
8446
13699
3546
13086
15350
11531
27198
18192
10822
15887
13684
24445
333
16279
23239
14167
28702
24815
12249
23858
18642
26086
26494
22675
5844
24152
11388
21963
14660
15533
13553
7787
22601
5220
12460
254
12056
15945
3739
8590
26190
12094
18793
22447
26336
17444
18212
11393
13515
7777
6234
27765
589
5490
13749
29592
17900
7244
16108
7871
2961
24185
24808
27164
22108
10278
8565
25569
7074
21891
1649
12098
27739
24846
19556
22959
28107
10496
1154
19819
22731
7900
8806
5420
5349
1295
2556
10667
12724
19166
25649
19875
2147
13888
13891
3026
15408
28625
21590
26699
20657
9052
18683
13727
18246
13078
1230
11950
18919
10687
3047
9541
7365
28892
9651
21602
23686
21748
29801
24078
18121
1812
12945
812
19404
22674
28851
20714
2754
24077
18407
3872
19343
15776
20163
9071
26760
18583
4073
27847
6417
9158
11202
12466
14428
22648
28798
28538
2869
7111
8733
6934
9332
18421
17241
13526
1550
18695
13421
23105
21987
14669
29267
5662
1899
26885
10241
29321
12114
20609
18722
16348
4722
23442
28883
28381
7647
29442
13796
16155
5936
6649
26782
3629
20187
17514
10139
19820
3738
26674
29722
13003
9011
24061
27814
25474
18863
29712
8757
19338
20941
5738
25239
513
5475
14087
17090
24126
29713
28494
29289
22173
6340
24164
4016
26809
5656
15566
2110
24440
18529
18674
11492
12812
14858
18832
12194
29375
6659
17759
24906
8763
3278
8502
4644
11883
6553
693
26858
16520
782
28828
15147
22944
6029
2226
17348
26898
10408
7776
20837
29524
19858
20290
29385
10351
11113
24961
18590
9507
2675
26041
14279
9725
8296
17992
9006
28086
13924
10688
27855
15452
7681
21251
1525
23074
1741
8924
26669
1440
6491
12242
25255
23418
18601
14037
24100
10477
14773
17049
23701
6250
5419
12641
19911
2569
16218
17094
23821
25290
6430
20842
4735
29998
26347
7093
8848
28426
10596
6998
22179
14045
2694
24462
6883
6769
22999
29987
22064
22327
23866
25392
23011
21691
26661
21850
15131
28583
7474
4508
24280
5829
6519
20790
5625
26801
4354
14080
20868
3228
16103
13235
17698
7355
5973
27333
22402
7875
25043
7419
3169
9879
28304
22799
24883
15933
7272
26880
3923
9530
8922
5229
23484
10274
17398
10646
29077
29886
3938
2653
14425
13531
2977
9667
1300
22667
7075
10654
9429
26095
20096
19723
14079
26922
838
12572
27650
13341
26599
21084
18637
13583
4053
11498
22586
21788
22407
14509
10255
21799
3945
27798
13489
10288
21406
4134
5828
6735
29170
27020
16131
16439
5721
27883
19498
25975
15704
9661
5543
29834
8810
10670
29347
18672
10253
19973
28046
10249
20002
14786
8927
26187
25096
18903
4000
25465
11715
26934
12496
12772
19187
13840
22523
9053
13756
8351
8120
18772
15064
7070
11532
17333
494
24950
5172
17104
16219
2032
20167
22824
5847
18293
4647
23148
6301
18395
28078
17547
29613
24557
10005
21854
13367
8269
23363
8314
26560
2915
26654
9777
24363
16371
152
1905
15488
4639
5325
29823
1430
5164
25066
27886
27247
5719
26577
11909
760
2792
8751
12292
4904
25674
8230
29086
7143
2421
22410
25321
19670
16991
25704
18950
12634
2023
28066
10426
8170
20023
29462
16858
27812
12355
5725
2739
25949
16690
3976
11521
27508
3298
25299
19303
12900
13613
20939
25752
4067
21485
20270
26420
25868
5812
2369
27414
14981
19802
25894
26572
25173
6145
29917
29724
17558
420
8368
8040
19100
11604
25558
12374
18466
20126
20708
394
4974
21290
9180
5617
25642
29745
8797
26544
9219
11570
9012
16327
9805
22284
17684
19748
1887
21103
4681
29543
18478
7942
14954
20833
24824
29763
27536
17077
12215
6427
22480
3114
7905
16580
2037
12021
3330
16383
7722
3254
14716
25444
9425
29618
20751
17835
22561
21041
27108
11110
14007
29878
28554
29508
3783
22252
27228
13641
21344
24361
22640
977
29396
2705
15612
11511
579
21474
10224
20285
17588
5251
4
27702
25311
18974
3337
27310
23767
7389
7046
14068
4213
8254
29964
23025
6691
9660
11959
680
954
11089
12591
25433
485
17724
9451
22058
19529
12011
5607
9344
27406
16795
14605
15321
12912
5216
18915
26296
10382
19487
26129
22628
6146
9001
2265
12808
13622
15910
7457
17159
28846
4527
4753
27007
3486
4299
6736
27490
980
11243
6083
6166
19801
15081
5310
11960
29039
21072
20723
29741
4915
23995
4977
16465
20626
940
24636
16121
22958
8361
7855
16533
12139
11024
25390
14854
13638
18204
15694
17782
23655
28590
9669
16706
15398
18039
6047
7514
13987
6109
23246
4877
18016
17831
15397
22292
8226
10529
17816
7277
29571
23492
16146
23539
27302
2868
7750
9078
5563
1326
19672
13324
43
7482
20503
13691
13537
18251
26819
25612
21364
10838
12855
16524
5355
6811
29756
26628
27023
26172
7897
2026
25605
2671
8688
27115
18019
11212
17896
10754
14571
24072
28335
7935
7311
14129
22162
649
3062
15325
651
6446
19368
26487
1574
3583
19668
19450
16661
17644
4973
8129
6656
11267
29104
16883
21572
8558
10122
16382
28993
25635
12915
29673
18239
28662
18017
5167
18899
15564
4804
15007
3755
67
1288
2691
15110
27774
18146
27561
8601
9269
4004
20209
18564
17859
25794
3408
19436
25374
9216
11954
29242
20490
26861
25837
17766
27210
18878
16998
19099
4975
6541
9885
18855
15557
4943
29446
14763
17304
24370
24379
24555
21542
13661
5217
22132
3416
22324
5728
20528
11126
26148
18764
23497
14680
15611
27499
4076
27507
24513
20963
13769
17950
22500
7656
9023
16251
1449
885
11754
19167
24999
18913
18541
27440
10689
11944
4692
21786
1797
20396
1770
25269
4624
4313
24542
16588
378
24850
29054
21676
21803
25880
26958
8082
1545
28777
22569
14890
536
27894
19222
3218
10566
16543
7716
23862
14249
11830
1243
11855
19085
3447
25089
27340
6531
13035
16915
15323
14804
15132
14788
10112
12640
22683
20297
2352
17118
14675
11071
4864
286
8133
4234
10134
26466
3284
1007
26434
22915
23978
19432
16800
12958
29479
7998
15958
3204
10746
9821
22093
19410
6935
12614
13935
23194
1141
21031
17449
23058
12264
24671
23001
24486
21231
4688
14188
11082
18344
25702
4918
6950
9825
9913
6149
6696
13551
16579
10460
8482
19530
3515
29368
12030
20689
20880
7430
18565
3556
8100
15954
12671
28873
26005
26278
14316
4012
6616
22070
3339
2225
17502
13871
1290
3652
29639
29459
4778
10104
3405
16294
27378
15153
9768
28300
10173
10887
24988
4448
26794
13273
8026
8829
13697
20383
17081
4286
7819
29166
11668
5157
19832
13289
7449
29684
8152
12857
29256
20280
18299
7756
535
19518
10252
24974
7194
9730
27908
13194
14822
15599
22395
1514
8895
23165
9997
23911
1784
21173
24345
6251
4172
1270
8092
17214
20921
27201
10630
3841
1701
7884
17912
28340
18332
22066
5611
20370
12800
24192
6053
25481
2793
25576
3157
9644
28258
28812
6090
19546
12053
1301
3877
23312
22376
7634
15462
13062
29934
28922
9035
22
18087
9745
16727
7710
28854
22016
19256
13731
4964
6582
23248
9554
4442
16657
2687
18785
27137
21712
25028
15543
681
8878
13207
29238
7275
12121
12859
4106
16517
10893
13019
11504
340
26199
4900
18089
26935
2239
11655
19816
27392
28582
6721
21341
19607
19919
24989
957
7637
11500
3462
1199
3760
23132
17010
25658
13977
16096
19449
26653
6604
8025
9834
13671
22848
23920
6716
29992
22887
29946
27998
5386
21488
11879
3013
24554
6101
10442
19472
13192
13104
22956
17274
12404
4873
5904
8999
16776
15379
25812
11724
17972
22752
11272
27752
320
22220
837
12659
12296
19473
11848
22544
14358
29232
23798
26838
26198
14550
23739
1448
29429
23495
7458
2495
15908
11081
16693
437
24111
788
19853
18726
24127
29989
11829
14771
4346
514
17957
5917
16794
13013
18437
18049
28989
16569
12965
1995
14415
23860
23517
6328
17044
15479
1163
5277
313
23913
22617
11116
22413
26263
23324
15698
12782
29532
17082
6880
26662
11786
19055
14218
11479
17072
21288
26275
16535
15295
28948
7572
26075
7733
27454
15215
21784
646
17366
13402
11867
12712
12080
6393
21827
15010
17862
852
26549
9147
7308
23021
8530
16381
27618
10044
706
25525
21513
18953
322
13272
789
6647
4587
24747
8602
29569
26089
16099
5633
22005
21265
21397
5854
331
25902
4890
26453
9303
4495
25506
21761
9171
6737
16537
24894
15091
4316
735
7600
3765
2918
25636
29587
28898
12133
16034
9524
22982
20298
14525
12934
10302
16936
28944
22816
12142
18210
993
17496
16161
2606
2907
24838
18186
3165
225
846
18713
21095
6689
28818
7047
20681
24251
27425
1723
9795
8165
9831
11207
6050
22287
11537
12410
27318
3280
27112
17071
12058
18125
27685
5723
7278
21230
9186
21359
9074
13294
20882
10217
9472
1563
16156
1368
21243
4765
1625
1896
19157
1275
18842
13975
426
29141
17453
1200
28776
9326
10810
12613
12229
15791
24103
15299
13936
9475
19474
26143
1731
11355
13947
29908
1434
8140
287
7674
2159
28062
6012
21250
8629
25776
2216
25563
21993
29057
9729
4344
4655
23859
15528
14951
5072
166
3709
27472
8197
13103
13751
28405
15802
19561
18528
2210
25419
17131
28604
2481
15188
22251
5580
17666
16283
20768
17755
25575
4628
7523
26643
23775
13342
10182
7660
25690
5830
5842
25928
27616
21114
16281
8501
19276
12372
7446
17886
8058
10765
29219
25950
19376
2167
5899
24011
14873
17325
24060
29824
28424
28075
2728
15844
9546
11887
19983
3903
3143
15551
28568
5306
2116
26405
3294
9050
19631
16217
29255
6693
23663
25249
25423
1003
1590
10022
7255
8817
18285
7874
12306
4907
11832
27500
19290
23162
26947
20014
24885
28850
4343
8830
13091
19494
17672
11182
4643
17915
10257
17356
17713
15174
25317
22937
19053
24404
25379
6865
16435
7396
21631
17553
17034
17620
18403
25536
18628
23261
26807
29344
17185
25296
10592
16440
21811
5347
16907
28636
24107
23966
27528
21005
1446
24795
12746
15523
2410
5295
2952
8567
29340
20763
18390
10449
28367
12898
22396
27780
21910
6802
5909
12289
16400
22902
28273
3150
28676
2253
19181
11037
23445
12045
21060
11560
28519
14460
26100
13416
12889
15830
16049
3324
641
27912
1167
25751
9626
23028
22495
25440
10691
18300
28511
342
14892
23506
5003
14836
16785
20925
28499
26338
2466
29326
9200
4767
11748
21403
192
25864
15598
26063
7429
15392
19089
4970
3815
19627
28058
13290
1650
7527
12152
7210
8550
15757
28310
11181
6410
20434
21733
18250
6540
12216
18007
20296
20064
10858
832
28618
16441
5823
19746
29896
29313
14588
19847
10796
4255
29123
13010
5716
21270
11363
24586
10987
3468
8555
22619
2169
17295
23113
15200
939
5848
22172
8553
8573
4235
2811
20311
19595
3534
16406
11761
16313
18812
28359
16390
19323
16083
16578
11124
17107
20522
16452
27615
7024
5733
1919
27041
23715
7229
9824
26952
15014
20006
5620
3175
26657
27460
25436
20411
1267
9485
18096
19054
5690
29981
5978
7721
22412
6197
29391
10991
8201
7967
11489
29736
14379
20661
13190
12574
8440
3785
9284
29734
8198
11491
11175
26558
17732
29615
23542
25469
29895
5789
15585
23559
4339
17051
2007
5637
14781
7062
14872
2992
9610
19013
29432
10393
7361
5516
26933
28649
14603
13469
2632
12376
10700
12875
6524
11609
15708
20804
3962
14591
13996
2362
6023
24694
12461
9683
19573
5575
29094
20911
14096
21758
27744
10995
3603
1826
13313
12622
19441
17203
13803
16869
9423
24943
18603
26158
10552
17961
9210
26576
2710
3164
13034
28099
12201
20545
19655
13525
8247
13512
10831
24837
29158
11660
23729
12734
17011
4278
11783
17477
14250
10488
7725
11290
6793
27081
25913
20948
29376
29124
27907
16086
17282
4822
21989
29374
18677
25552
12068
2164
15267
16918
6069
6946
2303
28564
2296
7705
8262
8383
22280
14707
7643
13527
28728
15176
16171
15530
2522
7291
13694
1572
29739
2643
8760
11735
25068
4761
19115
26902
11287
1571
12295
2617
8041
29068
23378
25102
23515
1010
25050
11459
24707
20666
6980
20943
24321
29494
24429
28767
22071
1681
4380
20619
9518
18101
18188
5078
19752
22970
22583
6222
15232
26463
220
23166
29095
16736
27885
4033
15790
4522
29666
16889
10309
9320
21894
9401
16738
15500
20200
12851
21666
20025
8664
12064
29778
22186
24588
11776
13082
18185
3936
22563
1165
16980
15293
16568
4322
24946
27476
15616
19173
25167
21759
27783
10433
24318
396
20794
17680
22068
15167
29182
3984
11993
19431
6263
23953
27895
17529
6654
5994
28148
21256
6559
5752
5996
2420
19803
14208
20042
3285
18925
9737
700
14871
1585
11673
9605
4345
20191
982
7544
3867
9009
7069
8876
17695
1606
16891
15610
18857
8697
141
3540
4917
25579
12431
21083
16377
2395
20858
9516
11226
4300
3687
26829
14088
19174
11449
25136
28779
11650
24109
28156
2928
26614
23742
10055
18652
18294
24113
28221
27632
11629
16700
13280
5194
1145
15919
994
20958
2149
3018
10231
1661
10611
3644
13552
28399
10752
16354
1565
23352
16590
11
29519
8802
28550
23770
24115
1357
29297
23276
21573
26056
470
5178
7347
14062
28909
11121
19869
25584
2735
16806
8460
17439
6650
4394
1939
23980
2846
16137
25169
19584
21754
4623
16267
1777
28752
6076
25491
8043
29976
20395
20321
9673
24529
16042
3773
10275
15389
6327
6900
19426
3373
7584
18641
3422
16325
9214
15785
13536
4586
24403
22461
3888
18429
21466
12999
16835
779
19321
15971
2311
29693
12814
25413
2351
25459
23703
18143
5558
15268
10431
27194
27718
23872
6787
16025
4174
19885
25591
23976
15960
18591
24845
17521
10159
20119
9264
27876
5231
6768
12988
24940
22040
4675
29864
7971
25960
5156
26206
22768
13099
15342
16031
28203
15738
2001
24213
1080
24751
16308
12801
22547
12174
14821
7917
8639
27069
28121
11561
26124
17809
17627
4455
7910
21348
24006
1972
8526
24780
8486
13093
21582
4801
29766
28257
6105
18589
12366
5956
13729
27791
14265
26328
15983
23738
23256
22517
6858
1985
19997
12308
18555
19931
6075
14953
2014
12873
24796
28833
21163
18223
3849
3618
22472
19910
173
15465
28856
13345
7428
12596
5858
21912
14842
28074
13132
11822
16908
13122
29877
29048
16350
27387
16748
26239
23832
29181
5749
18191
18940
16837
15549
28861
18193
1117
18694
21306
2196
8972
3431
26324
5648
16982
10555
12740
10599
18970
22950
6336
22833
3011
24096
14108
29480
24979
27465
21183
4144
8039
8380
14407
25796
5314
2576
25699
26622
21484
13074
27224
10918
20107
22609
21960
14538
24665
21325
20616
20917
8766
28534
18920
21709
22128
21455
27820
7248
23163
13445
16646
21580
23215
28039
27402
10459
26571
1942
29581
12135
2080
20812
13397
20559
13869
25129
18594
26136
20748
780
14947
3434
3349
2949
29867
13136
18159
15740
18739
1559
5887
23778
20009
14403
28226
18352
29786
25651
245
2329
17124
4203
10625
1705
28393
4858
6096
6115
7982
3052
23969
13288
19190
26395
8163
23275
19541
6132
28228
28508
9560
2382
8577
19132
10817
28942
27278
29764
12951
26752
12188
10638
21642
11646
27076
24648
6179
5345
23661
1333
11666
29907
6599
11234
10239
7780
11497
26154
6228
28730
4228
7304
24132
23307
17390
13544
18108
20865
6374
29131
21130
19950
10131
22456
273
10254
7423
22119
25363
24216
1790
14142
26077
5168
6331
28153
4880
13746
7631
14277
29568
11135
4733
27168
15803
15201
21724
9570
17653
14364
4475
24032
23814
14297
29261
1544
8798
20185
6444
12339
15807
7609
19920
7156
1068
16705
5916
12866
20245
25717
1153
16574
25554
24303
26720
23901
23265
26709
3507
17528
7801
29456
16741
13066
18931
26563
13955
16329
4457
25204
20697
1640
13599
5862
22597
19945
10864
12344
15813
9808
4736
6155
25840
20345
25772
13376
4721
8945
23184
23401
28968
6566
7432
22522
12025
29058
4461
20454
294
10345
22216
3385
16150
21829
27846
2841
1392
20612
28957
4086
21018
3262
20327
29380
21560
7995
11529
23328
29120
15184
334
27540
29308
11891
9380
19690
28295
26706
14521
25877
18461
5701
26901
24270
23266
6201
27733
16960
12552
20219
22876
4631
23526
16072
4825
17064
2336
10702
9336
23638
22215
23140
16394
17172
28950
8978
7863
20123
23979
22107
24829
21617
545
36
6291
16522
22872
13985
7610
4182
5087
29498
23010
27867
2910
23649
821
24265
14354
3226
25157
18388
27165
18551
8970
22312
19139
19066
15380
28781
9678
9313
27032
17128
17850
25783
29860
21438
19229
8593
10495
3509
3939
23345
22953
17647
15009
29857
12360
15499
13493
19110
15309
688
17590
29033
21426
3766
1030
25709
15842
29911
8744
12968
29611
27091
29328
17246
27162
29586
16935
25361
11296
387
23398
15437
3237
5396
11322
16782
26314
7174
23331
19484
15340
9705
22702
21281
12850
3454
17583
14295
22385
3348
26780
24043
16125
11394
11671
29565
28181
7487
5636
5654
3685
25634
226
23405
8366
18668
11659
17313
1077
16063
15003
27093
6480
13680
19521
16927
6337
21663
15645
1947
23923
17962
10045
10102
16467
25631
11297
20444
2509
26502
12109
4149
107
26461
26671
3232
8018
15858
12838
21241
4084
11097
17417
10850
23664
4276
21633
7324
20266
24526
23111
20099
26468
20457
27332
18527
5070
5943
1310
19434
6765
9807
10823
18485
20591
90
26055
22545
5498
17743
20335
27843
10092
20193
12006
8939
21538
22739
17481
18415
18046
8957
14794
25177
11390
8529
22722
24875
26561
12543
27101
28974
2937
14209
25825
27012
22524
10623
15260
24864
29863
8281
11708
3512
622
19854
28358
7071
21257
20848
5624
338
22349
1126
25601
8666
10250
16445
19297
28332
29726
24311
6426
27002
22187
17289
20781
1768
19088
14985
7692
12778
20130
17155
25428
23196
20257
3599
21437
1422
23321
29306
15424
5287
8976
11415
6911
11582
11974
20548
8138
5389
12611
14362
8616
528
16813
29900
13141
4706
18359
16763
20717
20437
25683
20782
19711
26784
14883
16088
26556
3531
6038
27916
3325
12092
29284
19712
21418
27154
19467
11139
6350
4308
27784
28472
2686
8462
22712
26913
14640
2594
1054
2068
23824
8123
18312
22907
7659
17004
22167
15793
12435
18414
25260
18496
19534
14319
10198
1413
18018
3081
4942
27037
14505
16527
616
15505
5024
27347
29253
3679
11350
12582
3056
22898
11517
7680
11996
14960
926
6463
5553
10614
12123
139
29207
14742
11299
5780
22196
11827
20091
18800
17792
13550
13482
10307
15063
25146
17469
12715
28330
22531
19694
4266
29816
11066
6024
20043
5482
23852
13960
11106
17881
22870
4546
10710
29980
7011
7023
16793
27495
14532
12569
26655
7468
8995
22595
2543
8917
17522
20549
28109
24022
28186
17382
2186
8728
21868
17273
17073
26361
14685
27203
20440
13312
2571
11235
12196
9620
29555
13750
17284
23951
25268
7954
19311
19445
28237
26114
29735
18091
13375
10213
7774
4728
12682
1115
1889
7139
27987
4903
5054
13835
25414
10032
914
7559
27928
29198
8726
20125
9347
25808
2473
8052
2716
20144
6728
19695
3172
29963
5540
4191
10226
1014
23120
18853
24663
20624
5483
7606
26590
8410
15920
24948
18105
15558
3812
6232
13309
27905
5445
25583
3308
28137
14530
6622
17161
17615
7679
28796
17021
744
15005
21029
21071
8670
1613
2454
28432
7830
17183
20719
18660
1720
26937
11118
26646
21469
26547
10924
27044
380
9446
12284
15209
3997
12445
24201
5741
20492
17929
14691
8719
6874
24821
14367
3694
29192
947
1746
23893
25323
4435
5130
12331
18748
18561
28692
15312
6388
25069
7878
13327
22920
11468
17948
12626
8454
4349
19650
9155
8381
15602
14870
9439
2563
1084
24910
28912
6235
6033
26949
24170
724
22032
11371
29424
20086
10591
12237
4397
517
19264
3418
10232
16756
25389
26596
18262
9134
15262
25131
13884
25892
21100
28655
2076
8903
12257
7745
18924
9945
8981
8457
24420
14812
8382
26004
28875
19344
1070
22142
28306
17298
18506
28294
18372
14141
1213
9986
17488
24017
28876
22515
9457
4619
4095
27971
20472
5806
23230
6192
10639
20584
15300
4357
10692
1793
26299
24981
5083
1172
3630
14262
27871
15276
7932
6334
17305
13191
9184
20007
10981
899
2807
24171
21864
5809
23531
29813
14238
13016
24540
5076
27573
13862
5970
27075
10905
20523
21470
21299
9386
6459
26929
10587
20620
24234
11620
16844
22871
7585
28180
27800
25970
3683
27575
4061
18241
410
9075
7747
25747
28996
16401
28706
29775
15833
27435
27005
11548
21345
4042
27546
2461
19232
10099
19638
6634
16114
14397
29961
26249
4328
5531
29268
9144
26887
9668
11527
23260
12187
15927
901
5153
8004
3257
4202
16879
10601
24431
9929
24679
29474
8077
23927
4423
21077
6386
5009
21762
8255
13485
9670
10969
26663
2085
27200
11608
13829
26457
3827
21861
26031
22198
3594
14853
12617
778
61
7238
2292
24475
27681
16924
291
21996
18875
29660
25630
16876
24488
15421
19237
6072
29434
8635
6933
29044
25992
23435
11869
28040
25192
3522
29799
11476
26121
10978
8024
12806
27448
11364
8078
21917
26578
29689
6318
14740
73
16777
23799
81
3968
9372
12750
3439
6307
8360
21600
25948
6324
9963
18381
22850
21672
16398
15265
17864
6455
4848
27355
17399
22692
22227
902
26579
526
7617
1389
17329
13454
12914
15909
16416
17122
4793
6978
22983
1946
29137
23447
17793
13487
9804
22200
18317
18575
27600
14256
6990
5037
20134
15066
25802
11310
28282
26796
24319
392
29275
25351
27686
4785
24918
13837
2246
12145
25197
13418
9753
17009
4463
28526
712
1653
4459
12680
5458
15674
20048
10711
23015
24402
20063
20160
21918
27860
1293
21532
5803
20928
2359
5777
6949
5497
19460
28926
1058
16645
19565
1588
11752
1076
15989
28748
1099
25457
13772
21192
29080
2343
2
22663
26407
16002
18158
9189
4011
22759
18447
5718
6004
20502
26212
3368
5583
24012
8333
15140
22967
9170
29019
12430
9514
20393
25623
382
12888
11348
23209
26824
5278
4954
19664
12896
7914
16314
29798
6416
15975
17188
19509
17839
1142
16501
27748
16873
29062
12063
23760
7791
2383
19992
9962
17794
16315
22807
29935
28960
29561
13868
5275
6041
18441
8805
730
6526
24926
16931
28341
11823
12343
1766
19307
27713
1921
23195
21791
35
13826
29428
8196
14801
15661
21117
27250
4726
299
18960
22482
24729
298
21720
3181
22365
4899
22279
496
27295
14852
29549
29014
4491
5774
24512
32
21489
512
9280
3664
13089
25370
29174
14064
18860
20248
17600
18582
202
8295
6675
26073
19894
15513
28038
20438
18934
8308
19606
2298
9958
26334
21884
262
15744
10215
14671
5822
24441
5488
2257
10346
26522
19790
25217
21362
11885
14511
5281
7057
23026
13134
3482
9358
549
7533
2517
2979
23777
19776
24624
12047
10603
7635
21980
2476
27344
24066
10152
164
3058
19615
15819
3672
4502
297
1232
16340
20403
683
28606
5511
2139
18354
17036
12131
14043
14847
28444
5162
10059
24591
14540
19686
20235
12204
17651
17841
14868
14756
2815
13594
2011
17621
18836
11800
7340
19312
1982
11812
12322
2987
4997
29538
20324
3799
7366
6148
3360
23900
14016
6584
25759
20726
18977
10772
7391
26157
8434
17828
14157
18133
26010
11939
9393
400
1340
29540
23512
7603
17248
24009
2749
82
25549
4129
11271
29320
6387
25980
12720
25283
234
25778
18383
23837
5628
18892
16309
633
8250
18214
8353
14156
7488
17599
17109
14616
14179
12571
23386
3334
11404
4865
25828
17027
10530
3513
20330
28434
10388
2350
21944
27349
26696
1212
12566
7548
15930
10296
6885
26740
21751
18690
21014
22734
12124
1698
25483
18911
2048
19443
10542
4018
28232
13600
23641
4039
29272
9911
12863
27696
7484
27014
18253
21037
12930
21890
15033
14824
8418
29486
10875
29528
18753
25418
8756
26914
24740
18428
15255
2073
7925
29575
12548
6157
13165
6423
13762
29516
8821
16256
12107
28711
9324
23607
22927
13716
20891
21366
25887
5035
4440
17689
3142
12633
3707
19098
12442
21770
11976
20339
14754
18363
6119
7445
7267
3925
16206
23437
26374
16968
20870
29728
29584
20190
219
9747
15635
2377
3942
23652
14018
23644
13391
23086
14793
29010
29552
12787
5702
18026
7865
12166
14436
12172
21781
18410
29290
1073
8941
9980
28555
393
10525
19722
6476
3060
5469
8703
6758
11064
24827
2375
3771
26272
2796
29827
405
16762
16081
13467
11003
22935
19941
27990
671
29220
22361
10204
15752
24166
12609
11493
18680
13470
12524
716
8600
26178
19704
23734
17609
15141
21389
1806
16192
6752
20896
23294
9828
29962
20273
13860
28179
3981
26964
7714
2929
13063
7566
29716
8764
19646
29348
28076
17565
24577
4323
763
18552
6936
10272
18272
7724
1079
26496
12700
3065
9877
1254
10619
4662
29872
2092
7515
29890
16556
11501
29651
24368
29118
2154
13282
14203
11558
18259
4409
17817
8493
7234
317
15198
5963
5121
4285
3835
15394
18479
7469
25746
12082
1577
4712
3571
22762
11448
24739
17206
24789
7822
24496
7783
16120
3322
19830
16414
9650
18684
6733
3389
26099
564
7506
21293
9220
1097
1065
29628
13436
15371
22317
1667
16176
6620
17006
19947
22409
3300
14866
15929
13227
29810
22224
15427
28205
5696
10993
18634
15606
10632
17911
3740
19644
17326
28784
1527
70
22382
28537
21740
19409
4533
2982
22383
7042
395
4526
5284
12882
4862
20045
22965
10334
15618
28170
28071
5826
21747
28704
7137
19959
28185
10357
21177
374
3807
40
13781
5010
28031
24059
7082
25233
27567
13427
10570
5500
26602
11651
24585
4670
28377
3491
29187
21460
7676
27213
17169
10387
10454
3713
29444
14077
8754
21566
28230
6062
4030
4283
23096
1623
18961
17127
15495
24923
3667
26568
1856
18360
813
2666
24597
21203
7813
8904
18457
23033
12722
24025
17132
3990
17464
11340
7443
2676
28639
13982
23136
16530
12687
17145
15604
18869
20667
14268
19850
29978
27351
15843
15964
21982
18232
18267
5785
18533
18465
22248
11905
2391
28745
21820
18
16912
19934
17079
4147
21357
14696
4267
27045
6786
2146
12495
14626
3941
2148
21171
3798
22838
26409
7417
24296
21482
17744
3485
1347
26339
21249
19987
9389
15117
2770
17156
21564
12305
10114
19094
23356
22468
25888
19169
26262
6527
27804
16257
9656
26536
3797
14910
28021
17795
5622
1272
15059
2109
5590
18385
4840
20166
12014
7541
2582
27426
18619
10988
6663
7434
14767
28209
9253
20636
11586
232
18075
13368
12449
13745
16284
10305
26166
7667
3091
2418
27028
2636
13720
11791
7175
17285
7444
23056
23577
2049
2813
14929
5268
2616
10516
12732
8015
8109
26999
16205
17386
25382
7575
13
8774
14893
17459
12616
11380
13812
12802
23343
20477
19464
15959
119
27872
15464
10921
26078
9964
26170
17113
9025
15742
8222
26823
21159
27717
5928
19480
21515
8064
23103
6702
18172
12917
2448
25891
4282
3777
25123
4436
2241
23637
27070
20022
20766
20291
22223
9871
17678
2128
15788
11902
7901
17303
19709
1218
19239
14231
19118
2997
1362
19384
24029
14584
18894
16165
29373
17806
24264
17682
22564
23912
19742
29958
27244
27482
23043
8966
10848
26878
1879
11572
19533
22557
5888
6102
22098
2300
19975
6577
3614
13614
20255
20480
9039
24788
27839
20854
5246
19117
21991
13038
29350
22375
17256
5353
11913
3684
24833
1185
18963
7461
20976
26535
12170
9653
11130
6872
1303
21449
21191
174
28830
25348
2972
9190
21393
17843
2439
27439
6236
12565
22168
1485
1638
21902
22240
7103
3007
19439
836
4627
14829
24515
6817
16136
22307
16845
18298
5017
24753
16488
24143
11702
11452
24312
24306
22151
28905
18539
16734
15761
28629
15239
10919
12396
26259
8841
26109
2056
18985
11664
3030
28449
2822
14828
6545
13061
24139
25026
28601
12673
14002
16810
10908
8472
16159
5199
18488
1039
5775
16265
6210
14113
4927
12054
12871
24451
5742
19399
28956
22170
18570
934
20754
28832
870
17922
9568
2836
26660
28866
24047
20140
3208
25862
6535
4686
22053
5827
5512
2656
25484
27040
26684
20441
8310
7852
9503
16847
29873
29718
25495
7420
28193
21059
15691
27735
24104
16493
3010
22380
24654
11104
11647
8470
11199
19236
21134
4060
5953
22923
5258
23364
22948
27978
7956
11766
452
9299
11378
12382
7215
21713
2144
12943
14688
7422
25937
8367
12779
7560
19786
21522
23142
18516
16405
24859
24190
24092
27445
1978
8421
1858
18490
13988
25447
2832
13145
29983
24209
5056
17991
4951
19893
10549
16463
14964
336
4646
27422
22539
2254
3159
24337
29622
9440
6425
29454
10769
27541
19833
21292
28412
13056
20350
19562
27762
29493
29171
15320
24932
12980
11018
16994
28045
27960
14810
5110
27457
23804
19051
10742
1718
13174
23782
27074
1331
4637
2956
5502
26792
9261
14152
22729
10880
27829
15905
4258
26335
3949
13107
11595
3869
28574
6558
29906
26446
9957
19879
15161
19645
10314
24905
16651
7976
4938
10735
27358
21056
1987
2688
8468
17790
16732
18058
14973
4677
24653
29941
475
7502
12747
28651
4148
13657
25693
21789
1933
19333
24135
13695
29404
8146
25641
27029
24760
15657
4490
5707
17202
499
3179
2718
2758
17595
26451
19027
2319
23144
53
28351
23825
14549
11428
11787
4709
11889
4807
27560
19547
17335
146
11678
554
7349
4704
10792
26195
4608
8627
21928
22263
28887
25733
1282
2921
25706
27004
11317
22884
8218
23925
12719
21646
22363
19207
27192
17953
28333
13425
17872
15853
25656
7558
17907
28380
28061
19840
14630
24736
5852
7313
4762
18273
18292
189
16041
1540
5205
12517
18829
15414
20687
5430
25140
15031
15829
5043
20563
26978
1393
13795
22971
11921
194
21808
23500
13669
17544
19092
24154
6268
20589
4872
2830
6433
9527
11043
12711
24951
17443
23828
22783
9175
17774
17299
29814
8710
23704
25205
20289
3097
1134
2978
28219
24731
4274
1093
26647
19260
19769
13036
14000
21719
7551
12319
7092
9708
13460
25743
9018
23737
3639
8619
27571
27755
10405
15683
1637
4816
27782
24498
14030
26477
20826
22152
23158
18122
6469
9315
20907
23368
25774
20898
932
7223
22183
5687
11302
15178
28216
14886
21645
18055
771
29026
5894
27938
4489
4910
1594
3562
11795
6910
10863
24428
9845
919
17525
29475
12996
12387
17431
18463
17504
28807
1306
9806
15814
6395
29464
15068
25231
20253
1508
22269
9354
27836
206
8358
21193
25515
28813
2268
23286
1257
28256
28840
25801
23809
14143
5048
3264
15768
22420
3100
25567
23235
17493
12932
8875
3413
16507
22141
8239
2328
15973
17088
15848
7383
986
21705
12061
21081
2833
27803
2842
24112
1017
23389
29341
1736
29427
4851
13713
29848
8905
2469
10202
8097
13253
17102
20317
28088
9255
3875
12116
4309
20725
12854
12297
21559
13260
15318
786
2345
18734
14777
16641
11703
6711
28943
21102
5393
3054
19548
5651
11516
3954
9666
23567
6087
4657
26186
33
5670
24333
23593
9431
20662
23036
19112
28549
29147
10323
16949
15556
22408
12785
16208
22218
26595
20077
7729
15336
20564
29377
25070
14719
8551
19784
16584
15158
1814
27975
13836
4741
14336
6390
9072
13449
27833
866
16339
15401
10235
10277
18719
25976
3270
17945
1013
1662
20501
19172
2496
15139
27487
343
15207
4568
14039
28853
6991
14579
26016
26371
23380
27286
10402
7173
26623
12672
22057
20020
24544
24570
8
28082
2223
17546
11920
6245
28485
3051
18242
28245
6879
24021
26619
4885
10385
20071
29704
14219
2353
23241
8286
13150
27346
1767
11013
471
27287
6305
11707
22981
15656
28353
8649
21424
15017
26788
5201
28842
8174
29747
27411
2502
29070
28373
29390
24623
791
8176
23159
20679
13774
2416
21070
1991
6704
12120
24026
15729
4552
24408
13399
14199
5524
17347
112
10487
13779
21847
16939
22397
1417
17868
29365
10290
8545
17250
1882
11637
16374
946
3901
27947
18650
8229
25597
17028
4663
4557
20830
26346
25627
11644
28952
8859
14957
6272
27483
7800
2261
15765
16502
16957
24872
20688
21608
6642
17574
12332
10373
26511
23590
7649
11335
10963
6280
29842
22488
16616
24367
28115
18769
23138
11847
17838
17473
17726
20706
19620
18106
5658
131
15948
28914
7943
12777
25394
18229
20363
27771
12043
13588
15335
25530
17060
6590
19097
27260
5976
1361
9625
23679
3608
29064
25128
24841
28081
1820
26108
3382
24268
25168
12175
3319
1920
8093
8951
14235
10438
28793
3461
16721
7970
1174
130
20686
17374
364
17861
19090
24866
7280
6437
2893
25528
16914
24642
4841
486
21623
11444
3646
16925
23347
12457
6362
3625
12325
25646
25106
805
1871
25701
11690
7403
4280
14725
790
18730
13496
5329
9079
2804
18399
29531
10295
13510
18112
9898
15886
26965
222
1765
15733
9248
27946
28620
26919
15242
5225
22945
25925
20094
20417
6927
694
18867
6532
25815
9198
24613
6150
23370
7009
8401
6409
27980
18092
23741
25561
12754
21311
25004
24635
14134
26307
2575
13894
22996
7890
905
19345
7192
26781
27126
5126
27144
20433
27469
2492
10430
25943
1192
18271
1966
16058
25942
14424
7263
13958
7037
14809
27631
3705
21938
6490
12631
29556
1823
9366
25507
6569
21971
28422
5131
4277
10821
20957
13850
2195
29213
27096
990
11012
23755
24302
18416
11441
3924
4842
2444
848
19953
310
12564
21630
94
20800
4588
1297
7266
16071
13498
6806
6400
2374
13278
22112
283
7150
23902
24207
22541
2798
24249
21252
24028
22270
11677
5240
26791
29172
9838
28845
6152
3592
28785
2848
704
307
20106
9146
2514
9761
10568
11014
22158
2940
27107
28217
20489
9978
5348
25245
2097
3576
10270
104
12832
8625
27173
7941
4025
22664
5236
8696
23622
25617
15445
11150
9192
24944
27348
7193
18382
8680
24352
26009
26318
16993
6064
15879
24393
12759
26565
16559
22694
20379
15364
26912
5550
27013
20631
27427
23240
14225
19777
11842
9247
26514
20377
12663
18234
1783
12005
12282
3597
11455
12879
27918
5760
12225
24165
13094
9562
29600
29221
18700
14418
15798
27219
3023
1424
9411
4001
28214
8132
8162
4887
14839
13154
13865
29013
4984
20478
25545
28292
16752
491
7854
15737
26987
6556
6688
15561
28657
21628
4665
2730
1870
233
8175
6554
24936
16112
22313
19274
25181
2677
27639
10377
13520
20643
8203
14664
14677
20116
15493
29904
28173
12482
24490
24008
14450
17056
10230
26297
25036
11641
21839
21925
11731
26729
25011
3282
17550
4538
25551
21637
48
239
11419
28309
20915
19437
10303
16529
7006
21238
26600
26638
15084
28042
5242
18231
29923
989
17152
19220
16801
17927
3884
14634
16498
9468
20729
26839
3359
19700
8419
7359
1627
5125
449
18335
29157
14055
27945
6121
14289
14136
6878
21986
26287
7451
20323
1541
18495
13414
809
12826
1082
21545
4990
19719
12101
1236
17686
15772
8855
3291
18064
19633
897
6862
22042
21180
13954
13993
28735
17224
6833
21922
3720
1951
27298
16609
8450
24222
21221
25523
3251
19068
16761
1450
413
11424
7208
18682
2607
9500
15867
1451
22611
7309
13347
28721
25402
22095
21467
22234
23766
25130
10247
27503
26044
6916
25080
22352
21514
22988
2349
6043
9874
9881
26375
7975
23186
495
2310
9356
26223
7293
25307
4185
7909
20607
3501
11694
446
14111
19936
21020
3989
27043
23362
25287
22549
12276
6684
11977
27270
8885
14026
14164
23426
17495
261
15271
2828
4212
27863
27574
24579
23684
1094
2663
296
23493
19225
12153
19998
8271
18286
96
18759
23612
20341
4966
2585
9535
6851
19579
9706
18086
1033
12190
10663
26067
25973
23045
20613
21577
5800
7411
2863
13228
2850
17955
10093
3005
25343
28560
26582
18284
14101
25911
1498
22346
17601
26139
5527
22368
22455
11087
952
9159
22030
17404
6840
644
28312
26725
20100
12252
25708
17761
25969
1365
23960
16516
8349
3307
10424
25046
8681
5781
3433
7200
6687
11490
411
19737
29672
5354
15991
19152
75
26665
17811
22676
10109
1808
25830
21750
3248
14558
7077
24857
28573
12414
28222
16549
15870
18493
18615
26553
26366
25987
4446
15225
7268
1196
3967
2168
17709
16926
2422
4787
13285
29236
27671
11630
7589
15866
3460
22226
26910
24711
17632
21951
17688
22725
13992
11683
27915
10341
11257
20256
10147
20008
366
2384
13969
2258
6882
16311
16602
18151
26969
23763
26444
10491
26291
26831
10985
6580
16477
28894
3609
28280
17134
28827
12718
15712
29008
11188
216
27599
15438
25886
275
20533
2757
19892
23918
9619
12226
24141
26525
8114
27749
16592
21328
11241
20397
11140
12038
23958
22111
27948
12346
4252
9891
3193
19477
10183
15020
13386
21807
11045
20552
23586
4048
26061
4602
21682
10584
7768
17671
4219
23926
18937
16827
8289
26308
22031
576
2791
7357
28403
9156
27056
10917
944
23470
15952
24787
24644
19268
11502
29607
15690
24785
1762
1453
27291
14652
24372
9512
14260
22237
19078
27275
28608
2401
15748
16814
5820
25850
9504
4859
26774
7013
10616
6418
25292
28764
23692
23698
23173
19622
5743
14989
20927
16225
29829
15943
16263
18546
18602
13908
16740
15316
13589
13159
23521
18150
8913
27086
8054
8707
26126
28098
15247
19430
332
22784
4999
8909
24507
18559
10548
16434
22513
19219
17120
1685
15965
7321
3375
14772
4754
17446
12825
17967
15056
21867
20322
24967
27380
15640
23488
9090
26562
5532
29865
18681
14915
23793
10745
26251
6127
20990
24750
9622
18998
6633
8265
25047
14483
4711
25304
10018
3398
8729
16576
3475
23568
15186
9773
14848
21972
16600
3173
23188
22233
15638
13928
27253
27813
22998
14979
22055
4891
4819
16905
1913
21588
23875
2661
8424
16865
5476
16583
7378
29342
22239
22277
12007
18538
16807
13723
6051
2953
6286
17261
15331
25912
23720
27754
28907
3605
19663
25092
24015
7110
16170
28141
13821
22497
29717
5273
23164
12984
12350
14736
21300
6921
24765
737
3716
11833
2662
25816
5057
24347
20271
17762
5100
910
19671
23942
21380
3353
14658
24493
11648
27579
18597
18553
21465
2511
5655
5122
5526
14159
8003
2262
8307
1789
1289
20021
15036
8076
1679
26388
6720
20467
7563
28696
21562
26612
27741
19666
17712
24689
26601
23761
26177
8585
1693
2280
25643
17531
9112
8088
2745
776
24346
7231
19576
13766
5755
17711
17315
7704
8990
29096
14280
12522
15374
15501
27760
16417
18613
5102
18275
2680
654
5959
9129
17378
24269
16363
15434
436
6947
24919
23762
28940
10579
24299
11225
60
26507
1894
2664
22156
12266
15553
22027
7320
26218
13092
5581
4363
8125
17142
758
21673
9252
24797
5039
25270
2043
24840
19202
28414
12670
29965
23216
23572
5567
11794
29291
16386
1970
7739
5160
8996
29477
22516
20127
28278
19440
7628
8811
21914
15570
10225
7811
2993
6837
1274
10608
23065
8935
14592
22542
17014
17376
22390
348
133
24148
3176
6671
15329
11420
11343
16674
27018
17189
7912
11682
4723
29779
27179
14252
16766
5772
5365
9314
2034
12127
8395
3110
23070
4653
16866
11217
29730
26700
4591
20568
15906
11094
22028
5463
913
345
15449
8458
27421
26142
15277
27590
16409
25109
19328
27581
20720
26877
12706
16969
14617
15775
26543
15627
7666
29548
10758
26635
2320
23656
5415
14708
19213
1880
25957
22879
23308
7362
7779
1277
18942
19105
20673
20778
13167
1641
24253
2620
26795
14770
13008
26739
24298
13662
1112
24019
27892
26160
4850
26098
16232
18639
705
7988
3591
19414
25725
15285
29560
7107
17320
14371
4062
22925
25005
18218
4539
15210
21444
24167
27781
17215
1209
2965
14607
25890
11705
1401
15251
4214
26484
5190
15792
4945
21800
8101
29585
16332
21178
6249
3506
26310
110
10211
3527
19684
28430
28027
14930
28896
6018
25882
18127
1583
26267
25153
21220
16307
6717
29303
21697
12436
20890
27911
10889
5857
16945
10777
6112
5594
12556
20194
14586
24089
29979
24640
12983
20391
21554
21066
16978
16109
15076
3503
8749
26194
16077
21816
12555
24938
5485
6212
17871
4846
20693
27537
18072
3895
22261
15282
20076
19590
4376
21575
22207
6292
10562
8975
22439
4127
25780
19353
20530
21391
27708
26703
17756
4604
1251
24712
47
16469
150
4305
8820
14863
21479
19310
8518
17074
26670
8862
9779
22519
17606
15614
8771
11868
10547
16005
14427
3145
3321
4430
26731
13777
5038
3579
24546
25100
25682
18627
17262
21208
18129
10207
8002
227
3650
10656
4050
24328
17891
9595
22963
19826
10706
27488
16956
11086
316
17626
14875
748
16765
14796
17226
18636
16433
7671
17196
24715
3427
916
25244
28068
7068
22576
17611
6715
15456
25380
2660
24422
13481
1936
13468
21128
25003
3151
19339
25879
6732
12287
24000
1695
12463
24744
15152
15224
28419
5712
14889
5499
24975
8685
22371
9122
26288
8969
12998
23270
2309
5711
10236
8337
15192
29828
27191
6961
20678
23441
1533
23735
29113
3717
27095
8515
25335
14924
1614
4498
3395
21929
16355
25518
27721
23732
2017
13306
18080
10361
20606
13900
27556
19744
9407
13521
19993
11100
24902
29742
9137
1810
12639
12567
5603
7953
7187
3959
9205
13429
7153
9338
13788
4919
5601
26211
6339
1376
29621
7007
21394
19583
22751
14729
1403
22511
23801
6713
27089
29955
6746
8309
23813
14855
1028
6382
3725
10375
15470
28775
25
14183
11250
11324
25958
28665
8790
16976
26260
28487
8213
12769
3394
24897
17510
11796
16343
19336
19206
5176
27424
25613
25352
2866
26447
4292
5679
4188
10167
10844
23625
6440
24079
27569
15072
6180
11583
18180
15326
7415
23984
2670
9572
8108
13818
6830
2340
5270
3729
28225
23057
1775
22185
21151
5465
15831
6928
2371
4375
19298
2487
1825
6203
23369
14114
20088
18897
19108
14920
3958
20550
890
2908
12039
28461
21244
2799
25710
23667
27268
23315
25819
12867
25364
20075
9979
11339
3514
15615
29593
27064
3355
21176
13538
8343
288
3769
11221
29710
25110
7130
2132
12191
23329
28002
15391
10561
7328
7505
29467
28623
4547
4015
126
605
1276
23882
1011
406
12993
23541
7404
13655
12688
15483
11551
28290
9229
22155
23647
24509
11533
4748
2865
2995
13878
2437
1259
17887
26998
27818
25200
3421
15766
22716
7790
28192
7289
19642
11810
18768
639
1589
23695
18705
4689
8056
19033
10413
13959
12076
2178
22300
10412
5885
10193
10060
7517
6278
10363
27801
25084
28236
9262
5893
22366
17623
28750
18438
23615
3133
224
27104
6256
6741
20272
10726
2230
10514
1759
29194
19413
1552
2101
28753
17136
2533
27613
20000
21160
20110
27677
29129
23480
23202
27303
7892
8542
9496
14270
3356
22952
25678
468
3859
28416
26924
19828
20101
7675
4860
8953
15862
23157
20334
10209
2984
17436
22435
25504
29924
10944
3088
14799
17770
21876
19502
21430
29173
14165
5805
19715
2125
26821
27251
13633
10973
24917
27218
22911
3111
16389
1876
18353
25639
24742
20332
1918
28480
4847
3920
17427
7232
4293
17396
28566
24702
5479
1696
28363
6800
28471
23134
8241
1253
7918
13524
13687
5900
1580
450
22977
19516
22603
1269
22448
28895
28572
4113
6290
19859
17610
9221
15980
16187
22336
14058
11923
13240
15116
12971
9681
12286
22578
4177
11625
12467
11781
1948
3930
4200
4139
4041
16397
28778
15496
18574
1864
5408
24608
20555
21182
10340
284
12301
13394
1029
23823
19729
6749
22103
18194
22577
29681
20991
12813
26627
22781
21834
13267
11160
9966
29301
6601
3577
25122
4953
9043
27964
28450
27729
8407
24471
12797
12156
27280
2123
5208
26676
10729
1327
22630
21098
25968
20558
22928
14950
27199
16624
15624
2203
23388
3149
14034
12100
15864
22699
17421
1320
5241
8400
8453
27585
8291
5395
3374
6449
10212
10075
12018
13968
10911
3155
28958
6136
6470
12987
16890
10856
26
20423
6397
19035
12067
1924
5263
2218
29484
8586
16589
29496
12861
17738
20484
8288
5727
27644
7213
476
29725
18155
22165
17725
19084
516
9933
21683
9414
20402
12505
18436
26449
10130
1626
29511
9136
15365
16995
24282
16510
25681
19929
709
17330
26667
22147
20456
10311
2746
26029
6108
323
8742
22991
10205
3719
5451
11115
7439
4419
21824
18993
7228
5361
9812
20539
11102
9734
6836
11809
26060
8053
15168
25962
24879
8199
7844
17696
25113
21030
10043
16681
20072
17608
17279
19419
1819
24472
15082
23167
12290
12721
6411
11220
29847
21975
7483
7063
14508
23922
26993
9359
27322
1372
16026
12940
10862
4153
24748
22750
16720
12547
11052
15770
25048
21082
10420
5868
29009
19034
14962
19052
21324
8118
8638
13048
17748
3593
18226
24991
5480
14556
2096
22746
6071
6930
21507
28570
6603
15547
28475
4467
17032
12876
23069
453
20474
19760
7869
20318
8055
28531
20905
22951
7748
26559
22647
17670
2057
24699
15817
20752
14543
20504
1242
12727
22582
2024
24560
9049
26925
784
17163
7989
24632
27962
16632
18805
20760
25104
9486
27805
9553
2628
29656
2938
13117
6252
28311
15580
17508
6142
10113
5758
13760
11062
27283
7737
22010
17648
27963
6396
11995
13124
3816
24691
18810
21318
12608
13287
23812
4257
23471
18309
4055
28165
1391
269
29509
7991
19501
23254
11255
9848
7287
23970
23987
18645
12963
28324
424
4913
17960
12553
4958
12200
13834
13602
13412
7271
12894
7427
25180
29476
18255
12691
9404
1522
11280
5416
22837
15966
4967
6036
7538
13765
19223
2809
12792
8747
8796
28034
29246
13340
3774
14189
10406
26033
15571
17930
24450
22085
26564
19008
7302
27147
22125
23467
8844
5918
26606
12263
17518
17257
4561
1235
18074
7168
17482
8643
19705
16014
25744
23714
16178
17786
15291
27374
19001
28439
20516
16118
25511
2742
27394
28647
1419
14067
5988
23461
16231
11084
10564
22330
6317
9235
7485
8261
25740
120
2860
28731
2810
23225
18157
13719
9856
22826
14153
6056
25826
703
22425
19160
4460
29706
23658
3362
5814
26850
14775
25560
1868
13910
1092
8648
11196
21783
2413
27543
15538
12764
14438
11392
6820
4980
14420
25202
8192
6562
22779
19082
19077
18802
5810
17598
6070
22558
15067
8795
14348
6988
14720
16342
4037
2273
2220
25065
4574
21619
2276
20226
1895
2683
4332
17874
16444
17219
12927
27455
26586
19178
17067
19525
14404
2491
18701
511
27261
11755
8505
4585
22785
20016
5642
18373
22732
16906
22534
23717
26425
9944
8187
20586
4429
26688
10575
25467
11835
3249
29773
5423
3275
20671
26217
3140
28101
6912
1380
20730
12803
252
14131
17854
24993
4572
6853
12209
3200
10379
5981
2588
12755
1842
5560
12729
22852
10507
24670
6125
2331
20674
27636
28904
24262
28857
9836
11473
20774
4137
22749
6338
28598
1025
20179
27725
9973
26930
11544
2886
11916
25797
22241
25207
21882
8800
28319
28176
11195
19424
7393
12535
24802
26379
25372
19265
18095
3698
6296
10179
19292
10291
10404
6358
9814
6906
19087
21189
2990
1639
10409
21878
26057
8792
29315
12015
3611
20354
24886
24892
11965
12316
16107
13085
15446
20594
9573
10098
29482
20840
1341
20177
7440
28149
17200
18725
27254
17310
16478
15731
21556
26168
9557
17020
13372
28684
16223
367
5700
19195
14865
816
1137
14971
16344
11569
26908
11253
20761
6873
25608
12939
11813
1202
8504
20815
29356
27715
4162
1904
28150
27025
28556
9561
8778
6434
5410
17983
12781
9906
13917
11895
5019
1983
5935
11422
28211
27238
5818
14827
11802
20903
18462
5974
14867
10504
3731
29386
29533
9694
19375
26048
21581
6193
29204
28298
11908
9599
11676
24685
2398
1922
477
29633
7067
22932
1467
15593
21329
25383
21349
2776
8864
4998
5320
16870
20115
23712
23723
20807
19358
14224
7872
29230
353
19676
16744
24260
828
5108
19057
9633
8028
27245
19582
4433
580
8631
22579
5685
25755
25160
17914
28988
14466
9719
2348
0
0
0
0
0
0
0
0
0
0
0
0
0
0
0
0
0
0
0
0
0
0
0
0
0
0
0
0
0
0
0
0
0
0
0
0
0
0
0
0
0
0
0
0
0
0
0
0
0
0
0
0
0
0
0
0
0
0
0
0
0
0
0
0
0
0
0
0
0
0
0
0
0
0
0
0
0
0
0
0
0
0
0
0
0
0
0
0
0
0
0
0
0
0
0
0
0
0
0
0
0
0
0
0
0
0
0
0
0
0
0
0
0
0
0
0
0
0
0
0
0
0
0
0
0
0
0
0
0
0
0
0
0
0
0
0
0
0
0
0
0
0
0
0
0
0
0
0
0
0
0
0
0
0
0
0
0
0
0
0
0
0
0
0
0
0
0
0
0
0
0
0
0
0
0
0
0
0
0
0
0
0
0
0
0
0
0
0
0
0
0
0
0
0
0
0
0
0
0
0
0
0
0
0
0
0
0
0
0
0
0
0
0
0
0
0
0
0
0
0
0
0
0
0
0
0
0
0
0
0
0
0
0
0
0
0
0
0
0
0
0
0
0
0
0
0
0
0
0
0
0
0
0
0
0
0
0
0
0
0
0
0
0
0
0
0
0
0
0
0
0
0
0
0
0
0
0
0
0
0
0
0
0
0
0
0
0
0
0
0
0
0
0
0
0
0
0
0
0
0
0
0
0
0
0
0
0
0
0
0
0
0
0
0
0
0
0
0
0
0
0
0
0
0
0
0
0
0
0
0
0
0
0
0
0
0
0
0
0
0
0
0
0
0
0
0
0
0
0
0
0
0
0
0
0
0
0
0
0
0
0
0
0
0
0
0
0
0
0
0
0
0
0
0
0
0
0
0
0
0
0
0
0
0
0
0
0
0
0
0
0
0
0
0
0
0
0
0
0
0
0
0
0
0
0
0
0
0
0
0
0
0
0
0
0
0
0
0
0
0
0
0
0
0
0
0
0
0
0
0
0
0
0
0
0
0
0
0
0
0
0
0
0
0
0
0
0
0
0
0
0
0
0
0
0
0
0
0
0
0
0
0
0
0
0
0
0
0
0
0
0
0
0
0
0
0
0
0
0
0
0
0
0
0
0
0
0
0
0
0
0
0
0
0
0
0
0
0
0
0
0
0
0
0
0
0
0
0
0
0
0
0
0
0
0
0
0
0
0
0
0
0
0
0
0
0
0
0
0
0
0
0
0
0
0
0
0
0
0
0
0
0
0
0
0
0
0
0
0
0
0
0
0
0
0
0
0
0
0
0
0
0
0
0
0
0
0
0
0
0
0
0
0
0
0
0
0
0
0
0
0
0
0
0
0
0
0
0
0
0
0
0
0
0
0
0
0
0
0
0
0
0
0
0
0
0
0
0
0
0
0
0
0
0
0
0
0
0
0
0
0
0
0
0
0
0
0
0
0
0
0
0
0
0
0
0
0
0
0
0
0
0
0
0
0
0
0
0
0
0
0
0
0
0
0
0
0
0
0
0
0
0
0
0
0
0
0
0
0
0
0
0
0
0
0
0
0
0
0
0
0
0
0
0
0
0
0
0
0
0
0
0
0
0
0
0
0
0
0
0
0
0
0
0
0
0
0
0
0
0
0
0
0
0
0
0
0
0
0
0
0
0
0
0
0
0
0
0
0
0
0
0
0
0
0
0
0
0
0
0
0
0
0
0
0
0
0
0
0
0
0
0
0
0
0
0
0
0
0
0
0
0
0
0
0
0
0
0
0
0
0
0
0
0
0
0
0
0
0
0
0
0
0
0
0
0
0
0
0
0
0
0
0
0
0
0
0
0
0
0
0
0
0
0
0
0
0
0
0
0
0
0
0
0
0
0
0
0
0
0
0
0
0
0
0
0
0
0
0
0
0
0
0
0
0
0
0
0
0
0
0
0
0
0
0
0
0
0
0
0
0
0
0
0
0
0
0
0
0
0
0
0
0
0
0
0
0
0
0
0
0
0
0
0
0
0
0
0
0
0
0
0
0
0
0
0
0
0
0
0
0
0
0
0
0
0
0
0
0
0
0
0
0
0
0
0
0
0
0
0
0
0
0
0
0
0
0
0
0
0
0
0
0
0
0
0
0
0
0
0
0
0
0
0
0
0
0
0
0
0
0
0
0
0
0
0
0
0
0
0
0
0
0
0
0
0
0
0
0
0
0
0
0
0
0
0
0
0
0
0
0
0
0
0
0
0
0
0
0
0
0
0
0
0
0
0
0
0
0
0
0
0
0
0
0
0
0
0
0
0
0
0
0
0
0
0
0
0
0
0
0
0
0
0
0
0
0
0
0
0
0
0
0
0
0
0
0
0
0
0
0
0
0
0
0
0
0
0
0
0
0
0
0
0
0
0
0
0
0
0
0
0
0
0
0
0
0
0
0
0
0
0
0
0
0
0
0
0
0
0
0
0
0
0
0
0
0
0
0
0
0
0
0
0
0
0
0
0
0
0
0
0
0
0
0
0
0
0
0
0
0
0
0
0
0
0
0
0
0
0
0
0
0
0
0
0
0
0
0
0
0
0
0
0
0
0
0
0
0
0
0
0
0
0
0
0
0
0
0
0
0
0
0
0
0
0
0
0
0
0
0
0
0
0
0
0
0
0
0
0
0
0
0
0
0
0
0
0
0
0
0
0
0
0
0
0
0
0
0
0
0
0
0
0
0
0
0
0
0
0
0
0
0
0
0
0
0
0
0
0
0
0
0
0
0
0
0
0
0
0
0
0
0
0
0
0
0
0
0
0
0
0
0
0
0
0
0
0
0
0
0
0
0
0
0
0
0
0
0
0
0
0
0
0
0
0
0
0
0
0
0
0
0
0
0
0
0
0
0
0
0
0
0
0
0
0
0
0
0
0
0
0
0
0
0
0
0
0
0
0
0
0
0
0
0
0
0
0
0
0
0
0
0
0
0
0
0
0
0
0
0
0
0
0
0
0
0
0
0
0
0
0
0
0
0
0
0
0
0
0
0
0
0
0
0
0
0
0
0
0
0
0
0
0
0
0
0
0
0
0
0
0
0
0
0
0
0
0
0
0
0
0
0
0
0
0
0
0
0
0
0
0
0
0
0
0
0
0
0
0
0
0
0
0
0
0
0
0
0
0
0
0
0
0
0
0
0
0
0
0
0
0
0
0
0
0
0
0
0
0
0
0
0
0
0
0
0
0
0
0
0
0
0
0
0
0
0
0
0
0
0
0
0
0
0
0
0
0
0
0
0
0
0
0
0
0
0
0
0
0
0
0
0
0
0
0
0
0
0
0
0
0
0
0
0
0
0
0
0
0
0
0
0
0
0
0
0
0
0
0
0
0
0
0
0
0
0
0
0
0
0
0
0
0
0
0
0
0
0
0
0
0
0
0
0
0
0
0
0
0
0
0
0
0
0
0
0
0
0
0
0
0
0
0
0
0
0
0
0
0
0
0
0
0
0
0
0
0
0
0
0
0
0
0
0
0
0
0
0
0
0
0
0
0
0
0
0
0
0
0
0
0
0
0
0
0
0
0
0
0
0
0
0
0
0
0
0
0
0
0
0
0
0
0
0
0
0
0
0
0
0
0
0
0
0
0
0
0
0
0
0
0
0
0
0
0
0
0
0
0
0
0
0
0
0
0
0
0
0
0
0
0
0
0
0
0
0
0
0
0
0
0
0
0
0
0
0
0
0
0
0
0
0
0
0
0
0
0
0
0
0
0
0
0
0
0
0
0
0
0
0
0
0
0
0
0
0
0
0
0
0
0
0
0
0
0
0
0
0
0
0
0
0
0
0
0
0
0
0
0
0
0
0
0
0
0
0
0
0
0
0
0
0
0
0
0
0
0
0
0
0
0
0
0
0
0
0
0
0
0
0
0
0
0
0
0
0
0
0
0
0
0
0
0
0
0
0
0
0
0
0
0
0
0
0
0
0
0
0
0
0
0
0
0
0
0
0
0
0
0
0
0
0
0
0
0
0
0
0
0
0
0
0
0
0
0
0
0
0
0
0
0
0
0
0
0
0
0
0
0
0
0
0
0
0
0
0
0
0
0
0
0
0
0
0
0
0
0
0
0
0
0
0
0
0
0
0
0
0
0
0
0
0
0
0
0
0
0
0
0
0
0
0
0
0
0
0
0
0
0
0
0
0
0
0
0
0
0
0
0
0
0
0
0
0
0
0
0
0
0
0
0
0
0
0
0
0
0
0
0
0
0
0
0
0
0
0
0
0
0
0
0
0
0
0
0
0
0
0
0
0
0
0
0
0
0
0
0
0
0
0
0
0
0
0
0
0
0
0
0
0
0
0
0
0
0
0
0
0
0
0
0
0
0
0
0
0
0
0
0
0
0
0
0
0
0
0
0
0
0
0
0
0
0
0
0
0
0
0
0
0
0
0
0
0
0
0
0
0
0
0
0
0
0
0
0
0
0
0
0
0
0
0
0
0
0
0
0
0
0
0
0
0
0
0
0
0
0
0
0
0
0
0
0
0
0
0
0
0
0
0
0
0
0
0
0
0
0
0
0
0
0
0
0
0
0
0
0
0
0
0
0
0
0
0
0
0
0
0
0
0
0
0
0
0
0
0
0
0
0
0
0
0
0
0
0
0
0
0
0
0
0
0
0
0
0
0
0
0
0
0
0
0
0
0
0
0
0
0
0
0
0
0
0
0
0
0
0
0
0
0
0
0
0
0
0
0
0
0
0
0
0
0
0
0
0
0
0
0
0
0
0
0
0
0
0
0
0
0
0
0
0
0
0
0
0
0
0
0
0
0
0
0
0
0
0
0
0
0
0
0
0
0
0
0
0
0
0
0
0
0
0
0
0
0
0
0
0
0
0
0
0
0
0
0
0
0
0
0
0
0
0
0
0
0
0
0
0
0
0
0
0
0
0
0
0
0
0
0
0
0
0
0
0
0
0
0
0
0
0
0
0
0
0
0
0
0
0
0
0
0
0
0
0
0
0
0
0
0
0
0
0
0
0
0
0
0
0
0
0
0
0
0
0
0
0
0
0
0
0
0
0
0
0
0
0
0
0
0
0
0
0
0
0
0
0
0
0
0
0
0
0
0
0
0
0
0
0
0
0
0
0
0
0
0
0
0
0
0
0
0
0
0
0
0
0
0
0
0
0
0
0
0
0
0
0
0
0
0
0
0
0
0
0
0
0
0
0
0
0
0
0
0
0
0
0
0
0
0
0
0
0
0
0
0
0
0
0
0
0
0
0
0
0
0
0
0
0
0
0
0
0
0
0
0
0
0
0
0
0
0
0
0
0
0
0
0
0
0
0
0
0
0
0
0
0
0
0
0
0
0
0
0
0
0
0
0
0
0
0
0
0
0
0
0
0
0
0
0
0
0
0
0
0
0
0
0
0
0
0
0
0
0
0
0
0
0
0
0
0
0
0
0
0
0
0
0
0
0
0
0
0
0
0
0
0
0
0
0
0
0
0
0
0
0
0
0
0
0
0
0
0
0
0
0
0
0
0
0
0
0
0
0
0
0
0
0
0
0
0
0
0
0
0
0
0
0
0
0
0
0
0
0
0
0
0
0
0
0
0
0
0
0
0
0
0
0
0
0
0
0
0
0
0
0
0
0
0
0
0
0
0
0
0
0
0
0
0
0
0
0
0
0
0
0
0
0
0
0
0
0
0
0
0
0
0
0
0
0
0
0
0
0
0
0
0
0
0
0
0
0
0
0
0
0
0
0
0
0
0
0
0
0
0
0
0
0
0
0
0
0
0
0
0
0
0
0
0
0
0
0
0
0
0
0
0
0
0
0
0
0
0
0
0
0
0
0
0
0
0
0
0
0
0
0
0
0
0
0
0
0
0
0
0
0
0
0
0
0
0
0
0
0
0
0
0
0
0
0
0
0
0
0
0
0
0
0
0
0
0
0
0
0
0
0
0
0
0
0
0
0
0
0
0
0
0
0
0
0
0
0
0
0
0
0
0
0
0
0
0
0
0
0
0
0
0
0
0
0
0
0
0
0
0
0
0
0
0
0
0
0
0
0
0
0
0
0
0
0
0
0
0
0
0
0
0
0
0
0
0
0
0
0
0
0
0
0
0
0
0
0
0
0
0
0
0
0
0
0
0
0
0
0
0
0
0
0
0
0
0
0
0
0
0
0
0
0
0
0
0
0
0
0
0
0
0
0
0
0
0
0
0
0
0
0
0
0
0
0
0
0
0
0
0
0
0
0
0
0
0
0
0
0
0
0
0
0
0
0
0
0
0
0
0
0
0
0
0
0
0
0
0
0
0
0
0
0
0
0
0
0
0
0
0
0
0
0
0
0
0
0
0
0
0
0
0
0
0
0
0
0
0
0
0
0
0
0
0
0
0
0
0
0
0
0
0
0
0
0
0
0
0
0
0
0
0
0
0
0
0
0
0
0
0
0
0
0
0
0
0
0
0
0
0
0
0
0
0
0
0
0
0
0
0
0
0
0
0
0
0
0
0
0
0
0
0
0
0
0
0
0
0
0
0
0
0
0
0
0
0
0
0
0
0
0
0
0
0
0
0
0
0
0
0
0
0
0
0
0
0
0
0
0
0
0
0
0
0
0
0
0
0
0
0
0
0
0
0
0
0
0
0
0
0
0
0
0
0
0
0
0
0
0
0
0
0
0
0
0
0
0
0
0
0
0
0
0
0
0
0
0
0
0
0
0
0
0
0
0
0
0
0
0
0
0
0
0
0
0
0
0
0
0
0
0
0
0
0
0
0
0
0
0
0
0
0
0
0
0
0
0
0
0
0
0
0
0
0
0
0
0
0
0
0
0
0
0
0
0
0
0
0
0
0
0
0
0
0
0
0
0
0
0
0
0
0
0
0
0
0
0
0
0
0
0
0
0
0
0
0
0
0
0
0
0
0
0
0
0
0
0
0
0
0
0
0
0
0
0
0
0
0
0
0
0
0
0
0
0
0
0
0
0
0
0
0
0
0
0
0
0
0
0
0
0
0
0
0
0
0
0
0
0
0
0
0
0
0
0
0
0
0
0
0
0
0
0
0
0
0
0
0
0
0
0
0
0
0
0
0
0
0
0
0
0
0
0
0
0
0
0
0
0
0
0
0
0
0
0
0
0
0
0
0
0
0
0
0
0
0
0
0
0
0
0
0
0
0
0
0
0
0
0
0
0
0
0
0
0
0
0
0
0
0
0
0
0
0
0
0
0
0
0
0
0
0
0
0
0
0
0
0
0
0
0
0
0
0
0
0
0
0
0
0
0
0
0
0
0
0
0
0
0
0
0
0
0
0
0
0
0
0
0
0
0
0
0
0
0
0
0
0
0
0
0
0
0
0
0
0
0
0
0
0
0
0
0
0
0
0
0
0
0
0
0
0
0
0
0
0
0
0
0
0
0
0
0
0
0
0
0
0
0
0
0
0
0
0
0
0
0
0
0
0
0
0
0
0
0
0
0
0
0
0
0
0
0
0
0
0
0
0
0
0
0
0
0
0
0
0
0
0
0
0
0
0
0
0
0
0
0
0
0
0
0
0
0
0
0
0
0
0
0
0
0
0
0
0
0
0
0
0
0
0
0
0
0
0
0
0
0
0
0
0
0
0
0
0
0
0
0
0
0
0
0
0
0
0
0
0
0
0
0
0
0
0
0
0
0
0
0
0
0
0
0
0
0
0
0
0
0
0
0
0
0
0
0
0
0
0
0
0
0
0
0
0
0
0
0
0
0
0
0
0
0
0
0
0
0
0
0
0
0
0
0
0
0
0
0
0
0
0
0
0
0
0
0
0
0
0
0
0
0
0
0
0
0
0
0
0
0
0
0
0
0
0
0
0
0
0
0
0
0
0
0
0
0
0
0
0
0
0
0
0
0
0
0
0
0
0
0
0
0
0
0
0
0
0
0
0
0
0
0
0
0
0
0
0
0
0
0
0
0
0
0
0
0
0
0
0
0
0
0
0
0
0
0
0
0
0
0
0
0
0
0
0
0
0
0
0
0
0
0
0
0
0
0
0
0
0
0
0
0
0
0
0
0
0
0
0
0
0
0
0
0
0
0
0
0
0
0
0
0
0
0
0
0
0
0
0
0
0
0
0
0
0
0
0
0
0
0
0
0
0
0
0
0
0
0
0
0
0
0
0
0
0
0
0
0
0
0
0
0
0
0
0
0
0
0
0
0
0
0
0
0
0
0
0
0
0
0
0
0
0
0
0
0
0
0
0
0
0
0
0
0
0
0
0
0
0
0
0
0
0
0
0
0
0
0
0
0
0
0
0
0
0
0
0
0
0
0
0
0
0
0
0
0
0
0
0
0
0
0
0
0
0
0
0
0
0
0
0
0
0
0
0
0
0
0
0
0
0
0
0
0
0
0
0
0
0
0
0
0
0
0
0
0
0
0
0
0
0
0
0
0
0
0
0
0
0
0
0
0
0
0
0
0
0
0
0
0
0
0
0
0
0
0
0
0
0
0
0
0
0
0
0
0
0
0
0
0
0
0
0
0
0
0
0
0
0
0
0
0
0
0
0
0
0
0
0
0
0
0
0
0
0
0
0
0
0
0
0
0
0
0
0
0
0
0
0
0
0
0
0
0
0
0
0
0
0
0
0
0
0
0
0
0
0
0
0
0
0
0
0
0
0
0
0
0
0
0
0
0
0
0
0
0
0
0
0
0
0
0
0
0
0
0
0
0
0
0
0
0
0
0
0
0
0
0
0
0
0
0
0
0
0
0
0
0
0
0
0
0
0
0
0
0
0
0
0
0
0
0
0
0
0
0
0
0
0
0
0
0
0
0
0
0
0
0
0
0
0
0
0
0
0
0
0
0
0
0
0
0
0
0
0
0
0
0
0
0
0
0
0
0
0
0
0
0
0
0
0
0
0
0
0
0
0
0
0
0
0
0
0
0
0
0
0
0
0
0
0
0
0
0
0
0
0
0
0
0
0
0
0
0
0
0
0
0
0
0
0
0
0
0
0
0
0
0
0
0
0
0
0
0
0
0
0
0
0
0
0
0
0
0
0
0
0
0
0
0
0
0
0
0
0
0
0
0
0
0
0
0
0
0
0
0
0
0
0
0
0
0
0
0
0
0
0
0
0
0
0
0
0
0
0
0
0
0
0
0
0
0
0
0
0
0
0
0
0
0
0
0
0
0
0
0
0
0
0
0
0
0
0
0
0
0
0
0
0
0
0
0
0
0
0
0
0
0
0
0
0
0
0
0
0
0
0
0
0
0
0
0
0
0
0
0
0
0
0
0
0
0
0
0
0
0
0
0
0
0
0
0
0
0
0
0
0
0
0
0
0
0
0
0
0
0
0
0
0
0
0
0
0
0
0
0
0
0
0
0
0
0
0
0
0
0
0
0
0
0
0
0
0
0
0
0
0
0
0
0
0
0
0
0
0
0
0
0
0
0
0
0
0
0
0
0
0
0
0
0
0
0
0
0
0
0
0
0
0
0
0
0
0
0
0
0
0
0
0
0
0
0
0
0
0
0
0
0
0
0
0
0
0
0
0
0
0
0
0
0
0
0
0
0
0
0
0
0
0
0
0
0
0
0
0
0
0
0
0
0
0
0
0
0
0
0
0
0
0
0
0
0
0
0
0
0
0
0
0
0
0
0
0
0
0
0
0
0
0
0
0
0
0
0
0
0
0
0
0
0
0
0
0
0
0
0
0
0
0
0
0
0
0
0
0
0
0
0
0
0
0
0
0
0
0
0
0
0
0
0
0
0
0
0
0
0
0
0
0
0
0
0
0
0
0
0
0
0
0
0
0
0
0
0
0
0
0
0
0
0
0
0
0
0
0
0
0
0
0
0
0
0
0
0
0
0
0
0
0
0
0
0
0
0
0
0
0
0
0
0
0
0
0
0
0
0
0
0
0
0
0
0
0
0
0
0
0
0
0
0
0
0
0
0
0
0
0
0
0
0
0
0
0
0
0
0
0
0
0
0
0
0
0
0
0
0
0
0
0
0
0
0
0
0
0
0
0
0
0
0
0
0
0
0
0
0
0
0
0
0
0
0
0
0
0
0
0
0
0
0
0
0
0
0
0
0
0
0
0
0
0
0
0
0
0
0
0
0
0
0
0
0
0
0
0
0
0
0
0
0
0
0
0
0
0
0
0
0
0
0
0
0
0
0
0
0
0
0
0
0
0
0
0
0
0
0
0
0
0
0
0
0
0
0
0
0
0
0
0
0
0
0
0
0
0
0
0
0
0
0
0
0
0
0
0
0
0
0
0
0
0
0
0
0
0
0
0
0
0
0
0
0
0
0
0
0
0
0
0
0
0
0
0
0
0
0
0
0
0
0
0
0
0
0
0
0
0
0
0
0
0
0
0
0
0
0
0
0
0
0
0
0
0
0
0
0
0
0
0
0
0
0
0
0
0
0
0
0
0
0
0
0
0
0
0
0
0
0
0
0
0
0
0
0
0
0
0
0
0
0
0
0
0
0
0
0
0
0
0
0
0
0
0
0
0
0
0
0
0
0
0
0
0
0
0
0
0
0
0
0
0
0
0
0
0
0
0
0
0
0
0
0
0
0
0
0
0
0
0
0
0
0
0
0
0
0
0
0
0
0
0
0
0
0
0
0
0
0
0
0
0
0
0
0
0
0
0
0
0
0
0
0
0
0
0
0
0
0
0
0
0
0
0
0
0
0
0
0
0
0
0
0
0
0
0
0
0
0
0
0
0
0
0
0
0
0
0
0
0
0
0
0
0
0
0
0
0
0
0
0
0
0
0
0
0
0
0
0
0
0
0
0
0
0
0
0
0
0
0
0
0
0
0
0
0
0
0
0
0
0
0
0
0
0
0
0
0
0
0
0
0
0
0
0
0
0
0
0
0
0
0
0
0
0
0
0
0
0
0
0
0
0
0
0
0
0
0
0
0
0
0
0
0
0
0
0
0
0
0
0
0
0
0
0
0
0
0
0
0
0
0
0
0
0
0
0
0
0
0
0
0
0
0
0
0
0
0
0
0
0
0
0
0
0
0
0
0
0
0
0
0
0
0
0
0
0
0
0
0
0
0
0
0
0
0
0
0
0
0
0
0
0
0
0
0
0
0
0
0
0
0
0
0
0
0
0
0
0
0
0
0
0
0
0
0
0
0
0
0
0
0
0
0
0
0
0
0
0
0
0
0
0
0
0
0
0
0
0
0
0
0
0
0
0
0
0
0
0
0
0
0
0
0
0
0
0
0
0
0
0
0
0
0
0
0
0
0
0
0
0
0
0
0
0
0
0
0
0
0
0
0
0
0
0
0
0
0
0
0
0
0
0
0
0
0
0
0
0
0
0
0
0
0
0
0
0
0
0
0
0
0
0
0
0
0
0
0
0
0
0
0
0
0
0
0
0
0
0
0
0
0
0
0
0
0
0
0
0
0
0
0
0
0
0
0
0
0
0
0
0
0
0
0
0
0
0
0
0
0
0
0
0
0
0
0
0
0
0
0
0
0
0
0
0
0
0
0
0
0
0
0
0
0
0
0
0
0
0
0
0
0
0
0
0
0
0
0
0
0
0
0
0
0
0
0
0
0
0
0
0
0
0
0
0
0
0
0
0
0
0
0
0
0
0
0
0
0
0
0
0
0
0
0
0
0
0
0
0
0
0
0
0
0
0
0
0
0
0
0
0
0
0
0
0
0
0
0
0
0
0
0
0
0
0
0
0
0
0
0
0
0
0
0
0
0
0
0
0
0
0
0
0
0
0
0
0
0
0
0
0
0
0
0
0
0
0
0
0
0
0
0
0
0
0
0
0
0
0
0
0
0
0
0
0
0
0
0
0
0
0
0
0
0
0
0
0
0
0
0
0
0
0
0
0
0
0
0
0
0
0
0
0
0
0
0
0
0
0
0
0
0
0
0
0
0
0
0
0
0
0
0
0
0
0
0
0
0
0
0
0
0
0
0
0
0
0
0
0
0
0
0
0
0
0
0
0
0
0
0
0
0
0
0
0
0
0
0
0
0
0
0
0
0
0
0
0
0
0
0
0
0
0
0
0
0
0
0
0
0
0
0
0
0
0
0
0
0
0
0
0
0
0
0
0
0
0
0
0
0
0
0
0
0
0
0
0
0
0
0
0
0
0
0
0
0
0
0
0
0
0
0
0
0
0
0
0
0
0
0
0
0
0
0
0
0
0
0
0
0
0
0
0
0
0
0
0
0
0
0
0
0
0
0
0
0
0
0
0
0
0
0
0
0
0
0
0
0
0
0
0
0
0
0
0
0
0
0
0
0
0
0
0
0
0
0
0
0
0
0
0
0
0
0
0
0
0
0
0
0
0
0
0
0
0
0
0
0
0
0
0
0
0
0
0
0
0
0
0
0
0
0
0
0
0
0
0
0
0
0
0
0
0
0
0
0
0
0
0
0
0
0
0
0
0
0
0
0
0
0
0
0
0
0
0
0
0
0
0
0
0
0
0
0
0
0
0
0
0
0
0
0
0
0
0
0
0
0
0
0
0
0
0
0
0
0
0
0
0
0
0
0
0
0
0
0
0
0
0
0
0
0
0
0
0
0
0
0
0
0
0
0
0
0
0
0
0
0
0
0
0
0
0
0
0
0
0
0
0
0
0
0
0
0
0
0
0
0
0
0
0
0
0
0
0
0
0
0
0
0
0
0
0
0
0
0
0
0
0
0
0
0
0
0
0
0
0
0
0
0
0
0
0
0
0
0
0
0
0
0
0
0
0
0
0
0
0
0
0
0
0
0
0
0
0
0
0
0
0
0
0
0
0
0
0
0
0
0
0
0
0
0
0
0
0
0
0
0
0
0
0
0
0
0
0
0
0
0
0
0
0
0
0
0
0
0
0
0
0
0
0
0
0
0
0
0
0
0
0
0
0
0
0
0
0
0
0
0
0
0
0
0
0
0
0
0
0
0
0
0
0
0
0
0
0
0
0
0
0
0
0
0
0
0
0
0
0
0
0
0
0
0
0
0
0
0
0
0
0
0
0
0
0
0
0
0
0
0
0
0
0
0
0
0
0
0
0
0
0
0
0
0
0
0
0
0
0
0
0
0
0
0
0
0
0
0
0
0
0
0
0
0
0
0
0
0
0
0
0
0
0
0
0
0
0
0
0
0
0
0
0
0
0
0
0
0
0
0
0
0
0
0
0
0
0
0
0
0
0
0
0
0
0
0
0
0
0
0
0
0
0
0
0
0
0
0
0
0
0
0
0
0
0
0
0
0
0
0
0
0
0
0
0
0
0
0
0
0
0
0
0
0
0
0
0
0
0
0
0
0
0
0
0
0
0
0
0
0
0
0
0
0
0
0
0
0
0
0
0
0
0
0
0
0
0
0
0
0
0
0
0
0
0
0
0
0
0
0
0
0
0
0
0
0
0
0
0
0
0
0
0
0
0
0
0
0
0
0
0
0
0
0
0
0
0
0
0
0
0
0
0
0
0
0
0
0
0
0
0
0
0
0
0
0
0
0
0
0
0
0
0
0
0
0
0
0
0
0
0
0
0
0
0
0
0
0
0
0
0
0
0
0
0
0
0
0
0
0
0
0
0
0
0
0
0
0
0
0
0
0
0
0
0
0
0
0
0
0
0
0
0
0
0
0
0
0
0
0
0
0
0
0
0
0
0
0
0
0
0
0
0
0
0
0
0
0
0
0
0
0
0
0
0
0
0
0
0
0
0
0
0
0
0
0
0
0
0
0
0
0
0
0
0
0
0
0
0
0
0
0
0
0
0
0
0
0
0
0
0
0
0
0
0
0
0
0
0
0
0
0
0
0
0
0
0
0
0
0
0
0
0
0
0
0
0
0
0
0
0
0
0
0
0
0
0
0
0
0
0
0
0
0
0
0
0
0
0
0
0
0
0
0
0
0
0
0
0
0
0
0
0
0
0
0
0
0
0
0
0
0
0
0
0
0
0
0
0
0
0
0
0
0
0
0
0
0
0
0
0
0
0
0
0
0
0
0
0
0
0
0
0
0
0
0
0
0
0
0
0
0
0
0
0
0
0
0
0
0
0
0
0
0
0
0
0
0
0
0
0
0
0
0
0
0
0
0
0
0
0
0
0
0
0
0
0
0
0
0
0
0
0
0
0
0
0
0
0
0
0
0
0
0
0
0
0
0
0
0
0
0
0
0
0
0
0
0
0
0
0
0
0
0
0
0
0
0
0
0
0
0
0
0
0
0
0
0
0
0
0
0
0
0
0
0
0
0
0
0
0
0
0
0
0
0
0
0
0
0
0
0
0
0
0
0
0
0
0
0
0
0
0
0
0
0
0
0
0
0
0
0
0
0
0
0
0
0
0
0
0
0
0
0
0
0
0
0
0
0
0
0
0
0
0
0
0
0
0
0
0
0
0
0
0
0
0
0
0
0
0
0
0
0
0
0
0
0
0
0
0
0
0
0
0
0
0
0
0
0
0
0
0
0
0
0
0
0
0
0
0
0
0
0
0
0
0
0
0
0
0
0
0
0
0
0
0
0
0
0
0
0
0
0
0
0
0
0
0
0
0
0
0
0
0
0
0
0
0
0
0
0
0
0
0
0
0
0
0
0
0
0
0
0
0
0
0
0
0
0
0
0
0
0
0
0
0
0
0
0
0
0
0
0
0
0
0
0
0
0
0
0
0
0
0
0
0
0
0
0
0
0
0
0
0
0
0
0
0
0
0
0
0
0
0
0
0
0
0
0
0
0
0
0
0
0
0
0
0
0
0
0
0
0
0
0
0
0
0
0
0
0
0
0
0
0
0
0
0
0
0
0
0
0
0
0
0
0
0
0
0
0
0
0
0
0
0
0
0
0
0
0
0
0
0
0
0
0
0
0
0
0
0
0
0
0
0
0
0
0
0
0
0
0
0
0
0
0
0
0
0
0
0
0
0
0
0
0
0
0
0
0
0
0
0
0
0
0
0
0
0
0
0
0
0
0
0
0
0
0
0
0
0
0
0
0
0
0
0
0
0
0
0
0
0
0
0
0
0
0
0
0
0
0
0
0
0
0
0
0
0
0
0
0
0
0
0
0
0
0
0
0
0
0
0
0
0
0
0
0
0
0
0
0
0
0
0
0
0
0
0
0
0
0
0
0
0
0
0
0
0
0
0
0
0
0
0
0
0
0
0
0
0
0
0
0
0
0
0
0
0
0
0
0
0
0
0
0
0
0
0
0
0
0
0
0
0
0
0
0
0
0
0
0
0
0
0
0
0
0
0
0
0
0
0
0
0
0
0
0
0
0
0
0
0
0
0
0
0
0
0
0
0
0
0
0
0
0
0
0
0
0
0
0
0
0
0
0
0
0
0
0
0
0
0
0
0
0
0
0
0
0
0
0
0
0
0
0
0
0
0
0
0
0
0
0
0
0
0
0
0
0
0
0
0
0
0
0
0
0
0
0
0
0
0
0
0
0
0
0
0
0
0
0
0
0
0
0
0
0
0
0
0
0
0
0
0
0
0
0
0
0
0
0
0
0
0
0
0
0
0
0
0
0
0
0
0
0
0
0
0
0
0
0
0
0
0
0
0
0
0
0
0
0
0
0
0
0
0
0
0
0
0
0
0
0
0
0
0
0
0
0
0
0
0
0
0
0
0
0
0
0
0
0
0
0
0
0
0
0
0
0
0
0
0
0
0
0
0
0
0
0
0
0
0
0
0
0
0
0
0
0
0
0
0
0
0
0
0
0
0
0
0
0
0
0
0
0
0
0
0
0
0
0
0
0
0
0
0
0
0
0
0
0
0
0
0
0
0
0
0
0
0
0
0
0
0
0
0
0
0
0
0
0
0
0
0
0
0
0
0
0
0
0
0
0
0
0
0
0
0
0
0
0
0
0
0
0
0
0
0
0
0
0
0
0
0
0
0
0
0
0
0
0
0
0
0
0
0
0
0
0
0
0
0
0
0
0
0
0
0
0
0
0
0
0
0
0
0
0
0
0
0
0
0
0
0
0
0
0
0
0
0
0
0
0
0
0
0
0
0
0
0
0
0
0
0
0
0
0
0
0
0
0
0
0
0
0
0
0
0
0
0
0
0
0
0
0
0
0
0
0
0
0
0
0
0
0
0
0
0
0
0
0
0
0
0
0
0
0
0
0
0
0
0
0
0
0
0
0
0
0
0
0
0
0
0
0
0
0
0
0
0
0
0
0
0
0
0
0
0
0
0
0
0
0
0
0
0
0
0
0
0
0
0
0
0
0
0
0
0
0
0
0
0
0
0
0
0
0
0
0
0
0
0
0
0
0
0
0
0
0
0
0
0
0
0
0
0
0
0
0
0
0
0
0
0
0
0
0
0
0
0
0
0
0
0
0
0
0
0
0
0
0
0
0
0
0
0
0
0
0
0
0
0
0
0
0
0
0
0
0
0
0
0
0
0
0
0
0
0
0
0
0
0
0
0
0
0
0
0
0
0
0
0
0
0
0
0
0
0
0
0
0
0
0
0
0
0
0
0
0
0
0
0
0
0
0
0
0
0
0
0
0
0
0
0
0
0
0
0
0
0
0
0
0
0
0
0
0
0
0
0
0
0
0
0
0
0
0
0
0
0
0
0
0
0
0
0
0
0
0
0
0
0
0
0
0
0
0
0
0
0
0
0
0
0
0
0
0
0
0
0
0
0
0
0
0
0
0
0
0
0
0
0
0
0
0
0
0
0
0
0
0
0
0
0
0
0
0
0
0
0
0
0
0
0
0
0
0
0
0
0
0
0
0
0
0
0
0
0
0
0
0
0
0
0
0
0
0
0
0
0
0
0
0
0
0
0
0
0
0
0
0
0
0
0
0
0
0
0
0
0
0
0
0
0
0
0
0
0
0
0
0
0
0
0
0
0
0
0
0
0
0
0
0
0
0
0
0
0
0
0
0
0
0
0
0
0
0
0
0
0
0
0
0
0
0
0
0
0
0
0
0
0
0
0
0
0
0
0
0
0
0
0
0
0
0
0
0
0
0
0
0
0
0
0
0
0
0
0
0
0
0
0
0
0
0
0
0
0
0
0
0
0
0
0
0
0
0
0
0
0
0
0
0
0
0
0
0
0
0
0
0
0
0
0
0
0
0
0
0
0
0
0
0
0
0
0
0
0
0
0
0
0
0
0
0
0
0
0
0
0
0
0
0
0
0
0
0
0
0
0
0
0
0
0
0
0
0
0
0
0
0
0
0
0
0
0
0
0
0
0
0
0
0
0
0
0
0
0
0
0
0
0
0
0
0
0
0
0
0
0
0
0
0
0
0
0
0
0
0
0
0
0
0
0
0
0
0
0
0
0
0
0
0
0
0
0
0
0
0
0
0
0
0
0
0
0
0
0
0
0
0
0
0
0
0
0
0
0
0
0
0
0
0
0
0
0
0
0
0
0
0
0
0
0
0
0
0
0
0
0
0
0
0
0
0
0
0
0
0
0
0
0
0
0
0
0
0
0
0
0
0
0
0
0
0
0
0
0
0
0
0
0
0
0
0
0
0
0
0
0
0
0
0
0
0
0
0
0
0
0
0
0
0
0
0
0
0
0
0
0
0
0
0
0
0
0
0
0
0
0
0
0
0
0
0
0
0
0
0
0
0
0
0
0
0
0
0
0
0
0
0
0
0
0
0
0
0
0
0
0
0
0
0
0
0
0
0
0
0
0
0
0
0
0
0
0
0
0
0
0
0
0
0
0
0
0
0
0
0
0
0
0
0
0
0
0
0
0
0
0
0
0
0
0
0
0
0
0
0
0
0
0
0
0
0
0
0
0
0
0
0
0
0
0
0
0
0
0
0
0
0
0
0
0
0
0
0
0
0
0
0
0
0
0
0
0
0
0
0
0
0
0
0
0
0
0
0
0
0
0
0
0
0
0
0
0
0
0
0
0
0
0
0
0
0
0
0
0
0
0
0
0
0
0
0
0
0
0
0
0
0
0
0
0
0
0
0
0
0
0
0
0
0
0
0
0
0
0
0
0
0
0
0
0
0
0
0
0
0
0
0
0
0
0
0
0
0
0
0
0
0
0
0
0
0
0
0
0
0
0
0
0
0
0
0
0
0
0
0
0
0
0
0
0
0
0
0
0
0
0
0
0
0
0
0
0
0
0
0
0
0
0
0
0
0
0
0
0
0
0
0
0
0
0
0
0
0
0
0
0
0
0
0
0
0
0
0
0
0
0
0
0
0
0
0
0
0
0
0
0
0
0
0
0
0
0
0
0
0
0
0
0
0
0
0
0
0
0
0
0
0
0
0
0
0
0
0
0
0
0
0
0
0
0
0
0
0
0
0
0
0
0
0
0
0
0
0
0
0
0
0
0
0
0
0
0
0
0
0
0
0
0
0
0
0
0
0
0
0
0
0
0
0
0
0
0
0
0
0
0
0
0
0
0
0
0
0
0
0
0
0
0
0
0
0
0
0
0
0
0
0
0
0
0
0
0
0
0
0
0
0
0
0
0
0
0
0
0
0
0
0
0
0
0
0
0
0
0
0
0
0
0
0
0
0
0
0
0
0
0
0
0
0
0
0
0
0
0
0
0
0
0
0
0
0
0
0
0
0
0
0
0
0
0
0
0
0
0
0
0
0
0
0
0
0
0
0
0
0
0
0
0
0
0
0
0
0
0
0
0
0
0
0
0
0
0
0
0
0
0
0
0
0
0
0
0
0
0
0
0
0
0
0
0
0
0
0
0
0
0
0
0
0
0
0
0
0
0
0
0
0
0
0
0
0
0
0
0
0
0
0
0
0
0
0
0
0
0
0
0
0
0
0
0
0
0
0
0
0
0
0
0
0
0
0
0
0
0
0
0
0
0
0
0
0
0
0
0
0
0
0
0
0
0
0
0
0
0
0
0
0
0
0
0
0
0
0
0
0
0
0
0
0
0
0
0
0
0
0
0
0
0
0
0
0
0
0
0
0
0
0
0
0
0
0
0
0
0
0
0
0
0
0
0
0
0
0
0
0
0
0
0
0
0
0
0
0
0
0
0
0
0
0
0
0
0
0
0
0
0
0
0
0
0
0
0
0
0
0
0
0
0
0
0
0
0
0
0
0
0
0
0
0
0
0
0
0
0
0
0
0
0
0
0
0
0
0
0
0
0
0
0
0
0
0
0
0
0
0
0
0
0
0
0
0
0
0
0
0
0
0
0
0
0
0
0
0
0
0
0
0
0
0
0
0
0
0
0
0
0
0
0
0
0
0
0
0
0
0
0
0
0
0
0
0
0
0
0
0
0
0
0
0
0
0
0
0
0
0
0
0
0
0
0
0
0
0
0
0
0
0
0
0
0
0
0
0
0
0
0
0
0
0
0
0
0
0
0
0
0
0
0
0
0
0
0
0
0
0
0
0
0
0
0
0
0
0
0
0
0
0
0
0
0
0
0
0
0
0
0
0
0
0
0
0
0
0
0
0
0
0
0
0
0
0
0
0
0
0
0
0
0
0
0
0
0
0
0
0
0
0
0
0
0
0
0
0
0
0
0
0
0
0
0
0
0
0
0
0
0
0
0
0
0
0
0
0
0
0
0
0
0
0
0
0
0
0
0
0
0
0
0
0
0
0
0
0
0
0
0
0
0
0
0
0
0
0
0
0
0
0
0
0
0
0
0
0
0
0
0
0
0
0
0
0
0
0
0
0
0
0
0
0
0
0
0
0
0
0
0
0
0
0
0
0
0
0
0
0
0
0
0
0
0
0
0
0
0
0
0
0
0
0
0
0
0
0
0
0
0
0
0
0
0
0
0
0
0
0
0
0
0
0
0
0
0
0
0
0
0
0
0
0
0
0
0
0
0
0
0
0
0
0
0
0
0
0
0
0
0
0
0
0
0
0
0
0
0
0
0
0
0
0
0
0
0
0
0
0
0
0
0
0
0
0
0
0
0
0
0
0
0
0
0
0
0
0
0
0
0
0
0
0
0
0
0
0
0
0
0
0
0
0
0
0
0
0
0
0
0
0
0
0
0
0
0
0
0
0
0
0
0
0
0
0
0
0
0
0
0
0
0
0
0
0
0
0
0
0
0
0
0
0
0
0
0
0
0
0
0
0
0
0
0
0
0
0
0
0
0
0
0
0
0
0
0
0
0
0
0
0
0
0
0
0
0
0
0
0
0
0
0
0
0
0
0
0
0
0
0
0
0
0
0
0
0
0
0
0
0
0
0
0
0
0
0
0
0
0
0
0
0
0
0
0
0
0
0
0
0
0
0
0
0
0
0
0
0
0
0
0
0
0
0
0
0
0
0
0
0
0
0
0
0
0
0
0
0
0
0
0
0
0
0
0
0
0
0
0
0
0
0
0
0
0
0
0
0
0
0
0
0
0
0
0
0
0
0
0
0
0
0
0
0
0
0
0
0
0
0
0
0
0
0
0
0
0
0
0
0
0
0
0
0
0
0
0
0
0
0
0
0
0
0
0
0
0
0
0
0
0
0
0
0
0
0
0
0
0
0
0
0
0
0
0
0
0
0
0
0
0
0
0
0
0
0
0
0
0
0
0
0
0
0
0
0
0
0
0
0
0
0
0
0
0
0
0
0
0
0
0
0
0
0
0
0
0
0
0
0
0
0
0
0
0
0
0
0
0
0
0
0
0
0
0
0
0
0
0
0
0
0
0
0
0
0
0
0
0
0
0
0
0
0
0
0
0
0
0
0
0
0
0
0
0
0
0
0
0
0
0
0
0
0
0
0
0
0
0
0
0
0
0
0
0
0
0
0
0
0
0
0
0
0
0
0
0
0
0
0
0
0
0
0
0
0
0
0
0
0
0
0
0
0
0
0
0
0
0
0
0
0
0
0
0
0
0
0
0
0
0
0
0
0
0
0
0
0
0
0
0
0
0
0
0
0
0
0
0
0
0
0
0
0
0
0
0
0
0
0
0
0
0
0
0
0
0
0
0
0
0
0
0
0
0
0
0
0
0
0
0
0
0
0
0
0
0
0
0
0
0
0
0
0
0
0
0
0
0
0
0
0
0
0
0
0
0
0
0
0
0
0
0
0
0
0
0
0
0
0
0
0
0
0
0
0
0
0
0
0
0
0
0
0
0
0
0
0
0
0
0
0
0
0
0
0
0
0
0
0
0
0
0
0
0
0
0
0
0
0
0
0
0
0
0
0
0
0
0
0
0
0
0
0
0
0
0
0
0
0
0
0
0
0
0
0
0
0
0
0
0
0
0
0
0
0
0
0
0
0
0
0
0
0
0
0
0
0
0
0
0
0
0
0
0
0
0
0
0
0
0
0
0
0
0
0
0
0
0
0
0
0
0
0
0
0
0
0
0
0
0
0
0
0
0
0
0
0
0
0
0
0
0
0
0
0
0
0
0
0
0
0
0
0
0
0
0
0
0
0
0
0
0
0
0
0
0
0
0
0
0
0
0
0
0
0
0
0
0
0
0
0
0
0
0
0
0
0
0
0
0
0
0
0
0
0
0
0
0
0
0
0
0
0
0
0
0
0
0
0
0
0
0
0
0
0
0
0
0
0
0
0
0
0
0
0
0
0
0
0
0
0
0
0
0
0
0
0
0
0
0
0
0
0
0
0
0
0
0
0
0
0
0
0
0
0
0
0
0
0
0
0
0
0
0
0
0
0
0
0
0
0
0
0
0
0
0
0
0
0
0
0
0
0
0
0
0
0
0
0
0
0
0
0
0
0
0
0
0
0
0
0
0
0
0
0
0
0
0
0
0
0
0
0
0
0
0
0
0
0
0
0
0
0
0
0
0
0
0
0
0
0
0
0
0
0
0
0
0
0
0
0
0
0
0
0
0
0
0
0
0
0
0
0
0
0
0
0
0
0
0
0
0
0
0
0
0
0
0
0
0
0
0
0
0
0
0
0
0
0
0
0
0
0
0
0
0
0
0
0
0
0
0
0
0
0
0
0
0
0
0
0
0
0
0
0
0
0
0
0
0
0
0
0
0
0
0
0
0
0
0
0
0
0
0
0
0
0
0
0
0
0
0
0
0
0
0
0
0
0
0
0
0
0
0
0
0
0
0
0
0
0
0
0
0
0
0
0
0
0
0
0
0
0
0
0
0
0
0
0
0
0
0
0
0
0
0
0
0
0
0
0
0
0
0
0
0
0
0
0
0
0
0
0
0
0
0
0
0
0
0
0
0
0
0
0
0
0
0
0
0
0
0
0
0
0
0
0
0
0
0
0
0
0
0
0
0
0
0
0
0
0
0
0
0
0
0
0
0
0
0
0
0
0
0
0
0
0
0
0
0
0
0
0
0
0
0
0
0
0
0
0
0
0
0
0
0
0
0
0
0
0
0
0
0
0
0
0
0
0
0
0
0
0
0
0
0
0
0
0
0
0
0
0
0
0
0
0
0
0
0
0
0
0
0
0
0
0
0
0
0
0
0
0
0
0
0
0
0
0
0
0
0
0
0
0
0
0
0
0
0
0
0
0
0
0
0
0
0
0
0
0
0
0
0
0
0
0
0
0
0
0
0
0
0
0
0
0
0
0
0
0
0
0
0
0
0
0
0
0
0
0
0
0
0
0
0
0
0
0
0
0
0
0
0
0
0
0
0
0
0
0
0
0
0
0
0
0
0
0
0
0
0
0
0
0
0
0
0
0
0
0
0
0
0
0
0
0
0
0
0
0
0
0
0
0
0
0
0
0
0
0
0
0
0
0
0
0
0
0
0
0
0
0
0
0
0
0
0
0
0
0
0
0
0
0
0
0
0
0
0
0
0
0
0
0
0
0
0
0
0
0
0
0
0
0
0
0
0
0
0
0
0
0
0
0
0
0
0
0
0
0
0
0
0
0
0
0
0
0
0
0
0
0
0
0
0
0
0
0
0
0
0
0
0
0
0
0
0
0
0
0
0
0
0
0
0
0
0
0
0
0
0
0
0
0
0
0
0
0
0
0
0
0
0
0
0
0
0
0
0
0
0
0
0
0
0
0
0
0
0
0
0
0
0
0
0
0
0
0
0
0
0
0
0
0
0
0
0
0
0
0
0
0
0
0
0
0
0
0
0
0
0
0
0
0
0
0
0
0
0
0
0
0
0
0
0
0
0
0
0
0
0
0
0
0
0
0
0
0
0
0
0
0
0
0
0
0
0
0
0
0
0
0
0
0
0
0
0
0
0
0
0
0
0
0
0
0
0
0
0
0
0
0
0
0
0
0
0
0
0
0
0
0
0
0
0
0
0
0
0
0
0
0
0
0
0
0
0
0
0
0
0
0
0
0
0
0
0
0
0
0
0
0
0
0
0
0
0
0
0
0
0
0
0
0
0
0
0
0
0
0
0
0
0
0
0
0
0
0
0
0
0
0
0
0
0
0
0
0
0
0
0
0
0
0
0
0
0
0
0
0
0
0
0
0
0
0
0
0
0
0
0
0
0
0
0
0
0
0
0
0
0
0
0
0
0
0
0
0
0
0
0
0
0
0
0
0
0
0
0
0
0
0
0
0
0
0
0
0
0
0
0
0
0
0
0
0
0
0
0
0
0
0
0
0
0
0
0
0
0
0
0
0
0
0
0
0
0
0
0
0
0
0
0
0
0
0
0
0
0
0
0
0
0
0
0
0
0
0
0
0
0
0
0
0
0
0
0
0
0
0
0
0
0
0
0
0
0
0
0
0
0
0
0
0
0
0
0
0
0
0
0
0
0
0
0
0
0
0
0
0
0
0
0
0
0
0
0
0
0
0
0
0
0
0
0
0
0
0
0
0
0
0
0
0
0
0
0
0
0
0
0
0
0
0
0
0
0
0
0
0
0
0
0
0
0
0
0
0
0
0
0
0
0
0
0
0
0
0
0
0
0
0
0
0
0
0
0
0
0
0
0
0
0
0
0
0
0
0
0
0
0
0
0
0
0
0
0
0
0
0
0
0
0
0
0
0
0
0
0
0
0
0
0
0
0
0
0
0
0
0
0
0
0
0
0
0
0
0
0
0
0
0
0
0
0
0
0
0
0
0
0
0
0
0
0
0
0
0
0
0
0
0
0
0
0
0
0
0
0
0
0
0
0
0
0
0
0
0
0
0
0
0
0
0
0
0
0
0
0
0
0
0
0
0
0
0
0
0
0
0
0
0
0
0
0
0
0
0
0
0
0
0
0
0
0
0
0
0
0
0
0
0
0
0
0
0
0
0
0
0
0
0
0
0
0
0
0
0
0
0
0
0
0
0
0
0
0
0
0
0
0
0
0
0
0
0
0
0
0
0
0
0
0
0
0
0
0
0
0
0
0
0
0
0
0
0
0
0
0
0
0
0
0
0
0
0
0
0
0
0
0
0
0
0
0
0
0
0
0
0
0
0
0
0
0
0
0
0
0
0
0
0
0
0
0
0
0
0
0
0
0
0
0
0
0
0
0
0
0
0
0
0
0
0
0
0
0
0
0
0
0
0
0
0
0
0
0
0
0
0
0
0
0
0
0
0
0
0
0
0
0
0
0
0
0
0
0
0
0
0
0
0
0
0
0
0
0
0
0
0
0
0
0
0
0
0
0
0
0
0
0
0
0
0
0
0
0
0
0
0
0
0
0
0
0
0
0
0
0
0
0
0
0
0
0
0
0
0
0
0
0
0
0
0
0
0
0
0
0
0
0
0
0
0
0
0
0
0
0
0
0
0
0
0
0
0
0
0
0
0
0
0
0
0
0
0
0
0
0
0
0
0
0
0
0
0
0
0
0
0
0
0
0
0
0
0
0
0
0
0
0
0
0
0
0
0
0
0
0
0
0
0
0
0
0
0
0
0
0
0
0
0
0
0
0
0
0
0
0
0
0
0
0
0
0
0
0
0
0
0
0
0
0
0
0
0
0
0
0
0
0
0
0
0
0
0
0
0
0
0
0
0
0
0
0
0
0
0
0
0
0
0
0
0
0
0
0
0
0
0
0
0
0
0
0
0
0
0
0
0
0
0
0
0
0
0
0
0
0
0
0
0
0
0
0
0
