2
4
5
8
11
12
13
14
16
17
18
19
21
22
25
26
31
32
33
35
36
38
39
40
43
44
45
47
48
52
53
54
56
57
60
61
62
64
65
67
68
69
70
71
72
73
75
76
77
78
80
81
82
83
84
85
86
87
90
92
93
94
95
96
97
100
102
104
105
106
107
108
110
111
112
114
115
116
119
120
121
126
127
128
129
130
131
132
133
136
138
139
141
142
143
144
146
147
149
150
151
152
153
154
156
158
159
160
163
164
165
166
171
172
173
174
179
182
185
186
188
189
190
191
192
194
195
196
197
199
202
205
206
207
208
209
213
215
216
217
219
220
221
222
223
224
225
226
227
228
230
232
233
234
235
236
239
240
241
243
244
245
247
248
249
250
252
253
254
256
257
258
259
260
261
262
264
265
266
269
270
272
273
274
275
276
279
280
282
283
284
286
287
288
289
291
292
294
296
297
298
299
301
302
304
307
309
310
313
315
316
317
319
320
321
322
323
324
326
329
330
331
332
333
334
336
337
338
339
340
342
343
345
346
347
348
349
350
352
353
354
356
357
358
360
361
362
364
366
367
370
371
372
373
374
375
377
378
380
381
382
384
385
386
387
388
390
392
393
394
395
396
398
399
400
401
403
404
405
406
408
410
411
412
413
416
420
421
422
424
425
426
428
429
435
436
437
439
442
444
445
446
448
449
450
452
453
455
456
457
458
459
460
461
463
464
465
468
469
470
471
472
475
476
477
478
483
484
485
486
487
488
489
490
491
492
494
495
496
497
498
499
501
502
503
504
505
507
508
509
511
512
513
514
515
516
517
519
520
521
523
526
528
530
531
534
535
536
537
538
543
544
545
547
549
550
551
552
554
555
556
558
561
564
565
567
570
571
573
575
576
579
580
583
585
586
589
590
591
592
596
597
598
600
602
604
605
608
609
614
615
616
620
622
624
625
626
630
631
632
633
635
636
638
639
641
644
645
646
649
650
651
653
654
655
656
658
661
664
665
666
668
669
671
674
676
679
680
681
682
683
686
687
688
692
693
694
696
697
699
700
701
703
704
705
706
709
711
712
713
716
718
719
721
723
724
725
727
728
729
730
731
732
733
735
737
738
739
740
741
742
744
746
748
749
754
755
756
758
759
760
763
765
766
771
772
773
774
776
778
779
780
781
782
784
785
786
788
789
790
791
796
801
805
806
809
811
812
813
816
817
818
821
823
824
825
826
828
829
830
832
833
836
837
838
839
846
848
850
852
853
855
859
861
862
863
864
865
866
867
870
871
872
873
876
877
878
879
880
881
882
883
885
886
887
888
889
890
891
893
894
895
896
897
899
900
901
902
904
905
906
907
910
911
913
914
916
917
919
920
922
924
926
928
930
931
932
933
934
935
939
940
941
943
944
946
947
948
951
952
953
954
957
958
959
960
963
964
967
968
969
970
971
972
973
975
977
979
980
982
983
984
986
989
990
991
993
994
995
996
997
999
1002
1003
1005
1007
1010
1011
1012
1013
1014
1015
1017
1018
1021
1024
1025
1027
1028
1029
1030
1033
1035
1036
1037
1039
1040
1043
1044
1045
1046
1049
1053
1054
1056
1058
1063
1065
1068
1069
1070
1071
1072
1073
1075
1076
1077
1078
1079
1080
1082
1084
1087
1089
1090
1092
1093
1094
1095
1097
1099
1101
1103
1104
1108
1109
1110
1111
1112
1115
1117
1120
1121
1122
1126
1127
1129
1133
1134
1137
1138
1139
1140
1141
1142
1143
1144
1145
1146
1148
1150
1153
1154
1157
1158
1160
1161
1162
1163
1164
1165
1167
1170
1172
1173
1174
1178
1180
1182
1184
1185
1187
1188
1190
1191
1192
1193
1195
1196
1199
1200
1201
1202
1203
1204
1205
1209
1210
1211
1212
1213
1214
1216
1217
1218
1219
1226
1230
1231
1232
1233
1235
1236
1241
1242
1243
1244
1251
1252
1253
1254
1255
1257
1259
1260
1262
1264
1266
1267
1268
1269
1270
1271
1272
1273
1274
1275
1276
1277
1278
1279
1282
1285
1286
1287
1288
1289
1290
1291
1292
1293
1295
1296
1297
1300
1301
1303
1306
1307
1308
1309
1310
1311
1314
1315
1316
1317
1319
1320
1322
1323
1324
1325
1326
1327
1329
1331
1332
1333
1334
1339
1340
1341
1344
1346
1347
1349
1350
1353
1355
1357
1358
1361
1362
1364
1365
1366
1367
1368
1369
1372
1374
1376
1377
1378
1380
1381
1384
1387
1388
1389
1390
1391
1392
1393
1394
1398
1401
1402
1403
1405
1409
1410
1412
1413
1415
1417
1418
1419
1420
1422
1423
1424
1428
1429
1430
1431
1433
1434
1435
1436
1438
1440
1441
1443
1444
1446
1448
1449
1450
1451
1452
1453
1454
1455
1458
1460
1462
1463
1467
1471
1473
1476
1477
1478
1481
1484
1485
1486
1487
1489
1491
1495
1497
1498
1500
1505
1508
1509
1514
1515
1516
1522
1525
1526
1527
1528
1530
1532
1533
1534
1536
1538
1540
1541
1543
1544
1545
1546
1547
1550
1552
1553
1555
1558
1559
1560
1562
1563
1565
1566
1567
1569
1570
1571
1572
1573
1574
1576
1577
1579
1580
1583
1585
1586
1587
1588
1589
1590
1591
1592
1593
1594
1596
1599
1600
1601
1602
1603
1606
1608
1609
1611
1613
1614
1615
1617
1618
1620
1622
1623
1624
1625
1626
1627
1630
1633
1636
1637
1638
1639
1640
1641
1642
1646
1647
1649
1650
1653
1655
1656
1657
1658
1659
1660
1661
1662
1664
1666
1667
1669
1672
1674
1675
1676
1678
1679
1681
1682
1683
1685
1687
1688
1689
1692
1693
1694
1695
1696
1698
1700
1701
1703
1704
1705
1706
1708
1710
1712
1714
1715
1717
1718
1720
1723
1727
1731
1732
1733
1734
1735
1736
1737
1739
1741
1742
1743
1744
1745
1746
1748
1750
1751
1752
1754
1756
1757
1758
1759
1761
1762
1763
1765
1766
1767
1768
1769
1770
1774
1775
1777
1778
1779
1780
1782
1783
1784
1785
1786
1787
1788
1789
1790
1791
1792
1793
1794
1797
1806
1808
1810
1812
1813
1814
1816
1817
1819
1820
1822
1823
1824
1825
1826
1830
1832
1837
1838
1840
1841
1842
1843
1846
1848
1849
1850
1853
1855
1856
1857
1858
1859
1860
1864
1865
1867
1868
1869
1870
1871
1872
1874
1875
1876
1877
1879
1880
1882
1886
1887
1888
1889
1891
1894
1895
1896
1898
1899
1902
1904
1905
1906
1907
1909
1911
1913
1914
1915
1916
1917
1918
1919
1920
1921
1922
1923
1924
1926
1928
1932
1933
1936
1937
1938
1939
1940
1942
1943
1946
1947
1948
1951
1953
1955
1956
1957
1959
1960
1962
1966
1967
1968
1970
1971
1972
1974
1976
1978
1980
1981
1982
1983
1984
1985
1987
1988
1989
1990
1991
1992
1994
1995
1996
1999
2001
2003
2005
2006
2007
2009
2011
2012
2014
2017
2020
2022
2023
2024
2026
2027
2032
2034
2035
2037
2038
2039
2042
2043
2044
2048
2049
2052
2054
2055
2056
2057
2059
2060
2061
2062
2063
2066
2067
2068
2070
2071
2073
2075
2076
2077
2079
2080
2082
2083
2085
2086
2092
2093
2094
2095
2096
2097
2098
2101
2102
2104
2105
2106
2108
2109
2110
2111
2113
2114
2116
2117
2119
2121
2123
2124
2125
2126
2127
2128
2129
2131
2132
2133
2135
2136
2137
2138
2139
2141
2143
2144
2145
2146
2147
2148
2149
2151
2154
2155
2159
2161
2163
2164
2165
2167
2168
2169
2170
2172
2173
2175
2177
2178
2179
2180
2181
2182
2183
2184
2186
2187
2192
2195
2196
2197
2201
2203
2205
2208
2209
2210
2211
2213
2214
2216
2218
2219
2220
2223
2225
2226
2227
2228
2230
2231
2232
2234
2236
2239
2241
2244
2246
2252
2253
2254
2257
2258
2259
2260
2261
2262
2264
2265
2266
2268
2269
2270
2272
2273
2274
2276
2277
2280
2282
2283
2287
2290
2292
2294
2296
2297
2298
2300
2303
2305
2307
2308
2309
2310
2311
2312
2313
2314
2315
2316
2317
2318
2319
2320
2322
2325
2326
2327
2328
2329
2331
2335
2336
2337
2339
2340
2343
2344
2345
2346
2347
2348
2349
2350
2351
2352
2353
2355
2359
2362
2363
2366
2367
2368
2369
2371
2372
2374
2375
2377
2378
2382
2383
2384
2386
2388
2389
2391
2392
2395
2398
2401
2402
2406
2407
2410
2411
2413
2416
2417
2418
2420
2421
2422
2423
2424
2426
2427
2430
2431
2433
2436
2437
2439
2440
2441
2442
2443
2444
2445
2448
2450
2454
2457
2458
2461
2464
2466
2467
2468
2469
2471
2473
2474
2475
2476
2477
2479
2481
2483
2484
2487
2488
2491
2492
2493
2495
2496
2497
2499
2500
2501
2502
2504
2509
2510
2511
2512
2514
2515
2517
2518
2519
2521
2522
2525
2526
2528
2529
2530
2533
2534
2536
2537
2538
2539
2541
2542
2543
2544
2545
2546
2548
2551
2553
2554
2555
2556
2560
2561
2562
2563
2565
2566
2568
2569
2571
2573
2575
2576
2577
2578
2579
2581
2582
2583
2585
2588
2589
2590
2591
2593
2594
2596
2602
2606
2607
2610
2611
2615
2616
2617
2620
2622
2624
2625
2627
2628
2631
2632
2635
2636
2638
2640
2641
2643
2644
2645
2647
2649
2650
2653
2655
2656
2657
2658
2659
2660
2661
2662
2663
2664
2666
2667
2669
2670
2671
2672
2673
2675
2676
2677
2678
2679
2680
2683
2684
2686
2687
2688
2691
2694
2697
2698
2703
2704
2705
2708
2710
2716
2718
2720
2721
2723
2728
2729
2730
2735
2736
2737
2738
2739
2742
2744
2745
2746
2747
2748
2749
2752
2754
2755
2756
2757
2758
2759
2760
2763
2765
2766
2767
2768
2769
2770
2771
2775
2776
2782
2783
2785
2786
2787
2790
2791
2792
2793
2796
2797
2798
2799
2801
2802
2804
2807
2809
2810
2811
2812
2813
2815
2817
2820
2821
2822
2823
2824
2828
2829
2830
2831
2832
2833
2834
2836
2837
2838
2839
2840
2841
2842
2846
2848
2849
2850
2851
2852
2856
2857
2858
2859
2860
2861
2863
2865
2866
2868
2869
2870
2871
2873
2874
2876
2877
2878
2881
2882
2886
2887
2888
2889
2893
2895
2896
2898
2903
2905
2906
2907
2908
2909
2910
2911
2912
2914
2915
2916
2918
2921
2923
2928
2929
2930
2932
2934
2935
2936
2937
2938
2939
2940
2942
2949
2950
2951
2952
2953
2954
2955
2956
2957
2960
2961
2965
2966
2972
2973
2976
2977
2978
2979
2980
2981
2982
2983
2984
2985
2987
2988
2990
2992
2993
2994
2995
2996
2997
2999
3000
3002
3005
3006
3007
3008
3010
3011
3012
3013
3014
3015
3018
3021
3022
3023
3024
3025
3026
3027
3029
3030
3031
3034
3035
3038
3042
3043
3044
3045
3047
3048
3049
3050
3051
3052
3053
3054
3055
3056
3058
3060
3062
3063
3064
3065
3066
3068
3069
3072
3074
3076
3077
3078
3081
3082
3083
3087
3088
3089
3090
3091
3092
3096
3097
3098
3100
3102
3104
3107
3108
3110
3111
3114
3115
3118
3119
3121
3122
3123
3125
3126
3127
3128
3129
3130
3131
3133
3134
3135
3137
3139
3140
3142
3143
3144
3145
3148
3149
3150
3151
3153
3155
3156
3157
3158
3159
3163
3164
3165
3169
3172
3173
3174
3175
3176
3177
3179
3181
3183
3185
3186
3187
3190
3192
3193
3195
3196
3198
3200
3202
3203
3204
3205
3208
3210
3211
3212
3214
3215
3218
3219
3222
3225
3226
3227
3228
3229
3231
3232
3235
3236
3237
3238
3240
3241
3242
3246
3247
3248
3249
3251
3254
3255
3257
3258
3262
3264
3265
3266
3269
3270
3271
3272
3274
3275
3276
3277
3278
3280
3282
3283
3284
3285
3290
3291
3292
3293
3294
3296
3298
3299
3300
3304
3305
3306
3307
3308
3309
3310
3311
3312
3315
3316
3317
3319
3320
3321
3322
3324
3325
3327
3328
3329
3330
3332
3334
3337
3338
3339
3340
3342
3344
3345
3346
3347
3348
3349
3352
3353
3354
3355
3356
3357
3359
3360
3362
3363
3364
3365
3366
3368
3369
3370
3371
3373
3374
3375
3376
3378
3381
3382
3385
3388
3389
3390
3391
3394
3395
3396
3397
3398
3399
3402
3403
3404
3405
3407
3408
3410
3411
3412
3413
3415
3416
3417
3418
3419
3421
3422
3425
3427
3428
3429
3431
3432
3433
3434
3436
3438
3439
3441
3444
3447
3448
3453
3454
3455
3456
3459
3460
3461
3462
3463
3464
3465
3467
3468
3469
3471
3474
3475
3476
3480
3481
3482
3483
3485
3486
3488
3491
3493
3494
3495
3496
3499
3500
3501
3503
3506
3507
3509
3511
3512
3513
3514
3515
3517
3520
3521
3522
3523
3524
3527
3528
3530
3531
3533
3534
3536
3537
3539
3540
3543
3544
3545
3546
3547
3552
3553
3555
3556
3559
3562
3564
3566
3567
3570
3571
3572
3573
3574
3575
3576
3577
3579
3580
3582
3583
3585
3586
3589
3590
3591
3592
3593
3594
3595
3597
3599
3601
3602
3603
3604
3605
3607
3608
3609
3610
3611
3612
3613
3614
3615
3616
3618
3619
3620
3622
3623
3624
3625
3626
3627
3628
3629
3630
3632
3635
3637
3638
3639
3642
3643
3644
3645
3646
3647
3648
3650
3652
3655
3657
3658
3659
3664
3665
3666
3667
3668
3670
3672
3673
3674
3675
3676
3679
3680
3682
3683
3684
3685
3686
3687
3688
3689
3690
3691
3693
3694
3696
3698
3701
3702
3704
3705
3706
3707
3708
3709
3710
3712
3713
3714
3715
3716
3717
3718
3719
3720
3721
3722
3725
3727
3729
3730
3731
3732
3734
3737
3738
3739
3740
3742
3743
3744
3745
3746
3747
3748
3751
3752
3755
3756
3758
3759
3760
3761
3762
3765
3766
3768
3769
3771
3772
3773
3774
3776
3777
3779
3783
3785
3789
3790
3793
3795
3797
3798
3799
3800
3802
3805
3807
3808
3809
3812
3815
3816
3818
3822
3823
3824
3825
3827
3828
3829
3830
3833
3835
3836
3838
3841
3842
3843
3844
3846
3847
3849
3851
3852
3853
3854
3857
3858
3859
3864
3867
3868
3869
3872
3873
3875
3877
3883
3884
3885
3887
3888
3889
3891
3892
3893
3895
3896
3900
3901
3903
3904
3906
3912
3917
3920
3923
3924
3925
3926
3928
3929
3930
3932
3933
3934
3935
3936
3938
3939
3940
3941
3942
3944
3945
3948
3949
3952
3954
3958
3959
3962
3963
3966
3967
3968
3969
3971
3976
3977
3979
3980
3981
3982
3984
3987
3988
3989
3990
3993
3994
3996
3997
3998
3999
4000
4001
4004
4005
4006
4010
4011
4012
4014
4015
4016
4018
4023
4024
4025
4029
4030
4031
4033
4035
4037
4039
4041
4042
4043
4044
4047
4048
4050
4051
4052
4053
4055
4056
4058
4059
4060
4061
4062
4063
4064
4067
4069
4070
4071
4073
4074
4076
4077
4082
4083
4084
4086
4087
4090
4092
4094
4095
4096
4097
4099
4100
4102
4103
4105
4106
4107
4109
4110
4113
4115
4116
4117
4118
4119
4123
4125
4127
4129
4131
4134
4137
4139
4142
4143
4144
4147
4148
4149
4151
4152
4153
4154
4157
4158
4159
4160
4161
4162
4164
4168
4171
4172
4173
4174
4177
4178
4179
4181
4182
4183
4185
4188
4189
4190
4191
4192
4195
4197
4198
4200
4202
4203
4205
4207
4210
4212
4213
4214
4215
4217
4219
4220
4225
4228
4229
4230
4231
4232
4234
4235
4237
4240
4241
4242
4243
4249
4252
4253
4254
4255
4256
4257
4258
4261
4262
4263
4264
4266
4267
4270
4271
4273
4274
4276
4277
4278
4279
4280
4281
4282
4283
4285
4286
4287
4288
4291
4292
4293
4294
4295
4299
4300
4303
4305
4308
4309
4310
4311
4313
4316
4318
4319
4320
4321
4322
4323
4326
4328
4331
4332
4335
4336
4337
4339
4340
4342
4343
4344
4345
4346
4348
4349
4352
4353
4354
4356
4357
4358
4361
4363
4366
4368
4369
4371
4372
4375
4376
4377
4378
4379
4380
4383
4384
4385
4388
4389
4393
4394
4395
4396
4397
4399
4400
4402
4404
4407
4408
4409
4415
4416
4419
4420
4423
4428
4429
4430
4431
4433
4434
4435
4436
4437
4440
4442
4443
4444
4445
4446
4447
4448
4449
4450
4455
4457
4459
4460
4461
4462
4463
4464
4465
4467
4469
4471
4472
4473
4475
4477
4478
4484
4486
4488
4489
4490
4491
4492
4493
4495
4498
4499
4500
4502
4503
4508
4509
4514
4516
4519
4520
4522
4523
4525
4526
4527
4528
4533
4534
4536
4537
4538
4539
4540
4542
4543
4544
4545
4546
4547
4548
4552
4554
4555
4556
4557
4558
4560
4561
4562
4566
4568
4569
4570
4571
4572
4573
4574
4579
4580
4582
4583
4584
4585
4586
4587
4588
4589
4590
4591
4593
4597
4598
4599
4601
4602
4604
4606
4608
4612
4613
4614
4617
4619
4620
4623
4624
4625
4627
4628
4630
4631
4633
4635
4637
4639
4640
4642
4643
4644
4646
4647
4651
4652
4653
4655
4657
4658
4659
4661
4662
4663
4664
4665
4666
4667
4669
4670
4675
4677
4679
4681
4683
4685
4686
4688
4689
4691
4692
4697
4698
4699
4700
4701
4703
4704
4706
4707
4708
4709
4710
4711
4712
4713
4715
4716
4719
4721
4722
4723
4725
4726
4727
4728
4730
4733
4734
4735
4736
4737
4739
4741
4744
4745
4748
4751
4752
4753
4754
4758
4759
4760
4761
4762
4763
4765
4766
4767
4768
4772
4774
4775
4776
4778
4779
4781
4782
4784
4785
4787
4788
4792
4793
4794
4795
4796
4797
4798
4800
4801
4803
4804
4807
4813
4815
4816
4817
4818
4819
4822
4823
4825
4830
4832
4834
4839
4840
4841
4842
4843
4844
4845
4846
4847
4848
4849
4850
4851
4853
4855
4857
4858
4859
4860
4862
4864
4865
4866
4870
4871
4872
4873
4874
4875
4876
4877
4879
4880
4881
4882
4883
4884
4885
4886
4887
4889
4890
4891
4894
4897
4899
4900
4901
4902
4903
4904
4906
4907
4908
4909
4910
4913
4915
4917
4918
4919
4922
4927
4929
4930
4932
4937
4938
4940
4941
4942
4943
4944
4945
4947
4948
4951
4952
4953
4954
4955
4956
4958
4959
4963
4964
4965
4966
4967
4968
4969
4970
4971
4973
4974
4975
4976
4977
4980
4982
4983
4984
4986
4987
4990
4991
4993
4994
4996
4997
4998
4999
5000
5003
5006
5007
5009
5010
5011
5012
5013
5015
5017
5018
5019
5021
5022
5023
5024
5025
5030
5033
5035
5037
5038
5039
5041
5042
5043
5045
5047
5048
5049
5052
5054
5056
5057
5058
5060
5061
5062
5063
5067
5069
5070
5072
5074
5075
5076
5077
5078
5079
5081
5082
5083
5085
5086
5087
5089
5090
5093
5095
5096
5097
5100
5101
5102
5104
5105
5106
5108
5110
5111
5116
5117
5118
5119
5120
5121
5122
5125
5126
5127
5128
5129
5130
5131
5134
5135
5136
5137
5139
5140
5141
5144
5146
5147
5149
5150
5151
5153
5154
5155
5156
5157
5158
5159
5160
5162
5163
5164
5165
5167
5168
5170
5172
5173
5174
5175
5176
5177
5178
5179
5181
5183
5187
5188
5189
5190
5191
5192
5193
5194
5195
5196
5199
5200
5201
5203
5204
5205
5206
5208
5209
5210
5211
5212
5214
5215
5216
5217
5218
5219
5220
5222
5225
5228
5229
5230
5231
5234
5235
5236
5237
5238
5240
5241
5242
5244
5246
5251
5255
5256
5257
5258
5259
5260
5261
5262
5263
5266
5267
5268
5270
5271
5273
5274
5275
5276
5277
5278
5279
5281
5282
5283
5284
5287
5288
5289
5290
5293
5295
5297
5298
5302
5303
5304
5306
5307
5308
5310
5311
5313
5314
5315
5317
5318
5319
5320
5321
5322
5323
5325
5326
5329
5332
5334
5336
5339
5340
5345
5346
5347
5348
5349
5350
5353
5354
5355
5357
5358
5361
5364
5365
5367
5371
5372
5373
5375
5377
5378
5379
5380
5381
5382
5383
5384
5385
5386
5389
5392
5393
5395
5396
5397
5398
5399
5400
5403
5404
5405
5406
5407
5408
5410
5411
5412
5414
5415
5416
5419
5420
5421
5422
5423
5425
5426
5430
5435
5436
5437
5438
5440
5441
5442
5445
5448
5450
5451
5453
5454
5455
5456
5457
5458
5459
5460
5461
5462
5463
5464
5465
5466
5468
5469
5472
5475
5476
5477
5478
5479
5480
5482
5483
5485
5488
5489
5490
5491
5492
5493
5495
5496
5497
5498
5499
5500
5502
5503
5506
5509
5511
5512
5514
5516
5518
5519
5522
5524
5525
5526
5527
5531
5532
5534
5535
5536
5538
5540
5541
5542
5543
5549
5550
5553
5554
5555
5556
5557
5558
5559
5560
5563
5564
5566
5567
5568
5569
5573
5575
5577
5578
5580
5581
5583
5586
5590
5591
5592
5594
5595
5598
5600
5601
5602
5603
5605
5606
5607
5608
5609
5611
5613
5615
5617
5619
5620
5622
5623
5624
5625
5627
5628
5629
5631
5632
5633
5635
5636
5637
5639
5642
5645
5646
5648
5650
5651
5652
5654
5655
5656
5657
5658
5659
5662
5663
5664
5666
5669
5670
5672
5674
5675
5676
5678
5679
5680
5683
5684
5685
5686
5687
5690
5691
5692
5693
5696
5698
5700
5701
5702
5703
5704
5705
5706
5707
5710
5711
5712
5713
5716
5717
5718
5719
5721
5723
5724
5725
5726
5727
5728
5729
5730
5732
5733
5736
5737
5738
5741
5742
5743
5745
5747
5749
5752
5755
5757
5758
5759
5760
5761
5762
5763
5764
5766
5770
5771
5772
5773
5774
5775
5777
5778
5779
5780
5781
5782
5783
5785
5786
5788
5789
5790
5791
5798
5799
5800
5801
5803
5805
5806
5807
5808
5809
5810
5812
5813
5814
5817
5818
5820
5822
5823
5826
5827
5828
5829
5830
5832
5833
5835
5836
5837
5839
5842
5843
5844
5846
5847
5848
5849
5852
5853
5854
5856
5857
5858
5862
5863
5864
5865
5868
5869
5871
5872
5874
5875
5876
5878
5880
5881
5883
5885
5886
5887
5888
5890
5891
5893
5894
5896
5898
5899
5900
5903
5904
5906
5907
5908
5909
5910
5911
5912
5916
5917
5918
5921
5922
5928
5930
5931
5933
5934
5935
5936
5937
5940
5942
5943
5944
5945
5948
5949
5950
5953
5954
5955
5956
5959
5960
5963
5965
5966
5967
5970
5972
5973
5974
5975
5976
5978
5981
5982
5985
5988
5989
5990
5992
5994
5996
5997
5999
6000
6001
6002
6003
6004
6008
6011
6012
6013
6018
6019
6020
6021
6023
6024
6025
6026
6027
6029
6030
6031
6032
6033
6035
6036
6038
6041
6043
6045
6047
6048
6050
6051
6053
6055
6056
6058
6059
6062
6064
6067
6068
6069
6070
6071
6072
6074
6075
6076
6077
6079
6080
6081
6083
6084
6086
6087
6088
6090
6092
6093
6096
6097
6099
6100
6101
6102
6103
6104
6105
6108
6109
6110
6112
6113
6115
6116
6117
6119
6121
6124
6125
6127
6129
6130
6132
6135
6136
6142
6145
6146
6147
6148
6149
6150
6152
6153
6155
6157
6159
6160
6162
6165
6166
6169
6170
6171
6178
6179
6180
6181
6184
6185
6187
6189
6192
6193
6197
6198
6200
6201
6202
6203
6204
6205
6207
6208
6209
6210
6211
6212
6215
6220
6222
6224
6227
6228
6231
6232
6234
6235
6236
6238
6239
6240
6242
6243
6244
6245
6246
6247
6248
6249
6250
6251
6252
6253
6255
6256
6258
6261
6262
6263
6264
6267
6268
6269
6272
6273
6274
6278
6279
6280
6282
6283
6284
6286
6287
6290
6291
6292
6293
6295
6296
6298
6301
6302
6305
6306
6307
6308
6314
6317
6318
6322
6324
6326
6327
6328
6331
6333
6334
6335
6336
6337
6338
6339
6340
6343
6346
6347
6350
6353
6356
6357
6358
6359
6360
6361
6362
6364
6366
6368
6373
6374
6377
6378
6379
6382
6383
6384
6385
6386
6387
6388
6390
6392
6393
6395
6396
6397
6398
6399
6400
6401
6402
6403
6406
6407
6408
6409
6410
6411
6412
6416
6417
6418
6420
6423
6424
6425
6426
6427
6429
6430
6431
6433
6434
6437
6438
6440
6441
6442
6444
6446
6449
6451
6454
6455
6457
6459
6460
6463
6464
6466
6467
6469
6470
6472
6473
6475
6476
6479
6480
6482
6483
6486
6488
6490
6491
6492
6493
6496
6498
6499
6500
6502
6503
6504
6505
6509
6510
6511
6512
6513
6514
6517
6518
6519
6521
6522
6523
6524
6525
6526
6527
6528
6529
6531
6532
6533
6534
6535
6538
6540
6541
6542
6544
6545
6546
6549
6553
6554
6555
6556
6558
6559
6561
6562
6564
6566
6567
6568
6569
6571
6573
6575
6577
6579
6580
6581
6582
6583
6584
6585
6586
6587
6588
6589
6590
6591
6592
6595
6596
6599
6601
6602
6603
6604
6608
6611
6612
6614
6616
6617
6619
6620
6622
6623
6631
6632
6633
6634
6636
6638
6640
6641
6642
6647
6648
6649
6650
6652
6654
6655
6656
6659
6661
6663
6664
6665
6671
6673
6674
6675
6680
6681
6684
6686
6687
6688
6689
6691
6692
6693
6694
6695
6696
6698
6699
6702
6704
6705
6706
6707
6710
6711
6712
6713
6714
6715
6716
6717
6719
6720
6721
6722
6726
6727
6728
6729
6730
6731
6732
6733
6735
6736
6737
6739
6740
6741
6742
6743
6745
6746
6747
6748
6749
6750
6752
6753
6754
6755
6757
6758
6763
6765
6768
6769
6773
6775
6776
6779
6782
6783
6784
6786
6787
6793
6794
6800
6801
6802
6803
6806
6808
6809
6811
6814
6816
6817
6818
6820
6821
6829
6830
6832
6833
6834
6836
6837
6838
6839
6840
6842
6844
6846
6850
6851
6852
6853
6856
6858
6859
6861
6862
6863
6865
6867
6869
6870
6871
6872
6873
6874
6875
6877
6878
6879
6880
6881
6882
6883
6885
6886
6887
6888
6889
6890
6891
6895
6896
6898
6899
6900
6901
6903
6904
6905
6906
6907
6910
6911
6912
6913
6915
6916
6919
6920
6921
6922
6923
6924
6927
6928
6930
6933
6934
6935
6936
6937
6938
6939
6940
6941
6944
6946
6947
6948
6949
6950
6951
6953
6956
6960
6961
6963
6966
6967
6970
6973
6974
6975
6976
6977
6978
6979
6980
6981
6983
6985
6986
6987
6988
6989
6990
6991
6993
6995
6996
6997
6998
6999
7000
7003
7006
7007
7009
7011
7013
7015
7016
7018
7019
7022
7023
7024
7025
7029
7030
7032
7034
7036
7037
7038
7039
7040
7042
7043
7045
7046
7047
7050
7056
7057
7058
7059
7061
7062
7063
7064
7065
7067
7068
7069
7070
7071
7072
7074
7075
7076
7077
7078
7082
7086
7087
7090
7092
7093
7094
7100
7103
7104
7105
7107
7108
7110
7111
7112
7113
7114
7116
7120
7121
7122
7126
7129
7130
7132
7136
7137
7138
7139
7140
7142
7143
7144
7145
7148
7150
7151
7153
7154
7155
7156
7157
7158
7159
7160
7161
7165
7166
7167
7168
7170
7171
7172
7173
7174
7175
7178
7179
7180
7181
7182
7183
7184
7185
7186
7187
7191
7192
7193
7194
7195
7199
7200
7203
7204
7205
7206
7208
7209
7210
7211
7212
7213
7215
7220
7222
7223
7225
7226
7228
7229
7230
7231
7232
7234
7235
7238
7239
7240
7241
7244
7245
7248
7250
7253
7255
7258
7261
7263
7265
7266
7267
7268
7270
7271
7272
7274
7275
7276
7277
7278
7279
7280
7281
7282
7285
7287
7289
7291
7292
7293
7294
7297
7299
7302
7304
7306
7308
7309
7311
7313
7314
7315
7316
7317
7318
7320
7321
7322
7323
7324
7326
7327
7328
7329
7330
7331
7334
7336
7337
7338
7340
7342
7343
7346
7347
7348
7349
7353
7354
7355
7357
7359
7361
7362
7364
7365
7366
7367
7368
7371
7374
7375
7377
7378
7379
7380
7381
7382
7383
7384
7388
7389
7391
7392
7393
7396
7398
7399
7401
7403
7404
7406
7409
7410
7411
7412
7413
7415
7417
7418
7419
7420
7422
7423
7425
7427
7428
7429
7430
7432
7434
7435
7436
7438
7439
7440
7442
7443
7444
7445
7446
7449
7451
7454
7455
7456
7457
7458
7459
7461
7463
7464
7466
7467
7468
7469
7473
7474
7475
7477
7478
7480
7482
7483
7484
7485
7487
7488
7492
7498
7499
7501
7502
7503
7504
7505
7506
7507
7508
7510
7514
7515
7517
7520
7523
7525
7526
7527
7529
7530
7531
7533
7534
7536
7538
7539
7541
7544
7545
7546
7548
7549
7551
7552
7554
7555
7557
7558
7559
7560
7561
7562
7563
7566
7571
7572
7573
7575
7577
7579
7582
7583
7584
7585
7586
7588
7589
7593
7594
7597
7599
7600
7603
7605
7606
7607
7608
7609
7610
7612
7616
7617
7619
7620
7624
7625
7627
7628
7631
7632
7633
7634
7635
7636
7637
7638
7641
7643
7644
7646
7647
7648
7649
7650
7651
7652
7653
7654
7656
7657
7658
7659
7660
7661
7663
7664
7665
7666
7667
7668
7669
7670
7671
7673
7674
7675
7676
7677
7679
7680
7681
7684
7688
7689
7692
7694
7695
7696
7699
7702
7704
7705
7706
7708
7709
7710
7711
7712
7713
7714
7715
7716
7718
7720
7721
7722
7723
7724
7725
7726
7729
7731
7732
7733
7736
7737
7739
7740
7744
7745
7747
7748
7749
7750
7755
7756
7763
7764
7766
7768
7774
7775
7776
7777
7779
7780
7781
7782
7783
7786
7787
7788
7789
7790
7791
7798
7799
7800
7801
7803
7804
7805
7811
7813
7814
7817
7818
7819
7820
7822
7823
7825
7826
7829
7830
7832
7833
7834
7836
7838
7839
7840
7841
7843
7844
7847
7852
7854
7855
7858
7859
7861
7862
7863
7864
7865
7866
7867
7868
7869
7871
7872
7874
7875
7878
7882
7884
7885
7886
7887
7888
7889
7890
7891
7892
7894
7895
7896
7897
7900
7901
7905
7906
7909
7910
7912
7914
7915
7916
7917
7918
7919
7920
7922
7923
7924
7925
7926
7927
7930
7931
7932
7934
7935
7938
7939
7941
7942
7943
7944
7946
7947
7948
7953
7954
7955
7956
7957
7960
7961
7965
7966
7967
7970
7971
7975
7976
7978
7979
7981
7982
7983
7984
7986
7988
7989
7990
7991
7994
7995
7996
7998
7999
8000
8002
8003
8004
8007
8011
8012
8013
8014
8015
8016
8017
8018
8021
8022
8024
8025
8026
8028
8029
8032
8033
8034
8036
8039
8040
8041
8043
8045
8048
8050
8052
8053
8054
8055
8056
8057
8058
8060
8062
8064
8065
8068
8071
8076
8077
8078
8082
8084
8085
8086
8087
8088
8089
8092
8093
8094
8096
8097
8098
8100
8101
8103
8105
8108
8109
8110
8111
8113
8114
8115
8116
8117
8118
8119
8120
8122
8123
8125
8126
8128
8129
8130
8131
8132
8133
8134
8136
8138
8140
8142
8143
8145
8146
8147
8148
8152
8153
8154
8158
8159
8161
8162
8163
8164
8165
8166
8169
8170
8171
8172
8173
8174
8175
8176
8177
8178
8180
8182
8183
8184
8185
8187
8189
8190
8192
8193
8194
8195
8196
8197
8198
8199
8201
8203
8209
8212
8213
8216
8217
8218
8219
8222
8224
8225
8226
8228
8229
8230
8232
8235
8236
8237
8239
8240
8241
8242
8244
8245
8246
8247
8250
8251
8252
8254
8255
8257
8258
8261
8262
8263
8264
8265
8266
8268
8269
8271
8273
8274
8277
8279
8280
8281
8282
8284
8285
8286
8288
8289
8290
8291
8292
8295
8296
8297
8298
8299
8302
8304
8307
8308
8309
8310
8311
8313
8314
8315
8317
8319
8320
8322
8323
8324
8327
8328
8332
8333
8335
8337
8338
8341
8343
8345
8347
8349
8350
8351
8352
8353
8355
8358
8359
8360
8361
8362
8363
8364
8366
8367
8368
8371
8372
8374
8375
8377
8380
8381
8382
8383
8387
8388
8389
8391
8393
8395
8396
8397
8398
8400
8401
8402
8406
8407
8408
8410
8412
8413
8414
8415
8418
8419
8420
8421
8422
8424
8425
8426
8428
8429
8430
8434
8436
8440
8441
8444
8445
8446
8448
8450
8451
8452
8453
8454
8455
8456
8457
8458
8459
8460
8461
8462
8463
8468
8469
8470
8471
8472
8477
8480
8481
8482
8483
8485
8486
8488
8489
8492
8493
8497
8499
8501
8502
8504
8505
8506
8509
8513
8514
8515
8516
8517
8518
8519
8522
8523
8524
8526
8528
8529
8530
8531
8533
8534
8535
8539
8540
8541
8542
8544
8545
8546
8548
8549
8550
8551
8553
8554
8555
8557
8558
8560
8561
8562
8564
8565
8566
8567
8569
8572
8573
8577
8579
8580
8583
8584
8585
8586
8588
8589
8590
8591
8592
8593
8595
8600
8601
8602
8603
8604
8607
8608
8609
8610
8611
8612
8616
8619
8622
8625
8627
8628
8629
8630
8631
8632
8634
8635
8638
8639
8640
8641
8642
8643
8644
8645
8648
8649
8651
8652
8653
8662
8663
8664
8665
8666
8668
8669
8670
8671
8673
8674
8676
8679
8680
8681
8682
8685
8688
8691
8693
8696
8697
8698
8700
8702
8703
8706
8707
8708
8709
8710
8715
8716
8718
8719
8720
8722
8724
8726
8727
8728
8729
8730
8732
8733
8734
8735
8737
8738
8739
8741
8742
8743
8744
8745
8746
8747
8748
8749
8751
8753
8754
8756
8757
8758
8760
8763
8764
8766
8768
8769
8770
8771
8772
8774
8776
8778
8779
8780
8782
8784
8785
8786
8787
8788
8789
8790
8791
8792
8793
8794
8795
8796
8797
8798
8800
8801
8802
8803
8805
8806
8809
8810
8811
8813
8816
8817
8819
8820
8821
8822
8823
8824
8825
8826
8827
8829
8830
8835
8836
8837
8839
8841
8844
8846
8847
8848
8850
8851
8852
8853
8855
8856
8857
8858
8859
8860
8862
8864
8865
8866
8869
8873
8874
8875
8876
8877
8878
8880
8881
8884
8885
8887
8889
8892
8893
8895
8896
8897
8898
8901
8903
8904
8905
8908
8909
8910
8911
8913
8915
8917
8918
8921
8922
8924
8927
8929
8932
8933
8935
8936
8937
8939
8941
8945
8947
8949
8950
8951
8952
8953
8954
8955
8956
8957
8961
8962
8965
8966
8967
8969
8970
8972
8973
8975
8976
8977
8978
8980
8981
8985
8988
8990
8991
8992
8995
8996
8997
8998
8999
9001
9006
9007
9008
9009
9010
9011
9012
9013
9017
9018
9019
9022
9023
9025
9026
9028
9030
9031
9035
9036
9037
9038
9039
9041
9043
9046
9048
9049
9050
9051
9052
9053
9056
9060
9061
9063
9064
9071
9072
9074
9075
9078
9079
9080
9082
9084
9088
9090
9096
9099
9103
9104
9105
9107
9109
9111
9112
9117
9118
9122
9123
9124
9126
9128
9129
9132
9134
9136
9137
9138
9139
9141
9142
9143
9144
9146
9147
9149
9150
9152
9155
9156
9157
9158
9159
9166
9167
9168
9169
9170
9171
9172
9173
9175
9178
9180
9181
9183
9184
9186
9187
9189
9190
9192
9193
9194
9198
9200
9201
9205
9207
9208
9209
9210
9211
9212
9213
9214
9216
9217
9219
9220
9221
9222
9224
9225
9227
9228
9229
9230
9235
9238
9239
9242
9243
9244
9246
9247
9248
9250
9252
9253
9255
9257
9258
9260
9261
9262
9264
9265
9266
9267
9269
9273
9274
9276
9280
9282
9283
9284
9290
9292
9295
9297
9299
9301
9302
9303
9304
9305
9306
9311
9313
9314
9315
9317
9318
9320
9321
9322
9324
9325
9326
9329
9330
9332
9336
9337
9338
9339
9340
9341
9342
9343
9344
9345
9347
9348
9349
9350
9352
9354
9355
9356
9357
9358
9359
9362
9365
9366
9369
9370
9372
9374
9375
9379
9380
9385
9386
9389
9390
9391
9393
9395
9396
9398
9401
9403
9404
9405
9407
9408
9410
9411
9414
9416
9417
9418
9419
9420
9423
9425
9428
9429
9430
9431
9433
9439
9440
9442
9443
9444
9446
9447
9448
9451
9452
9454
9457
9458
9459
9460
9461
9462
9464
9465
9466
9468
9469
9472
9473
9475
9480
9482
9484
9485
9486
9488
9489
9490
9493
9495
9496
9497
9498
9499
9500
9501
9502
9503
9504
9506
9507
9509
9510
9512
9514
9515
9516
9517
9518
9519
9520
9522
9523
9524
9525
9526
9527
9529
9530
9531
9532
9534
9535
9536
9537
9538
9540
9541
9542
9543
9546
9548
9549
9551
9552
9553
9554
9556
9557
9558
9560
9561
9562
9563
9564
9566
9568
9569
9570
9572
9573
9575
9576
9577
9578
9587
9591
9595
9596
9597
9599
9602
9605
9609
9610
9611
9612
9613
9614
9615
9617
9618
9619
9620
9621
9622
9625
9626
9628
9630
9631
9632
9633
9637
9638
9641
9644
9645
9650
9651
9652
9653
9654
9656
9657
9658
9660
9661
9662
9663
9664
9666
9667
9668
9669
9670
9671
9672
9673
9677
9678
9679
9681
9683
9684
9685
9688
9690
9691
9694
9696
9701
9702
9703
9704
9705
9706
9707
9708
9709
9710
9711
9712
9717
9719
9722
9724
9725
9728
9729
9730
9731
9732
9734
9735
9736
9737
9739
9740
9742
9743
9745
9747
9748
9751
9752
9753
9759
9760
9761
9762
9763
9766
9768
9770
9773
9774
9777
9778
9779
9780
9781
9785
9787
9788
9789
9791
9792
9793
9795
9797
9798
9800
9801
9803
9804
9805
9806
9807
9808
9809
9812
9813
9814
9817
9818
9820
9821
9823
9824
9825
9828
9829
9831
9833
9834
9835
9836
9837
9838
9839
9840
9841
9842
9843
9844
9845
9847
9848
9849
9850
9851
9853
9855
9856
9858
9861
9862
9863
9865
9866
9867
9868
9871
9872
9873
9874
9876
9877
9878
9879
9880
9881
9883
9884
9885
9886
9887
9888
9891
9893
9894
9895
9898
9906
9907
9908
9909
9911
9913
9915
9919
9921
9922
9923
9926
9927
9929
9930
9933
9936
9939
9940
9941
9942
9944
9945
9948
9949
9952
9954
9956
9957
9958
9959
9961
9962
9963
9964
9965
9966
9967
9970
9971
9973
9976
9977
9978
9979
9980
9984
9985
9986
9987
9988
9989
9992
9995
9996
9997
9998
10000
10002
10005
10010
10011
10012
10014
10015
10016
10017
10018
10019
10021
10022
10024
10026
10028
10030
10031
10032
10034
10035
10036
10038
10039
10043
10044
10045
10046
10050
10051
10055
10059
10060
10062
10066
10068
10069
10070
10073
10074
10075
10079
10080
10081
10082
10083
10085
10086
10087
10088
10089
10090
10092
10093
10095
10096
10097
10098
10099
10100
10101
10102
10103
10104
10105
10109
10112
10113
10114
10117
10120
10122
10123
10124
10125
10126
10128
10130
10131
10132
10134
10136
10139
10140
10141
10142
10143
10144
10145
10146
10147
10148
10149
10151
10152
10153
10156
10159
10160
10161
10163
10166
10167
10169
10171
10172
10173
10175
10176
10178
10179
10180
10182
10183
10184
10187
10188
10192
10193
10194
10197
10198
10199
10200
10202
10204
10205
10206
10207
10208
10209
10210
10211
10212
10213
10215
10216
10217
10218
10223
10224
10225
10226
10227
10230
10231
10232
10235
10236
10239
10240
10241
10244
10245
10247
10249
10250
10251
10252
10253
10254
10255
10256
10257
10259
10261
10263
10266
10269
10270
10272
10274
10275
10276
10277
10278
10280
10281
10284
10288
10290
10291
10293
10294
10295
10296
10300
10302
10303
10305
10306
10307
10308
10309
10311
10314
10317
10318
10319
10320
10321
10323
10324
10329
10331
10333
10334
10339
10340
10341
10342
10345
10346
10350
10351
10354
10356
10357
10359
10360
10361
10363
10364
10365
10366
10368
10370
10372
10373
10374
10375
10377
10379
10382
10383
10385
10387
10388
10389
10390
10391
10393
10395
10398
10401
10402
10404
10405
10406
10407
10408
10409
10410
10411
10412
10413
10414
10416
10417
10420
10422
10424
10426
10427
10430
10431
10432
10433
10434
10435
10438
10441
10442
10444
10449
10452
10453
10454
10457
10458
10459
10460
10461
10462
10463
10464
10465
10467
10469
10471
10473
10475
10477
10478
10480
10482
10484
10485
10486
10487
10488
10491
10493
10495
10496
10501
10504
10505
10506
10507
10508
10509
10510
10511
10512
10513
10514
10516
10525
10526
10527
10528
10529
10530
10531
10532
10534
10536
10537
10538
10542
10543
10544
10547
10548
10549
10551
10552
10553
10554
10555
10556
10558
10560
10561
10562
10564
10566
10567
10568
10570
10572
10574
10575
10576
10577
10578
10579
10583
10584
10585
10586
10587
10589
10591
10592
10593
10594
10595
10596
10599
10600
10601
10603
10605
10606
10607
10608
10611
10612
10613
10614
10616
10617
10619
10620
10623
10625
10629
10630
10631
10632
10635
10636
10638
10639
10640
10641
10644
10645
10646
10647
10650
10651
10654
10656
10660
10663
10664
10667
10669
10670
10671
10675
10676
10686
10687
10688
10689
10690
10691
10692
10693
10694
10695
10697
10698
10699
10700
10702
10703
10705
10706
10707
10708
10710
10711
10713
10714
10717
10721
10722
10724
10725
10726
10729
10731
10732
10735
10739
10740
10741
10742
10745
10746
10748
10749
10751
10752
10754
10758
10759
10761
10763
10765
10769
10770
10772
10774
10775
10776
10777
10778
10781
10782
10787
10788
10789
10792
10794
10795
10796
10798
10803
10805
10807
10810
10812
10816
10817
10818
10820
10821
10822
10823
10825
10829
10830
10831
10833
10834
10835
10837
10838
10839
10840
10841
10842
10844
10848
10850
10851
10852
10856
10857
10858
10859
10862
10863
10864
10867
10874
10875
10878
10879
10880
10882
10883
10887
10889
10891
10892
10893
10896
10897
10900
10901
10902
10903
10904
10905
10907
10908
10909
10911
10913
10914
10916
10917
10918
10919
10920
10921
10924
10925
10927
10931
10932
10933
10943
10944
10945
10947
10948
10951
10956
10958
10960
10962
10963
10964
10968
10969
10970
10973
10974
10975
10977
10978
10979
10981
10983
10984
10985
10987
10988
10989
10990
10991
10992
10993
10994
10995
10996
10997
11000
11002
11003
11004
11007
11008
11009
11012
11013
11014
11016
11017
11018
11019
11020
11021
11023
11024
11026
11028
11031
11032
11035
11036
11037
11041
11042
11043
11045
11047
11048
11049
11051
11052
11055
11057
11058
11060
11062
11063
11064
11065
11066
11067
11069
11070
11071
11072
11073
11074
11076
11078
11079
11081
11082
11083
11084
11086
11087
11088
11089
11093
11094
11095
11097
11098
11099
11100
11101
11102
11103
11104
11106
11108
11109
11110
11112
11113
11115
11116
11117
11118
11120
11121
11124
11125
11126
11129
11130
11131
11134
11135
11136
11139
11140
11141
11143
11149
11150
11154
11157
11158
11160
11161
11162
11163
11175
11176
11178
11180
11181
11182
11183
11188
11189
11190
11191
11192
11194
11195
11196
11197
11199
11202
11203
11204
11206
11207
11208
11209
11212
11214
11217
11218
11219
11220
11221
11224
11225
11226
11228
11229
11232
11233
11234
11235
11240
11241
11242
11243
11244
11245
11246
11248
11250
11251
11253
11255
11257
11264
11265
11266
11267
11270
11271
11272
11275
11276
11280
11282
11283
11284
11287
11289
11290
11296
11297
11299
11300
11301
11302
11304
11305
11307
11309
11310
11313
11315
11316
11317
11318
11320
11321
11322
11324
11325
11326
11328
11329
11330
11333
11334
11335
11336
11337
11338
11339
11340
11341
11342
11343
11347
11348
11349
11350
11353
11355
11357
11358
11359
11363
11364
11366
11368
11371
11372
11377
11378
11380
11381
11382
11383
11384
11387
11388
11390
11391
11392
11393
11394
11396
11397
11401
11403
11404
11406
11407
11409
11411
11412
11414
11415
11417
11419
11420
11422
11423
11424
11425
11426
11428
11430
11431
11432
11433
11435
11437
11438
11441
11442
11443
11444
11445
11448
11449
11452
11454
11455
11456
11457
11459
11462
11463
11465
11466
11467
11468
11471
11473
11474
11476
11477
11479
11482
11483
11485
11489
11490
11491
11492
11493
11494
11496
11497
11498
11500
11501
11502
11504
11508
11511
11512
11513
11514
11516
11517
11519
11520
11521
11523
11524
11525
11527
11528
11529
11530
11531
11532
11533
11534
11535
11537
11539
11540
11541
11542
11543
11544
11545
11546
11547
11548
11550
11551
11553
11554
11555
11558
11559
11560
11561
11562
11564
11566
11569
11570
11572
11577
11578
11582
11583
11586
11587
11588
11590
11591
11592
11594
11595
11596
11598
11604
11605
11607
11608
11609
11610
11612
11613
11614
11616
11619
11620
11621
11625
11626
11627
11628
11629
11630
11633
11634
11635
11636
11637
11639
11640
11641
11644
11645
11646
11647
11648
11650
11651
11653
11654
11655
11657
11658
11659
11660
11663
11664
11665
11666
11668
11671
11672
11673
11674
11676
11677
11678
11680
11682
11683
11684
11685
11687
11688
11689
11690
11691
11694
11696
11698
11701
11702
11703
11705
11706
11707
11708
11709
11710
11711
11713
11714
11715
11717
11718
11720
11721
11722
11724
11726
11727
11730
11731
11733
11734
11735
11736
11738
11739
11740
11741
11743
11748
11752
11753
11754
11755
11756
11757
11761
11764
11765
11766
11769
11773
11776
11777
11778
11780
11781
11783
11784
11786
11787
11788
11790
11791
11793
11794
11795
11796
11800
11801
11802
11807
11808
11809
11810
11811
11812
11813
11814
11818
11819
11822
11823
11826
11827
11829
11830
11832
11833
11835
11836
11837
11838
11840
11842
11846
11847
11848
11850
11853
11855
11858
11859
11860
11861
11862
11863
11867
11868
11869
11871
11872
11873
11875
11879
11881
11882
11883
11884
11885
11887
11888
11889
11890
11891
11894
11895
11896
11898
11900
11901
11902
11903
11905
11907
11908
11909
11911
11912
11913
11914
11915
11916
11917
11918
11920
11921
11923
11927
11928
11929
11930
11933
11934
11935
11936
11939
11940
11942
11944
11946
11947
11949
11950
11952
11954
11956
11959
11960
11963
11965
11972
11974
11976
11977
11978
11982
11985
11986
11989
11990
11993
11995
11996
11997
11998
12004
12005
12006
12007
12008
12011
12014
12015
12016
12017
12018
12019
12021
12023
12025
12030
12031
12032
12035
12036
12037
12038
12039
12040
12041
12042
12043
12045
12047
12048
12051
12052
12053
12054
12055
12056
12058
12059
12060
12061
12062
12063
12064
12065
12066
12067
12068
12070
12071
12073
12074
12076
12077
12080
12082
12085
12087
12089
12090
12092
12093
12094
12098
12099
12100
12101
12102
12103
12107
12108
12109
12110
12113
12114
12115
12116
12120
12121
12122
12123
12124
12125
12126
12127
12128
12130
12131
12133
12134
12135
12137
12138
12139
12140
12141
12142
12145
12146
12147
12150
12152
12153
12156
12159
12161
12164
12165
12166
12167
12168
12170
12171
12172
12173
12174
12175
12176
12178
12181
12183
12184
12185
12187
12188
12189
12190
12191
12193
12194
12196
12197
12198
12200
12201
12202
12203
12204
12207
12209
12210
12212
12213
12215
12216
12218
12219
12220
12224
12225
12226
12227
12228
12229
12231
12232
12233
12234
12235
12236
12237
12241
12242
12245
12247
12248
12249
12251
12252
12254
12257
12258
12259
12260
12262
12263
12264
12266
12267
12269
12272
12273
12274
12276
12278
12280
12282
12283
12284
12285
12286
12287
12288
12289
12290
12292
12295
12296
12297
12301
12302
12303
12305
12306
12307
12308
12309
12312
12313
12314
12315
12316
12319
12322
12323
12325
12331
12332
12336
12337
12338
12339
12340
12341
12342
12343
12344
12345
12346
12348
12349
12350
12351
12353
12355
12356
12358
12360
12361
12363
12364
12366
12369
12370
12372
12373
12374
12375
12376
12377
12378
12380
12381
12382
12383
12384
12386
12387
12388
12390
12392
12393
12394
12395
12396
12399
12402
12404
12405
12406
12408
12409
12410
12411
12412
12413
12414
12416
12418
12419
12420
12421
12422
12425
12426
12430
12431
12433
12434
12435
12436
12437
12438
12439
12440
12441
12442
12444
12445
12446
12447
12449
12452
12453
12455
12457
12458
12460
12461
12462
12463
12466
12467
12468
12469
12474
12478
12480
12481
12482
12483
12484
12485
12490
12493
12494
12495
12496
12497
12499
12503
12505
12506
12508
12509
12511
12513
12514
12515
12517
12520
12522
12523
12524
12525
12535
12536
12538
12540
12541
12543
12544
12546
12547
12548
12550
12552
12553
12554
12555
12556
12557
12558
12560
12563
12564
12565
12566
12567
12568
12569
12571
12572
12574
12578
12579
12581
12582
12585
12586
12587
12588
12590
12591
12593
12596
12597
12600
12601
12602
12605
12607
12608
12609
12610
12611
12613
12614
12615
12616
12617
12619
12621
12622
12626
12631
12632
12633
12634
12636
12639
12640
12641
12643
12644
12645
12646
12648
12651
12653
12654
12655
12656
12657
12658
12659
12660
12662
12663
12668
12669
12670
12671
12672
12673
12674
12675
12676
12677
12679
12680
12681
12682
12683
12684
12686
12687
12688
12691
12693
12697
12699
12700
12702
12703
12704
12705
12706
12711
12712
12713
12715
12717
12718
12719
12720
12721
12722
12723
12724
12725
12726
12727
12728
12729
12732
12734
12735
12736
12737
12738
12740
12741
12743
12745
12746
12747
12750
12753
12754
12755
12757
12759
12760
12761
12763
12764
12766
12767
12768
12769
12771
12772
12774
12775
12777
12778
12779
12780
12781
12782
12785
12787
12789
12792
12793
12795
12797
12800
12801
12802
12803
12805
12806
12807
12808
12810
12811
12812
12813
12814
12816
12817
12818
12819
12821
12822
12824
12825
12826
12829
12832
12833
12834
12835
12836
12838
12839
12840
12848
12849
12850
12851
12852
12854
12855
12857
12859
12860
12861
12862
12863
12864
12866
12867
12869
12870
12871
12873
12875
12876
12877
12878
12879
12882
12883
12888
12889
12891
12892
12894
12896
12897
12898
12900
12903
12906
12907
12910
12912
12914
12915
12916
12917
12918
12919
12920
12922
12925
12926
12927
12928
12930
12932
12934
12935
12939
12940
12941
12943
12945
12946
12948
12949
12951
12957
12958
12959
12960
12962
12963
12964
12965
12967
12968
12970
12971
12972
12973
12975
12977
12980
12983
12984
12985
12986
12987
12988
12993
12994
12995
12996
12997
12998
12999
13002
13003
13004
13005
13006
13007
13008
13010
13011
13012
13013
13014
13015
13016
13017
13018
13019
13025
13028
13029
13032
13033
13034
13035
13036
13038
13040
13041
13046
13047
13048
13052
13054
13055
13056
13057
13058
13061
13062
13063
13065
13066
13069
13070
13072
13074
13075
13076
13078
13079
13080
13081
13082
13084
13085
13086
13089
13090
13091
13092
13093
13094
13099
13100
13103
13104
13106
13107
13108
13110
13114
13115
13117
13118
13122
13123
13124
13128
13129
13130
13132
13133
13134
13135
13136
13138
13139
13140
13141
13142
13143
13145
13150
13151
13152
13153
13154
13159
13160
13162
13163
13165
13167
13168
13169
13170
13172
13174
13175
13176
13177
13178
13180
13181
13182
13186
13187
13189
13190
13191
13192
13193
13194
13196
13197
13198
13199
13200
13202
13207
13208
13211
13212
13213
13214
13217
13219
13220
13223
13225
13227
13228
13229
13231
13233
13235
13237
13239
13240
13245
13246
13248
13249
13251
13253
13255
13256
13259
13260
13261
13262
13267
13270
13272
13273
13274
13276
13278
13279
13280
13281
13282
13283
13285
13287
13288
13289
13290
13292
13293
13294
13298
13300
13301
13302
13304
13306
13308
13309
13310
13312
13313
13314
13315
13316
13318
13322
13324
13325
13327
13329
13330
13332
13336
13340
13341
13342
13343
13344
13345
13347
13348
13349
13350
13351
13352
13353
13354
13357
13358
13359
13360
13362
13364
13367
13368
13369
13370
13372
13374
13375
13376
13377
13378
13379
13380
13383
13384
13385
13386
13390
13391
13392
13393
13394
13396
13397
13399
13400
13401
13402
13403
13404
13406
13407
13410
13411
13412
13414
13416
13417
13418
13420
13421
13422
13423
13425
13426
13427
13429
13431
13433
13435
13436
13437
13438
13439
13443
13444
13445
13447
13449
13450
13451
13452
13454
13455
13458
13460
13461
13463
13464
13466
13467
13468
13469
13470
13472
13477
13478
13481
13482
13484
13485
13486
13487
13488
13489
13492
13493
13494
13495
13496
13498
13501
13502
13503
13504
13506
13507
13508
13510
13511
13512
13515
13517
13519
13520
13521
13523
13524
13525
13526
13527
13528
13531
13535
13536
13537
13538
13542
13544
13547
13548
13550
13551
13552
13553
13554
13556
13558
13559
13560
13562
13563
13565
13569
13570
13571
13572
13573
13576
13577
13578
13579
13583
13585
13587
13588
13589
13592
13593
13594
13595
13596
13599
13600
13601
13602
13603
13604
13607
13608
13613
13614
13618
13622
13623
13625
13626
13629
13630
13631
13633
13634
13638
13640
13641
13642
13644
13645
13646
13647
13649
13651
13652
13653
13654
13655
13657
13660
13661
13662
13663
13664
13667
13668
13669
13670
13671
13673
13674
13675
13680
13683
13684
13686
13687
13688
13689
13690
13691
13692
13693
13694
13695
13696
13697
13699
13700
13705
13707
13708
13711
13712
13713
13714
13716
13717
13718
13719
13720
13721
13722
13723
13724
13725
13726
13727
13728
13729
13730
13731
13732
13733
13735
13737
13739
13740
13741
13742
13744
13745
13746
13747
13749
13750
13751
13754
13756
13758
13759
13760
13761
13762
13763
13764
13765
13766
13769
13770
13772
13774
13776
13777
13778
13779
13780
13781
13782
13784
13786
13787
13788
13789
13790
13791
13792
13794
13795
13796
13797
13801
13803
13804
13805
13806
13807
13812
13813
13814
13815
13816
13817
13818
13821
13822
13823
13826
13827
13829
13830
13831
13832
13833
13834
13835
13836
13837
13840
13841
13842
13844
13845
13846
13847
13850
13855
13856
13860
13861
13862
13863
13865
13866
13868
13869
13871
13873
13874
13875
13878
13880
13882
13883
13884
13886
13888
13890
13891
13894
13895
13897
13899
13900
13901
13902
13903
13904
13905
13906
13908
13910
13913
13916
13917
13918
13921
13923
13924
13927
13928
13929
13930
13931
13932
13933
13935
13936
13939
13940
13941
13945
13947
13950
13951
13952
13954
13955
13956
13958
13959
13960
13963
13967
13968
13969
13970
13971
13973
13975
13976
13977
13978
13979
13981
13982
13983
13984
13985
13986
13987
13988
13990
13991
13992
13993
13995
13996
13997
13998
13999
14000
14002
14004
14007
14008
14011
14012
14013
14014
14015
14016
14018
14020
14021
14026
14029
14030
14031
14032
14033
14034
14035
14036
14037
14038
14039
14042
14043
14045
14046
14048
14049
14050
14052
14053
14055
14056
14058
14059
14061
14062
14063
14064
14065
14067
14068
14070
14073
14074
14076
14077
14079
14080
14083
14084
14085
14087
14088
14089
14096
14097
14099
14101
14105
14108
14109
14111
14113
14114
14116
14118
14119
14120
14121
14124
14126
14127
14129
14130
14131
14132
14133
14134
14136
14138
14140
14141
14142
14143
14145
14147
14149
14150
14151
14152
14153
14156
14157
14159
14163
14164
14165
14166
14167
14168
14172
14174
14175
14176
14179
14180
14182
14183
14185
14186
14188
14189
14190
14192
14195
14196
14197
14199
14200
14203
14204
14205
14207
14208
14209
14210
14212
14213
14214
14217
14218
14219
14221
14222
14223
14224
14225
14228
14230
14231
14233
14234
14235
14238
14241
14243
14244
14245
14246
14249
14250
14252
14253
14254
14255
14256
14258
14259
14260
14262
14263
14265
14266
14268
14269
14270
14271
14272
14274
14277
14278
14279
14280
14281
14283
14284
14285
14286
14289
14290
14292
14295
14296
14297
14300
14301
14303
14305
14306
14309
14311
14316
14319
14320
14321
14323
14324
14325
14326
14327
14331
14334
14335
14336
14337
14339
14341
14342
14343
14345
14346
14348
14350
14351
14352
14354
14355
14358
14359
14360
14361
14362
14363
14364
14367
14368
14370
14371
14372
14374
14375
14377
14379
14380
14381
14384
14388
14390
14393
14394
14395
14396
14397
14398
14399
14400
14403
14404
14405
14407
14409
14410
14412
14414
14415
14416
14418
14419
14420
14422
14424
14425
14427
14428
14432
14436
14438
14441
14442
14445
14446
14447
14448
14449
14450
14451
14452
14454
14460
14462
14466
14467
14468
14469
14471
14473
14476
14477
14478
14479
14480
14483
14484
14485
14488
14490
14493
14495
14496
14498
14499
14500
14501
14502
14503
14504
14505
14506
14507
14508
14509
14510
14511
14512
14513
14514
14516
14517
14519
14521
14522
14525
14527
14528
14530
14531
14532
14535
14538
14539
14540
14542
14543
14544
14547
14548
14549
14550
14553
14555
14556
14558
14559
14562
14563
14565
14566
14570
14571
14573
14574
14575
14578
14579
14580
14582
14583
14584
14586
14588
14589
14590
14591
14592
14594
14595
14596
14599
14600
14601
14602
14603
14605
14606
14607
14610
14613
14615
14616
14617
14618
14619
14621
14622
14626
14627
14629
14630
14632
14634
14635
14638
14639
14640
14642
14643
14644
14647
14648
14652
14653
14655
14657
14658
14660
14661
14662
14664
14665
14666
14667
14669
14671
14672
14675
14677
14679
14680
14684
14685
14686
14687
14688
14690
14691
14695
14696
14697
14698
14699
14700
14701
14702
14703
14707
14708
14709
14711
14716
14718
14719
14720
14725
14726
14727
14728
14729
14730
14731
14732
14734
14736
14737
14738
14739
14740
14741
14742
14744
14747
14748
14754
14756
14757
14762
14763
14764
14765
14766
14767
14770
14771
14772
14773
14775
14776
14777
14778
14779
14781
14783
14784
14786
14788
14791
14793
14794
14795
14796
14797
14799
14800
14801
14802
14803
14804
14806
14808
14809
14810
14811
14812
14813
14815
14816
14817
14818
14820
14821
14822
14824
14826
14827
14828
14829
14830
14835
14836
14839
14841
14842
14843
14845
14847
14848
14849
14850
14851
14852
14853
14854
14855
14857
14858
14860
14863
14864
14865
14866
14867
14868
14869
14870
14871
14872
14873
14874
14875
14876
14878
14879
14880
14881
14883
14884
14885
14886
14887
14889
14890
14891
14892
14893
14895
14896
14897
14898
14900
14904
14909
14910
14912
14913
14914
14915
14916
14918
14920
14921
14923
14924
14925
14926
14927
14928
14929
14930
14931
14932
14934
14935
14941
14942
14943
14946
14947
14948
14950
14951
14953
14954
14955
14957
14958
14960
14961
14962
14964
14965
14968
14969
14970
14971
14972
14973
14974
14975
14976
14977
14979
14980
14981
14982
14984
14985
14987
14988
14989
14991
14992
14993
14994
14995
14998
15001
15003
15004
15005
15006
15007
15009
15010
15011
15012
15014
15016
15017
15020
15021
15023
15026
15028
15030
15031
15033
15036
15037
15039
15040
15042
15043
15046
15048
15049
15052
15053
15054
15056
15058
15059
15061
15062
15063
15064
15065
15066
15067
15068
15071
15072
15074
15075
15076
15077
15079
15080
15081
15082
15083
15084
15088
15089
15090
15091
15094
15095
15096
15099
15102
15103
15106
15110
15111
15115
15116
15117
15118
15121
15127
15128
15129
15131
15132
15134
15136
15139
15140
15141
15142
15146
15147
15148
15149
15150
15151
15152
15153
15155
15158
15159
15160
15161
15163
15166
15167
15168
15170
15171
15172
15173
15174
15175
15176
15177
15178
15179
15181
15182
15183
15184
15186
15187
15188
15189
15190
15191
15192
15195
15196
15198
15199
15200
15201
15205
15207
15208
15209
15210
15212
15213
15215
15216
15217
15218
15220
15221
15222
15223
15224
15225
15226
15229
15232
15234
15235
15236
15237
15238
15239
15241
15242
15245
15246
15247
15249
15250
15251
15253
15254
15255
15257
15260
15261
15262
15264
15265
15266
15267
15268
15270
15271
15272
15273
15275
15276
15277
15278
15279
15280
15282
15285
15286
15289
15291
15293
15295
15297
15298
15299
15300
15304
15305
15309
15310
15311
15312
15316
15317
15318
15320
15321
15322
15323
15324
15325
15326
15327
15328
15329
15330
15331
15334
15335
15336
15338
15340
15341
15342
15344
15346
15347
15348
15349
15350
15351
15355
15356
15361
15362
15364
15365
15366
15370
15371
15372
15373
15374
15379
15380
15383
15386
15389
15390
15391
15392
15394
15395
15397
15398
15399
15401
15402
15403
15405
15407
15408
15409
15411
15414
15415
15417
15418
15421
15422
15423
15424
15425
15427
15429
15431
15432
15434
15436
15437
15438
15439
15440
15441
15443
15445
15446
15447
15449
15452
15454
15455
15456
15457
15458
15459
15461
15462
15463
15464
15465
15467
15470
15471
15479
15480
15483
15486
15488
15491
15493
15494
15495
15496
15497
15499
15500
15501
15502
15503
15504
15505
15508
15511
15512
15513
15514
15515
15516
15521
15522
15523
15524
15525
15526
15527
15528
15529
15530
15531
15533
15534
15535
15538
15539
15541
15543
15545
15546
15547
15548
15549
15550
15551
15552
15553
15554
15556
15557
15558
15559
15561
15562
15563
15564
15566
15570
15571
15572
15573
15574
15577
15579
15580
15585
15590
15592
15593
15595
15596
15598
15599
15600
15601
15602
15604
15606
15608
15610
15611
15612
15613
15614
15615
15616
15617
15618
15619
15621
15624
15626
15627
15629
15630
15632
15635
15636
15637
15638
15639
15640
15641
15642
15643
15645
15648
15651
15652
15655
15656
15657
15661
15662
15664
15665
15666
15668
15671
15674
15675
15677
15678
15679
15680
15681
15683
15684
15687
15689
15690
15691
15694
15695
15697
15698
15699
15701
15703
15704
15705
15708
15710
15711
15712
15718
15719
15722
15724
15726
15729
15731
15733
15734
15737
15738
15739
15740
15741
15742
15743
15744
15745
15748
15751
15752
15756
15757
15758
15759
15761
15762
15764
15765
15766
15768
15769
15770
15772
15773
15774
15775
15776
15780
15781
15782
15783
15784
15785
15786
15787
15788
15789
15790
15791
15792
15793
15795
15796
15798
15802
15803
15805
15807
15808
15810
15811
15812
15813
15814
15815
15816
15817
15818
15819
15822
15826
15828
15829
15830
15831
15832
15833
15835
15838
15842
15843
15844
15845
15848
15851
15853
15854
15857
15858
15861
15862
15863
15864
15865
15866
15867
15868
15870
15872
15873
15874
15876
15877
15878
15879
15880
15883
15884
15886
15887
15891
15893
15895
15896
15898
15901
15903
15904
15905
15906
15907
15908
15909
15910
15911
15917
15918
15919
15920
15922
15924
15926
15927
15929
15930
15931
15933
15940
15942
15943
15945
15946
15947
15948
15951
15952
15953
15954
15955
15958
15959
15960
15961
15964
15965
15966
15969
15970
15971
15973
15975
15976
15977
15978
15979
15980
15982
15983
15985
15986
15987
15989
15990
15991
15992
15993
15997
16002
16003
16005
16007
16011
16013
16014
16016
16018
16020
16022
16024
16025
16026
16027
16031
16034
16036
16041
16042
16048
16049
16055
16058
16063
16064
16066
16067
16069
16070
16071
16072
16074
16076
16077
16078
16079
16080
16081
16082
16083
16084
16086
16088
16089
16090
16093
16096
16099
16100
16102
16103
16105
16107
16108
16109
16112
16113
16114
16116
16117
16118
16120
16121
16123
16124
16125
16126
16127
16131
16135
16136
16137
16140
16142
16143
16145
16146
16148
16149
16150
16151
16153
16154
16155
16156
16157
16158
16159
16161
16163
16165
16166
16170
16171
16173
16176
16178
16179
16181
16182
16183
16186
16187
16188
16189
16192
16194
16196
16200
16201
16203
16204
16205
16206
16208
16209
16210
16212
16213
16215
16216
16217
16218
16219
16220
16221
16223
16225
16226
16227
16228
16230
16231
16232
16234
16235
16236
16237
16238
16239
16242
16244
16245
16248
16250
16251
16253
16254
16256
16257
16259
16260
16261
16262
16263
16264
16265
16267
16269
16270
16271
16272
16275
16276
16277
16279
16281
16282
16283
16284
16287
16288
16291
16294
16297
16298
16299
16301
16302
16304
16306
16307
16308
16309
16311
16312
16313
16314
16315
16316
16317
16318
16319
16323
16324
16325
16326
16327
16328
16329
16332
16333
16334
16335
16338
16339
16340
16341
16342
16343
16344
16345
16347
16348
16349
16350
16351
16354
16355
16356
16357
16360
16361
16362
16363
16366
16368
16369
16370
16371
16374
16377
16378
16379
16380
16381
16382
16383
16386
16387
16389
16390
16393
16394
16395
16396
16397
16398
16399
16400
16401
16403
16405
16406
16407
16408
16409
16410
16411
16412
16413
16414
16416
16417
16420
16423
16424
16426
16429
16433
16434
16435
16436
16437
16438
16439
16440
16441
16444
16445
16446
16447
16449
16450
16451
16452
16453
16454
16456
16458
16460
16461
16463
16464
16465
16467
16469
16471
16472
16474
16477
16478
16480
16481
16483
16484
16486
16488
16492
16493
16495
16497
16498
16501
16502
16506
16507
16510
16511
16515
16516
16517
16518
16519
16520
16522
16523
16524
16527
16529
16530
16532
16533
16535
16537
16540
16542
16543
16548
16549
16550
16551
16554
16556
16557
16559
16560
16561
16562
16563
16567
16568
16569
16570
16572
16574
16575
16576
16577
16578
16579
16580
16582
16583
16584
16585
16586
16587
16588
16589
16590
16591
16592
16595
16596
16597
16600
16601
16602
16605
16607
16609
16610
16613
16614
16615
16616
16617
16619
16621
16622
16624
16626
16627
16632
16633
16634
16635
16636
16639
16641
16642
16643
16644
16645
16646
16647
16648
16649
16650
16651
16652
16657
16659
16660
16661
16663
16664
16667
16668
16669
16671
16672
16673
16674
16675
16676
16679
16680
16681
16683
16685
16688
16690
16691
16692
16693
16696
16697
16698
16700
16701
16702
16703
16704
16705
16706
16707
16708
16712
16713
16714
16715
16717
16719
16720
16721
16723
16727
16728
16732
16733
16734
16735
16736
16738
16740
16741
16742
16743
16744
16745
16748
16749
16751
16752
16753
16756
16758
16759
16761
16762
16763
16765
16766
16767
16768
16772
16774
16775
16776
16777
16779
16780
16781
16782
16783
16784
16785
16786
16789
16790
16793
16794
16795
16797
16799
16800
16801
16803
16805
16806
16807
16809
16810
16811
16813
16814
16815
16817
16818
16819
16820
16821
16822
16823
16824
16826
16827
16828
16835
16836
16837
16840
16843
16844
16845
16846
16847
16852
16854
16855
16858
16860
16861
16862
16863
16864
16865
16866
16868
16869
16870
16873
16876
16878
16879
16883
16885
16888
16889
16890
16891
16892
16893
16894
16898
16899
16902
16903
16905
16906
16907
16908
16911
16912
16913
16914
16915
16916
16918
16919
16921
16922
16924
16925
16926
16927
16928
16929
16931
16932
16933
16935
16936
16937
16938
16939
16940
16945
16948
16949
16952
16954
16956
16957
16960
16961
16962
16963
16965
16967
16968
16969
16970
16975
16976
16978
16980
16981
16982
16984
16985
16988
16991
16993
16994
16995
16996
16998
17000
17003
17004
17006
17008
17009
17010
17011
17013
17014
17016
17018
17020
17021
17022
17023
17024
17025
17027
17028
17029
17032
17033
17034
17036
17037
17038
17041
17042
17043
17044
17045
17048
17049
17050
17051
17055
17056
17060
17064
17067
17070
17071
17072
17073
17074
17075
17076
17077
17078
17079
17081
17082
17084
17088
17089
17090
17092
17094
17095
17102
17103
17104
17105
17106
17107
17109
17111
17113
17117
17118
17119
17120
17122
17124
17126
17127
17128
17131
17132
17134
17135
17136
17137
17138
17139
17140
17141
17142
17143
17144
17145
17148
17152
17153
17154
17155
17156
17158
17159
17160
17161
17162
17163
17164
17165
17169
17172
17175
17180
17183
17184
17185
17186
17188
17189
17190
17193
17196
17197
17198
17200
17201
17202
17203
17206
17209
17210
17212
17214
17215
17219
17221
17224
17225
17226
17228
17229
17232
17234
17236
17237
17238
17241
17244
17246
17247
17248
17250
17253
17254
17255
17256
17257
17258
17259
17260
17261
17262
17263
17266
17268
17269
17271
17272
17273
17274
17275
17277
17278
17279
17281
17282
17284
17285
17286
17288
17289
17294
17295
17297
17298
17299
17303
17304
17305
17306
17307
17309
17310
17312
17313
17314
17315
17318
17319
17320
17323
17324
17325
17326
17328
17329
17330
17331
17333
17334
17335
17340
17343
17347
17348
17349
17350
17352
17356
17357
17359
17360
17361
17364
17366
17368
17374
17375
17376
17378
17379
17381
17382
17384
17386
17387
17390
17391
17392
17394
17395
17396
17397
17398
17399
17401
17402
17404
17408
17410
17413
17415
17416
17417
17418
17421
17422
17423
17424
17426
17427
17429
17430
17431
17432
17434
17435
17436
17437
17438
17439
17441
17442
17443
17444
17446
17447
17448
17449
17452
17453
17454
17456
17457
17459
17460
17461
17464
17467
17468
17469
17471
17473
17474
17476
17477
17480
17481
17482
17486
17488
17491
17492
17493
17495
17496
17500
17501
17502
17504
17506
17507
17508
17509
17510
17511
17512
17513
17514
17518
17520
17521
17522
17525
17526
17528
17529
17531
17532
17534
17538
17540
17541
17543
17544
17546
17547
17548
17549
17550
17553
17554
17556
17558
17559
17560
17565
17566
17568
17569
17570
17571
17573
17574
17576
17577
17580
17583
17586
17588
17589
17590
17592
17593
17594
17595
17596
17597
17598
17599
17600
17601
17603
17604
17605
17606
17608
17609
17610
17611
17613
17615
17616
17619
17620
17621
17622
17623
17625
17626
17627
17629
17631
17632
17634
17635
17637
17639
17640
17644
17646
17647
17648
17651
17652
17653
17655
17656
17658
17660
17661
17664
17665
17666
17667
17668
17669
17670
17671
17672
17675
17678
17679
17680
17681
17682
17684
17686
17687
17688
17689
17690
17692
17693
17694
17695
17696
17697
17698
17700
17702
17703
17705
17706
17707
17708
17709
17710
17711
17712
17713
17714
17715
17717
17720
17722
17723
17724
17725
17726
17727
17729
17731
17732
17734
17737
17738
17740
17741
17743
17744
17748
17749
17750
17751
17752
17754
17755
17756
17758
17759
17760
17761
17762
17765
17766
17767
17769
17770
17771
17774
17775
17777
17782
17783
17785
17786
17788
17790
17792
17793
17794
17795
17796
17797
17799
17800
17801
17802
17803
17806
17807
17809
17810
17811
17815
17816
17817
17821
17822
17824
17825
17826
17827
17828
17829
17830
17831
17835
17836
17838
17839
17841
17843
17845
17846
17849
17850
17852
17854
17855
17856
17857
17858
17859
17860
17861
17862
17863
17864
17866
17867
17868
17871
17872
17873
17874
17875
17877
17878
17881
17883
17885
17886
17887
17888
17890
17891
17892
17896
17897
17898
17899
17900
17904
17907
17908
17910
17911
17912
17914
17915
17917
17918
17919
17920
17922
17923
17924
17925
17926
17927
17928
17929
17930
17932
17941
17945
17947
17948
17949
17950
17953
17955
17957
17960
17961
17962
17967
17968
17969
17970
17971
17972
17977
17979
17980
17981
17982
17983
17984
17985
17990
17991
17992
17993
18000
18001
18002
18004
18005
18007
18008
18009
18013
18014
18015
18016
18017
18018
18019
18020
18024
18026
18027
18029
18030
18033
18034
18039
18040
18042
18044
18045
18046
18048
18049
18050
18051
18053
18055
18056
18058
18060
18062
18063
18064
18069
18072
18073
18074
18075
18077
18079
18080
18083
18086
18087
18089
18091
18092
18094
18095
18096
18097
18100
18101
18103
18105
18106
18108
18109
18111
18112
18113
18114
18116
18117
18118
18119
18120
18121
18122
18123
18124
18125
18127
18129
18132
18133
18135
18136
18137
18139
18141
18143
18144
18145
18146
18148
18149
18150
18151
18152
18155
18156
18157
18158
18159
18160
18161
18162
18163
18165
18166
18169
18170
18172
18173
18174
18175
18179
18180
18181
18182
18185
18186
18187
18188
18189
18191
18192
18193
18194
18195
18196
18197
18198
18200
18201
18204
18205
18210
18211
18212
18213
18214
18215
18216
18218
18220
18223
18224
18225
18226
18228
18229
18231
18232
18233
18234
18235
18239
18241
18242
18244
18246
18250
18251
18253
18254
18255
18258
18259
18260
18261
18262
18265
18266
18267
18269
18270
18271
18272
18273
18275
18276
18277
18280
18284
18285
18286
18287
18290
18292
18293
18294
18295
18298
18299
18300
18301
18304
18307
18308
18309
18312
18313
18314
18315
18316
18317
18318
18319
18322
18323
18324
18326
18327
18329
18330
18332
18333
18335
18337
18338
18339
18342
18343
18344
18345
18347
18349
18350
18352
18353
18354
18355
18356
18358
18359
18360
18362
18363
18364
18365
18366
18367
18369
18372
18373
18374
18376
18377
18378
18380
18381
18382
18383
18384
18385
18388
18390
18392
18395
18396
18397
18398
18399
18400
18402
18403
18404
18407
18408
18409
18410
18411
18414
18415
18416
18417
18420
18421
18422
18426
18428
18429
18436
18437
18438
18441
18442
18446
18447
18448
18449
18451
18452
18453
18457
18458
18459
18461
18462
18463
18464
18465
18466
18467
18468
18475
18476
18478
18479
18480
18481
18485
18486
18488
18490
18493
18495
18496
18497
18498
18499
18501
18502
18504
18505
18506
18508
18510
18512
18514
18515
18516
18517
18519
18520
18521
18522
18525
18526
18527
18528
18529
18533
18536
18537
18538
18539
18540
18541
18544
18546
18548
18551
18552
18553
18555
18557
18558
18559
18561
18562
18563
18564
18565
18567
18570
18571
18574
18575
18576
18578
18579
18580
18582
18583
18586
18589
18590
18591
18592
18594
18595
18597
18598
18601
18602
18603
18605
18607
18609
18611
18613
18614
18615
18616
18617
18618
18619
18621
18624
18625
18626
18627
18628
18634
18635
18636
18637
18638
18639
18640
18641
18642
18643
18645
18649
18650
18652
18653
18654
18655
18656
18658
18660
18661
18662
18663
18664
18665
18667
18668
18669
18670
18672
18674
18677
18680
18681
18682
18683
18684
18685
18689
18690
18691
18692
18693
18694
18695
18696
18697
18700
18701
18702
18705
18706
18707
18708
18710
18713
18717
18719
18721
18722
18723
18724
18725
18726
18729
18730
18733
18734
18736
18737
18739
18743
18744
18746
18747
18748
18750
18751
18752
18753
18755
18757
18759
18762
18763
18764
18766
18767
18768
18769
18771
18772
18773
18776
18777
18778
18783
18784
18785
18787
18789
18790
18793
18796
18797
18798
18799
18800
18802
18803
18805
18806
18808
18809
18810
18812
18813
18814
18815
18817
18818
18822
18827
18828
18829
18832
18833
18834
18835
18836
18837
18838
18839
18840
18842
18843
18844
18846
18847
18848
18849
18850
18851
18852
18853
18855
18856
18857
18860
18863
18865
18866
18867
18869
18870
18872
18873
18874
18875
18877
18878
18879
18882
18883
18884
18885
18886
18888
18889
18890
18892
18893
18894
18895
18896
18897
18899
18900
18903
18906
18908
18909
18911
18913
18915
18916
18917
18919
18920
18921
18922
18923
18924
18925
18928
18930
18931
18934
18935
18936
18937
18938
18939
18940
18942
18943
18946
18948
18949
18950
18952
18953
18954
18959
18960
18961
18963
18964
18966
18970
18971
18974
18976
18977
18980
18981
18983
18984
18985
18987
18988
18990
18991
18992
18993
18998
19001
19004
19005
19007
19008
19010
19013
19014
19015
19016
19017
19018
19019
19023
19024
19025
19026
19027
19029
19030
19033
19034
19035
19037
19039
19041
19042
19043
19044
19045
19048
19049
19051
19052
19053
19054
19055
19057
19058
19061
19062
19063
19064
19066
19068
19069
19076
19077
19078
19082
19084
19085
19087
19088
19089
19090
19091
19092
19093
19094
19095
19096
19097
19098
19099
19100
19103
19105
19106
19108
19109
19110
19111
19112
19113
19114
19115
19116
19117
19118
19120
19121
19122
19124
19126
19128
19129
19132
19133
19135
19136
19137
19139
19143
19148
19150
19152
19153
19155
19157
19160
19162
19164
19165
19166
19167
19169
19171
19172
19173
19174
19175
19178
19180
19181
19182
19184
19186
19187
19188
19189
19190
19191
19192
19193
19195
19197
19198
19200
19201
19202
19203
19204
19205
19206
19207
19210
19211
19213
19214
19215
19216
19219
19220
19222
19223
19225
19228
19229
19230
19231
19232
19233
19234
19235
19236
19237
19238
19239
19240
19248
19249
19251
19252
19255
19256
19259
19260
19262
19263
19264
19265
19266
19267
19268
19269
19270
19271
19274
19276
19277
19279
19280
19282
19283
19284
19285
19287
19288
19290
19291
19292
19293
19294
19297
19298
19302
19303
19305
19306
19307
19308
19309
19310
19311
19312
19314
19315
19316
19317
19319
19321
19323
19324
19327
19328
19332
19333
19334
19336
19337
19338
19339
19340
19342
19343
19344
19345
19347
19348
19351
19353
19358
19359
19360
19362
19364
19367
19368
19370
19373
19374
19375
19376
19381
19382
19383
19384
19386
19388
19389
19390
19392
19394
19395
19396
19399
19400
19402
19403
19404
19408
19409
19410
19411
19413
19414
19416
19419
19420
19421
19424
19425
19426
19427
19429
19430
19431
19432
19433
19434
19435
19436
19437
19439
19440
19441
19443
19444
19445
19447
19448
19449
19450
19455
19457
19458
19459
19460
19462
19463
19464
19465
19467
19469
19470
19472
19473
19474
19475
19477
19478
19480
19481
19482
19483
19484
19485
19486
19487
19488
19494
19495
19496
19497
19498
19499
19500
19501
19502
19503
19505
19509
19511
19513
19516
19518
19519
19520
19521
19523
19525
19526
19528
19529
19530
19533
19534
19535
19541
19546
19547
19548
19549
19550
19552
19553
19554
19555
19556
19558
19559
19560
19561
19562
19565
19566
19571
19573
19576
19577
19578
19579
19582
19583
19584
19586
19587
19588
19589
19590
19591
19592
19593
19595
19596
19600
19604
19606
19607
19609
19610
19614
19615
19616
19620
19622
19625
19627
19629
19631
19633
19634
19636
19637
19638
19639
19642
19644
19645
19646
19647
19650
19652
19653
19654
19655
19656
19657
19658
19661
19663
19664
19665
19666
19668
19669
19670
19671
19672
19673
19674
19676
19679
19680
19682
19683
19684
19685
19686
19687
19690
19691
19693
19694
19695
19696
19697
19698
19700
19701
19703
19704
19705
19708
19709
19711
19712
19713
19715
19717
19719
19721
19722
19723
19724
19726
19727
19728
19729
19730
19736
19737
19739
19740
19741
19742
19744
19745
19746
19748
19751
19752
19753
19755
19757
19758
19760
19763
19764
19766
19768
19769
19770
19771
19773
19774
19776
19777
19778
19779
19780
19782
19784
19786
19789
19790
19794
19795
19796
19797
19801
19802
19803
19807
19809
19810
19811
19812
19813
19814
19816
19819
19820
19826
19828
19829
19830
19832
19833
19834
19835
19836
19837
19838
19839
19840
19841
19842
19843
19844
19846
19847
19849
19850
19851
19852
19853
19854
19857
19858
19859
19860
19861
19863
19865
19867
19868
19869
19872
19875
19876
19879
19883
19885
19887
19888
19891
19892
19893
19894
19895
19896
19903
19904
19905
19908
19909
19910
19911
19912
19914
19916
19919
19920
19925
19927
19928
19929
19931
19933
19934
19936
19937
19938
19939
19941
19943
19944
19945
19947
19948
19950
19952
19953
19954
19955
19956
19957
19959
19960
19961
19963
19964
19965
19967
19970
19972
19973
19974
19975
19976
19978
19980
19983
19987
19988
19989
19992
19993
19996
19997
19998
19999
20000
20001
20002
20004
20006
20007
20008
20009
20010
20012
20014
20015
20016
20017
20018
20019
20020
20021
20022
20023
20025
20027
20028
20029
20032
20035
20036
20041
20042
20043
20045
20048
20050
20051
20054
20055
20059
20060
20061
20062
20063
20064
20068
20069
20071
20072
20075
20076
20077
20078
20084
20086
20088
20089
20090
20091
20092
20093
20094
20095
20096
20099
20100
20101
20102
20104
20105
20106
20107
20108
20109
20110
20111
20112
20113
20115
20116
20117
20118
20119
20120
20121
20122
20123
20125
20126
20127
20130
20134
20135
20136
20139
20140
20143
20144
20146
20147
20148
20149
20150
20151
20152
20153
20155
20156
20160
20162
20163
20165
20166
20167
20168
20171
20172
20175
20176
20177
20178
20179
20181
20182
20183
20184
20185
20187
20190
20191
20193
20194
20195
20196
20197
20198
20199
20200
20201
20203
20204
20205
20207
20209
20211
20212
20213
20214
20217
20218
20219
20220
20221
20222
20223
20224
20225
20226
20227
20229
20230
20234
20235
20237
20238
20244
20245
20247
20248
20250
20251
20252
20253
20255
20256
20257
20258
20260
20262
20263
20266
20270
20271
20272
20273
20274
20276
20278
20279
20280
20281
20282
20285
20287
20288
20289
20290
20291
20292
20293
20295
20296
20297
20298
20302
20303
20305
20308
20311
20314
20316
20317
20318
20320
20321
20322
20323
20324
20326
20327
20329
20330
20331
20332
20334
20335
20337
20339
20341
20342
20345
20346
20347
20348
20349
20350
20351
20353
20354
20355
20356
20358
20360
20363
20364
20367
20369
20370
20371
20372
20373
20374
20375
20376
20377
20379
20381
20382
20383
20385
20386
20387
20388
20390
20391
20393
20394
20395
20396
20397
20398
20402
20403
20408
20410
20411
20412
20414
20415
20416
20417
20420
20421
20423
20424
20428
20429
20430
20432
20433
20434
20435
20436
20437
20438
20439
20440
20441
20442
20443
20444
20445
20447
20448
20449
20450
20451
20452
20454
20456
20457
20459
20461
20462
20465
20466
20467
20469
20470
20472
20473
20474
20475
20477
20478
20479
20480
20482
20483
20484
20485
20487
20488
20489
20490
20492
20494
20498
20499
20500
20501
20502
20503
20504
20506
20509
20510
20512
20514
20516
20517
20520
20522
20523
20524
20528
20530
20532
20533
20535
20536
20538
20539
20544
20545
20547
20548
20549
20550
20552
20555
20556
20558
20559
20560
20561
20563
20564
20565
20567
20568
20571
20572
20576
20578
20581
20584
20585
20586
20589
20591
20592
20594
20595
20596
20597
20598
20600
20601
20604
20606
20607
20608
20609
20610
20612
20613
20614
20615
20616
20617
20619
20620
20623
20624
20626
20627
20630
20631
20632
20633
20634
20635
20636
20638
20640
20643
20646
20647
20648
20649
20653
20654
20655
20656
20657
20660
20661
20662
20663
20664
20666
20667
20668
20671
20673
20674
20675
20676
20677
20678
20679
20681
20682
20683
20684
20685
20686
20687
20688
20689
20691
20693
20694
20695
20696
20697
20698
20701
20702
20703
20704
20705
20706
20707
20708
20709
20710
20711
20714
20716
20717
20718
20719
20720
20722
20723
20725
20726
20727
20729
20730
20731
20732
20734
20735
20739
20742
20743
20744
20746
20747
20748
20750
20751
20752
20753
20754
20755
20758
20759
20760
20761
20762
20763
20764
20765
20766
20768
20769
20773
20774
20775
20777
20778
20779
20780
20781
20782
20786
20787
20790
20792
20793
20794
20796
20797
20799
20800
20802
20804
20807
20808
20809
20810
20812
20815
20817
20818
20819
20821
20822
20824
20826
20828
20829
20830
20831
20833
20836
20837
20840
20841
20842
20843
20845
20847
20848
20851
20854
20855
20856
20857
20858
20859
20864
20865
20866
20868
20869
20870
20871
20875
20877
20879
20880
20881
20882
20884
20885
20886
20887
20890
20891
20892
20893
20894
20895
20896
20897
20898
20899
20901
20902
20903
20905
20906
20907
20908
20911
20912
20914
20915
20917
20918
20919
20920
20921
20922
20923
20925
20926
20927
20928
20929
20931
20935
20936
20937
20938
20939
20941
20943
20944
20945
20946
20948
20949
20950
20951
20953
20954
20955
20957
20958
20959
20962
20963
20965
20967
20968
20969
20970
20971
20972
20976
20978
20981
20985
20987
20990
20991
20993
20994
20998
20999
21000
21003
21004
21005
21006
21008
21010
21013
21014
21015
21016
21018
21020
21021
21022
21023
21027
21029
21030
21031
21035
21036
21037
21038
21041
21042
21043
21044
21046
21048
21049
21053
21054
21055
21056
21057
21058
21059
21060
21061
21066
21069
21070
21071
21072
21073
21074
21075
21076
21077
21081
21082
21083
21084
21086
21088
21089
21095
21096
21098
21099
21100
21101
21102
21103
21104
21105
21106
21107
21109
21110
21113
21114
21115
21117
21118
21119
21120
21121
21124
21128
21130
21134
21135
21138
21140
21142
21143
21144
21145
21146
21147
21148
21149
21151
21154
21155
21156
21157
21158
21159
21160
21162
21163
21166
21171
21172
21173
21175
21176
21177
21178
21180
21182
21183
21184
21185
21187
21189
21191
21192
21193
21194
21196
21201
21203
21205
21206
21208
21211
21215
21216
21217
21218
21220
21221
21224
21226
21227
21228
21230
21231
21234
21235
21236
21237
21238
21241
21242
21243
21244
21245
21249
21250
21251
21252
21254
21256
21257
21258
21260
21261
21263
21264
21265
21266
21270
21272
21274
21277
21278
21279
21280
21281
21282
21285
21286
21287
21288
21289
21290
21292
21293
21296
21299
21300
21304
21305
21306
21307
21308
21311
21312
21313
21314
21317
21318
21321
21323
21324
21325
21326
21327
21328
21329
21330
21335
21336
21337
21341
21342
21343
21344
21345
21346
21348
21349
21351
21353
21356
21357
21359
21361
21362
21363
21364
21365
21366
21369
21370
21373
21374
21375
21377
21378
21379
21380
21381
21383
21384
21385
21386
21387
21388
21389
21391
21392
21393
21394
21395
21396
21397
21400
21402
21403
21405
21406
21407
21409
21410
21412
21413
21414
21416
21417
21418
21420
21424
21425
21426
21429
21430
21431
21433
21434
21435
21436
21437
21438
21439
21440
21442
21443
21444
21448
21449
21450
21451
21453
21454
21455
21457
21459
21460
21461
21462
21463
21465
21466
21467
21468
21469
21470
21472
21473
21474
21477
21478
21479
21481
21482
21484
21485
21488
21489
21501
21502
21505
21506
21507
21510
21511
21512
21513
21514
21515
21516
21517
21520
21522
21525
21529
21530
21531
21532
21533
21535
21536
21537
21538
21540
21541
21542
21545
21546
21551
21552
21554
21555
21556
21557
21559
21560
21561
21562
21563
21564
21565
21566
21568
21569
21571
21572
21573
21575
21577
21580
21581
21582
21584
21587
21588
21589
21590
21591
21592
21593
21594
21596
21598
21599
21600
21601
21602
21603
21606
21608
21611
21612
21613
21615
21616
21617
21619
21620
21623
21624
21628
21629
21630
21631
21633
21634
21635
21636
21637
21638
21639
21641
21642
21643
21644
21645
21646
21649
21651
21652
21655
21656
21660
21661
21662
21663
21666
21668
21669
21670
21672
21673
21674
21676
21679
21681
21682
21683
21685
21687
21689
21691
21695
21696
21697
21700
21701
21703
21704
21705
21706
21707
21709
21712
21713
21714
21716
21719
21720
21721
21723
21724
21725
21727
21731
21733
21735
21739
21740
21741
21742
21747
21748
21750
21751
21752
21754
21756
21757
21758
21759
21760
21761
21762
21764
21766
21769
21770
21773
21776
21778
21779
21780
21781
21782
21783
21784
21785
21786
21787
21788
21789
21791
21793
21797
21798
21799
21800
21801
21802
21803
21804
21805
21807
21808
21811
21812
21815
21816
21818
21820
21821
21822
21823
21824
21825
21826
21827
21828
21829
21830
21833
21834
21835
21837
21838
21839
21840
21841
21843
21844
21847
21848
21850
21852
21853
21854
21856
21858
21859
21860
21861
21862
21863
21864
21865
21867
21868
21870
21871
21873
21874
21876
21878
21881
21882
21883
21884
21885
21887
21890
21891
21893
21894
21896
21898
21900
21902
21907
21910
21912
21913
21914
21917
21918
21919
21920
21922
21924
21925
21927
21928
21929
21933
21935
21936
21937
21938
21939
21941
21942
21944
21945
21949
21951
21952
21954
21955
21956
21958
21960
21961
21962
21963
21964
21966
21970
21971
21972
21975
21976
21980
21981
21982
21986
21987
21988
21989
21991
21993
21994
21996
22000
22002
22005
22008
22009
22010
22011
22015
22016
22019
22023
22025
22026
22027
22028
22030
22031
22032
22033
22035
22038
22039
22040
22042
22044
22047
22048
22049
22051
22052
22053
22055
22057
22058
22064
22066
22068
22070
22071
22073
22074
22076
22079
22080
22083
22085
22086
22087
22091
22092
22093
22094
22095
22097
22098
22101
22103
22104
22105
22106
22107
22108
22111
22112
22116
22119
22120
22122
22123
22124
22125
22127
22128
22130
22132
22134
22141
22142
22145
22147
22150
22151
22152
22154
22155
22156
22158
22161
22162
22163
22165
22166
22167
22168
22170
22171
22172
22173
22174
22179
22183
22184
22185
22186
22187
22189
22191
22192
22195
22196
22197
22198
22199
22200
22201
22203
22207
22208
22209
22211
22212
22213
22214
22215
22216
22218
22220
22221
22222
22223
22224
22225
22226
22227
22228
22229
22231
22232
22233
22234
22235
22237
22238
22239
22240
22241
22243
22248
22249
22251
22252
22253
22254
22256
22257
22258
22261
22263
22265
22269
22270
22271
22272
22273
22275
22276
22277
22279
22280
22282
22283
22284
22286
22287
22288
22289
22290
22292
22296
22297
22298
22300
22301
22303
22305
22306
22307
22310
22312
22313
22315
22316
22317
22322
22324
22327
22328
22330
22332
22336
22338
22341
22343
22344
22346
22348
22349
22350
22351
22352
22354
22355
22356
22357
22360
22361
22363
22365
22366
22367
22368
22369
22371
22372
22374
22375
22376
22380
22381
22382
22383
22385
22387
22390
22391
22393
22394
22395
22396
22397
22401
22402
22403
22407
22408
22409
22410
22412
22413
22414
22416
22418
22419
22420
22421
22422
22424
22425
22427
22428
22429
22431
22432
22433
22434
22435
22437
22438
22439
22440
22441
22442
22445
22447
22448
22450
22451
22453
22454
22455
22456
22457
22458
22460
22461
22462
22464
22466
22467
22468
22472
22473
22474
22476
22477
22479
22480
22482
22484
22485
22488
22492
22495
22497
22498
22500
22502
22504
22507
22508
22511
22512
22513
22514
22515
22516
22517
22519
22521
22522
22523
22524
22525
22526
22527
22530
22531
22533
22534
22538
22539
22540
22541
22542
22543
22544
22545
22547
22549
22550
22552
22553
22554
22557
22558
22561
22563
22564
22565
22567
22569
22570
22571
22573
22575
22576
22577
22578
22579
22580
22581
22582
22583
22584
22585
22586
22587
22588
22590
22591
22592
22593
22595
22596
22597
22600
22601
22603
22604
22608
22609
22610
22611
22612
22613
22617
22619
22621
22623
22626
22628
22629
22630
22633
22634
22636
22637
22639
22640
22641
22645
22647
22648
22650
22652
22654
22657
22658
22659
22661
22662
22663
22664
22667
22668
22672
22673
22674
22675
22676
22677
22680
22681
22683
22684
22685
22686
22688
22690
22692
22694
22696
22699
22700
22701
22702
22704
22706
22707
22709
22712
22713
22714
22715
22716
22717
22718
22719
22721
22722
22723
22725
22726
22728
22729
22730
22731
22732
22733
22734
22736
22738
22739
22740
22742
22746
22748
22749
22750
22751
22752
22753
22754
22755
22756
22758
22759
22760
22762
22764
22765
22766
22767
22768
22769
22770
22771
22772
22776
22777
22779
22781
22783
22784
22785
22788
22789
22793
22794
22796
22799
22800
22802
22804
22807
22808
22809
22810
22812
22813
22815
22816
22817
22818
22819
22822
22823
22824
22826
22827
22829
22830
22831
22832
22833
22835
22836
22837
22838
22842
22843
22844
22845
22847
22848
22849
22850
22852
22853
22854
22856
22858
22859
22860
22865
22866
22869
22870
22871
22872
22874
22875
22876
22877
22879
22881
22882
22884
22885
22887
22888
22892
22893
22895
22896
22898
22899
22900
22902
22904
22907
22908
22911
22912
22913
22915
22920
22922
22923
22924
22925
22927
22928
22930
22931
22932
22934
22935
22936
22937
22938
22942
22944
22945
22948
22950
22951
22952
22953
22954
22955
22956
22958
22959
22960
22962
22963
22965
22966
22967
22968
22970
22971
22973
22975
22977
22979
22981
22982
22983
22984
22986
22988
22989
22991
22992
22993
22994
22995
22996
22998
22999
23001
23004
23005
23006
23007
23008
23009
23010
23011
23015
23017
23019
23020
23021
23024
23025
23026
23028
23029
23031
23033
23034
23036
23037
23040
23042
23043
23045
23046
23050
23051
23055
23056
23057
23058
23059
23060
23063
23064
23065
23067
23069
23070
23072
23074
23075
23077
23079
23082
23084
23086
23090
23092
23094
23095
23096
23098
23099
23103
23104
23105
23107
23108
23109
23110
23111
23112
23113
23116
23117
23118
23119
23120
23121
23122
23124
23125
23126
23127
23129
23130
23131
23132
23134
23136
23138
23140
23142
23144
23145
23148
23151
23152
23157
23158
23159
23160
23162
23163
23164
23165
23166
23167
23169
23171
23173
23174
23178
23180
23181
23182
23183
23184
23186
23188
23192
23194
23195
23196
23199
23200
23202
23204
23207
23208
23209
23211
23215
23216
23217
23218
23221
23224
23225
23226
23230
23232
23233
23235
23237
23239
23240
23241
23242
23244
23245
23246
23247
23248
23249
23250
23252
23254
23255
23256
23257
23259
23260
23261
23262
23265
23266
23267
23270
23271
23273
23275
23276
23277
23279
23281
23283
23286
23287
23288
23293
23294
23297
23301
23303
23307
23308
23310
23311
23312
23314
23315
23316
23318
23319
23320
23321
23322
23323
23324
23325
23327
23328
23329
23330
23331
23336
23337
23341
23342
23343
23344
23345
23346
23347
23349
23350
23351
23352
23356
23357
23361
23362
23363
23364
23366
23367
23368
23369
23370
23371
23372
23373
23375
23376
23378
23380
23381
23382
23383
23384
23386
23388
23389
23390
23391
23392
23393
23398
23399
23400
23401
23402
23405
23411
23412
23413
23415
23418
23420
23422
23423
23426
23427
23428
23429
23430
23432
23435
23437
23440
23441
23442
23443
23444
23445
23447
23448
23450
23454
23455
23459
23460
23461
23464
23465
23467
23469
23470
23471
23472
23474
23476
23479
23480
23482
23484
23485
23486
23487
23488
23490
23491
23492
23493
23495
23496
23497
23498
23500
23501
23506
23509
23510
23511
23512
23513
23514
23515
23516
23517
23518
23519
23520
23521
23522
23524
23525
23526
23528
23531
23535
23538
23539
23541
23542
23543
23547
23548
23550
23551
23552
23553
23554
23555
23557
23558
23559
23560
23563
23566
23567
23568
23569
23571
23572
23575
23576
23577
23579
23580
23582
23583
23585
23586
23587
23588
23589
23590
23591
23592
23593
23595
23596
23598
23599
23603
23604
23605
23606
23607
23608
23610
23612
23613
23615
23616
23617
23620
23622
23625
23627
23628
23630
23631
23633
23635
23636
23637
23638
23639
23640
23641
23643
23644
23645
23646
23647
23648
23649
23650
23651
23652
23655
23656
23658
23659
23661
23663
23664
23665
23666
23667
23670
23672
23673
23675
23679
23684
23685
23686
23690
23692
23693
23695
23696
23697
23698
23699
23700
23701
23702
23703
23704
23707
23712
23713
23714
23715
23717
23718
23720
23721
23723
23726
23727
23729
23730
23732
23733
23734
23735
23737
23738
23739
23740
23741
23742
23744
23745
23749
23752
23753
23755
23757
23758
23759
23760
23761
23762
23763
23764
23765
23766
23767
23770
23771
23773
23775
23777
23778
23779
23780
23781
23782
23783
23786
23787
23793
23795
23796
23797
23798
23799
23800
23801
23802
23804
23805
23806
23809
23810
23812
23813
23814
23815
23816
23818
23820
23821
23823
23824
23825
23828
23829
23832
23833
23836
23837
23838
23839
23843
23845
23850
23851
23852
23853
23857
23858
23859
23860
23861
23862
23863
23864
23865
23866
23869
23871
23872
23875
23882
23883
23884
23885
23887
23890
23891
23893
23894
23897
23899
23900
23901
23902
23904
23905
23909
23911
23912
23913
23914
23915
23917
23918
23919
23920
23921
23922
23923
23924
23925
23926
23927
23928
23930
23933
23934
23935
23938
23939
23942
23944
23946
23950
23951
23952
23953
23954
23955
23956
23957
23958
23959
23960
23961
23962
23963
23964
23966
23967
23969
23970
23973
23974
23975
23976
23977
23978
23979
23980
23983
23984
23985
23987
23989
23990
23992
23993
23994
23995
23996
23997
23999
24000
24003
24004
24005
24006
24008
24009
24010
24011
24012
24013
24014
24015
24017
24018
24019
24020
24021
24022
24023
24024
24025
24026
24028
24029
24031
24032
24036
24037
24038
24040
24041
24042
24043
24044
24045
24047
24048
24050
24051
24055
24056
24057
24059
24060
24061
24062
24063
24064
24065
24066
24068
24071
24072
24073
24074
24075
24076
24077
24078
24079
24080
24081
24084
24085
24086
24087
24089
24092
24093
24094
24095
24096
24099
24100
24103
24104
24106
24107
24109
24111
24112
24113
24115
24116
24118
24122
24124
24125
24126
24127
24128
24129
24130
24132
24133
24135
24136
24137
24138
24139
24141
24143
24146
24147
24148
24150
24152
24154
24155
24163
24164
24165
24166
24167
24168
24170
24171
24172
24173
24174
24175
24176
24178
24181
24182
24184
24185
24186
24187
24190
24191
24192
24193
24194
24195
24196
24197
24201
24202
24205
24207
24208
24209
24210
24212
24213
24214
24216
24217
24221
24222
24223
24227
24228
24229
24230
24234
24236
24237
24243
24246
24248
24249
24250
24251
24253
24255
24256
24257
24258
24260
24261
24262
24263
24264
24265
24268
24269
24270
24271
24273
24275
24277
24278
24280
24281
24282
24283
24284
24285
24287
24290
24293
24294
24295
24296
24297
24298
24299
24301
24302
24303
24306
24307
24311
24312
24314
24315
24317
24318
24319
24320
24321
24326
24327
24328
24329
24330
24332
24333
24334
24335
24336
24337
24338
24340
24344
24345
24346
24347
24348
24349
24351
24352
24353
24354
24355
24356
24358
24359
24360
24361
24362
24363
24364
24365
24366
24367
24368
24369
24370
24372
24377
24379
24380
24381
24382
24383
24385
24386
24387
24390
24391
24392
24393
24394
24395
24397
24399
24400
24402
24403
24404
24405
24406
24407
24408
24412
24413
24414
24415
24416
24417
24418
24419
24420
24421
24422
24423
24424
24426
24427
24428
24429
24430
24431
24433
24434
24439
24440
24441
24443
24444
24445
24446
24447
24448
24450
24451
24453
24455
24456
24459
24462
24466
24469
24470
24471
24472
24473
24475
24477
24478
24480
24481
24485
24486
24487
24488
24489
24490
24493
24495
24496
24497
24498
24499
24500
24501
24503
24505
24507
24509
24510
24512
24513
24515
24516
24517
24519
24520
24521
24522
24525
24526
24528
24529
24533
24534
24537
24539
24540
24542
24543
24544
24545
24546
24547
24549
24554
24555
24557
24559
24560
24562
24566
24567
24569
24570
24571
24573
24575
24576
24577
24578
24579
24581
24583
24584
24585
24586
24588
24590
24591
24592
24594
24595
24597
24598
24600
24603
24605
24606
24608
24610
24611
24612
24613
24616
24617
24618
24620
24621
24622
24623
24624
24625
24626
24628
24632
24633
24634
24635
24636
24638
24639
24640
24642
24643
24644
24645
24646
24648
24649
24650
24651
24653
24654
24655
24658
24660
24661
24662
24663
24664
24665
24666
24668
24670
24671
24673
24674
24676
24677
24678
24679
24680
24681
24683
24684
24685
24688
24689
24690
24691
24693
24694
24695
24698
24699
24700
24701
24702
24703
24707
24709
24710
24711
24712
24713
24714
24715
24716
24718
24719
24720
24724
24726
24727
24728
24729
24731
24734
24735
24736
24739
24740
24742
24744
24745
24747
24748
24750
24751
24753
24754
24758
24759
24760
24761
24762
24764
24765
24766
24767
24768
24769
24771
24777
24778
24780
24781
24782
24783
24784
24785
24786
24787
24788
24789
24790
24792
24794
24795
24796
24797
24800
24801
24802
24803
24805
24808
24810
24811
24812
24813
24815
24816
24817
24818
24819
24820
24821
24822
24824
24825
24826
24827
24829
24830
24832
24833
24835
24836
24837
24838
24839
24840
24841
24843
24844
24845
24846
24847
24850
24855
24856
24857
24858
24859
24860
24862
24863
24864
24866
24867
24869
24871
24872
24873
24874
24875
24876
24877
24879
24883
24885
24886
24887
24890
24891
24892
24894
24897
24898
24899
24900
24902
24903
24905
24906
24907
24908
24909
24910
24911
24914
24917
24918
24919
24922
24923
24925
24926
24928
24929
24931
24932
24934
24935
24936
24937
24938
24939
24940
24942
24943
24944
24945
24946
24947
24948
24950
24951
24952
24953
24954
24955
24956
24957
24959
24961
24962
24965
24966
24967
24968
24970
24971
24974
24975
24977
24979
24980
24981
24983
24984
24985
24987
24988
24989
24991
24992
24993
24995
24996
24999
25001
25003
25004
25005
25008
25009
25011
25012
25013
25014
25017
25018
25019
25021
25025
25026
25027
25028
25034
25035
25036
25037
25038
25040
25041
25042
25043
25044
25046
25047
25048
25049
25050
25052
25057
25058
25059
25061
25062
25063
25065
25066
25067
25068
25069
25070
25073
25074
25078
25079
25080
25082
25084
25089
25091
25092
25093
25094
25095
25096
25097
25098
25099
25100
25101
25102
25103
25104
25105
25106
25107
25109
25110
25113
25114
25117
25118
25122
25123
25125
25126
25127
25128
25129
25130
25131
25132
25133
25135
25136
25138
25140
25141
25142
25143
25144
25146
25147
25148
25149
25153
25155
25157
25158
25160
25162
25163
25164
25165
25166
25167
25168
25169
25170
25173
25174
25176
25177
25178
25179
25180
25181
25183
25185
25186
25187
25189
25191
25192
25193
25195
25197
25200
25202
25204
25205
25206
25207
25209
25210
25211
25215
25216
25217
25218
25220
25221
25223
25226
25231
25233
25234
25238
25239
25242
25243
25244
25245
25246
25248
25249
25252
25253
25255
25257
25259
25260
25262
25263
25264
25267
25268
25269
25270
25272
25273
25276
25277
25282
25283
25284
25285
25287
25290
25291
25292
25293
25294
25296
25299
25304
25305
25307
25308
25310
25311
25312
25314
25315
25316
25317
25319
25321
25323
25324
25325
25326
25327
25329
25333
25334
25335
25336
25338
25339
25340
25341
25342
25343
25345
25348
25350
25351
25352
25355
25356
25357
25359
25360
25361
25363
25364
25366
25370
25372
25374
25375
25376
25378
25379
25380
25381
25382
25383
25384
25386
25387
25389
25390
25391
25392
25393
25394
25396
25397
25399
25401
25402
25403
25404
25405
25407
25408
25410
25411
25412
25413
25414
25416
25417
25418
25419
25423
25424
25425
25427
25428
25429
25433
25436
25439
25440
25442
25444
25447
25449
25450
25454
25456
25457
25459
25461
25462
25463
25465
25466
25467
25468
25469
25472
25473
25474
25476
25479
25480
25481
25482
25483
25484
25485
25487
25490
25491
25495
25498
25499
25501
25503
25504
25505
25506
25507
25509
25510
25511
25514
25515
25517
25518
25519
25520
25522
25523
25524
25525
25526
25527
25528
25530
25536
25540
25545
25546
25548
25549
25550
25551
25552
25554
25555
25557
25558
25559
25560
25561
25563
25565
25567
25568
25569
25570
25571
25573
25574
25575
25576
25578
25579
25580
25583
25584
25586
25587
25588
25589
25591
25592
25593
25594
25595
25596
25597
25599
25601
25603
25604
25605
25606
25608
25609
25612
25613
25615
25616
25617
25621
25623
25624
25625
25626
25627
25630
25631
25634
25635
25636
25639
25641
25642
25643
25644
25645
25646
25648
25649
25650
25651
25652
25654
25655
25656
25658
25662
25665
25666
25667
25669
25671
25672
25673
25674
25675
25678
25680
25681
25682
25683
25686
25688
25689
25690
25693
25696
25699
25701
25702
25703
25704
25706
25707
25708
25709
25710
25712
25713
25714
25715
25716
25717
25718
25719
25723
25724
25725
25728
25729
25730
25731
25732
25733
25735
25739
25740
25742
25743
25744
25746
25747
25749
25751
25752
25754
25755
25756
25757
25759
25760
25761
25762
25766
25767
25769
25770
25772
25773
25774
25775
25776
25777
25778
25779
25780
25781
25783
25784
25787
25788
25789
25790
25794
25796
25797
25799
25800
25801
25802
25804
25805
25808
25811
25812
25814
25815
25816
25818
25819
25820
25823
25825
25826
25827
25828
25830
25831
25832
25834
25837
25838
25839
25840
25845
25850
25852
25854
25856
25857
25861
25862
25864
25866
25868
25874
25876
25877
25878
25879
25880
25882
25883
25884
25886
25887
25888
25890
25891
25892
25893
25894
25895
25896
25898
25900
25902
25906
25911
25912
25913
25914
25915
25918
25920
25922
25923
25924
25925
25926
25927
25928
25929
25931
25932
25934
25937
25939
25940
25942
25943
25944
25945
25946
25947
25948
25949
25950
25954
25955
25957
25958
25959
25960
25962
25964
25965
25966
25968
25969
25970
25973
25975
25976
25978
25979
25980
25981
25983
25985
25986
25987
25992
25997
25999
26001
26002
26003
26004
26005
26006
26008
26009
26010
26012
26016
26022
26024
26026
26029
26031
26032
26033
26034
26036
26037
26039
26041
26044
26045
26047
26048
26049
26050
26052
26055
26056
26057
26060
26061
26063
26064
26065
26066
26067
26068
26069
26071
26073
26074
26075
26076
26077
26078
26079
26080
26081
26083
26084
26086
26087
26088
26089
26090
26091
26092
26093
26095
26097
26098
26099
26100
26101
26102
26103
26108
26109
26110
26114
26117
26121
26123
26124
26126
26129
26131
26133
26134
26135
26136
26138
26139
26140
26142
26143
26146
26148
26150
26151
26152
26153
26154
26155
26157
26158
26159
26160
26161
26164
26165
26166
26167
26168
26169
26170
26171
26172
26173
26174
26175
26176
26177
26178
26179
26186
26187
26190
26193
26194
26195
26198
26199
26202
26203
26204
26206
26207
26209
26210
26211
26212
26213
26216
26217
26218
26220
26222
26223
26224
26225
26227
26231
26232
26233
26236
26237
26239
26245
26247
26248
26249
26251
26252
26254
26255
26256
26257
26259
26260
26262
26263
26264
26265
26266
26267
26270
26272
26273
26274
26275
26276
26277
26278
26280
26281
26283
26285
26286
26287
26288
26289
26291
26292
26293
26295
26296
26297
26298
26299
26300
26301
26303
26306
26307
26308
26309
26310
26311
26314
26315
26318
26319
26322
26323
26324
26326
26327
26328
26329
26330
26331
26333
26334
26335
26336
26337
26338
26339
26341
26342
26343
26345
26346
26347
26349
26350
26353
26354
26356
26357
26358
26360
26361
26362
26364
26365
26366
26368
26370
26371
26372
26373
26374
26375
26377
26378
26379
26381
26382
26385
26386
26388
26392
26393
26395
26396
26397
26398
26399
26403
26404
26405
26407
26409
26410
26411
26412
26415
26416
26419
26420
26421
26424
26425
26426
26427
26429
26434
26437
26438
26439
26440
26441
26444
26446
26447
26448
26449
26451
26452
26453
26455
26456
26457
26461
26462
26463
26464
26465
26466
26468
26469
26470
26473
26474
26477
26479
26481
26483
26484
26485
26486
26487
26489
26491
26492
26494
26495
26496
26497
26498
26500
26502
26503
26505
26507
26508
26509
26511
26514
26515
26517
26518
26519
26521
26522
26523
26525
26527
26528
26529
26531
26532
26533
26534
26535
26536
26537
26541
26543
26544
26545
26546
26547
26548
26549
26550
26551
26553
26554
26555
26556
26557
26558
26559
26560
26561
26562
26563
26564
26565
26567
26568
26569
26570
26571
26572
26573
26576
26577
26578
26579
26581
26582
26583
26584
26585
26586
26587
26590
26592
26593
26595
26596
26597
26598
26599
26600
26601
26602
26603
26604
26605
26606
26607
26608
26611
26612
26613
26614
26616
26617
26618
26619
26622
26623
26624
26625
26627
26628
26630
26632
26633
26635
26636
26638
26639
26642
26643
26646
26647
26649
26650
26653
26654
26655
26656
26657
26659
26660
26661
26662
26663
26665
26666
26667
26669
26670
26671
26672
26674
26676
26679
26681
26682
26683
26684
26687
26688
26690
26696
26698
26699
26700
26702
26703
26704
26706
26708
26709
26711
26714
26718
26719
26720
26722
26723
26724
26725
26727
26728
26729
26730
26731
26732
26733
26735
26736
26737
26739
26740
26744
26745
26749
26750
26751
26752
26757
26758
26760
26761
26765
26767
26770
26772
26774
26780
26781
26782
26783
26784
26786
26787
26788
26789
26791
26792
26793
26794
26795
26796
26797
26801
26802
26803
26804
26807
26809
26810
26813
26814
26815
26817
26819
26821
26823
26824
26828
26829
26831
26833
26834
26835
26837
26838
26839
26844
26845
26850
26851
26854
26856
26857
26858
26859
26861
26862
26865
26867
26868
26872
26873
26877
26878
26879
26880
26881
26882
26884
26885
26887
26888
26889
26890
26891
26892
26894
26897
26898
26899
26900
26901
26902
26908
26910
26911
26912
26913
26914
26916
26919
26922
26923
26924
26925
26926
26929
26930
26931
26932
26933
26934
26935
26936
26937
26938
26939
26940
26942
26944
26946
26947
26948
26949
26952
26953
26954
26955
26956
26958
26961
26964
26965
26966
26968
26969
26972
26974
26975
26977
26978
26979
26980
26981
26983
26984
26985
26987
26990
26991
26992
26993
26997
26998
26999
27002
27003
27004
27005
27007
27009
27011
27012
27013
27014
27015
27017
27018
27019
27020
27021
27023
27025
27027
27028
27029
27031
27032
27034
27035
27036
27037
27039
27040
27041
27042
27043
27044
27045
27046
27047
27050
27056
27057
27060
27063
27064
27067
27068
27069
27070
27072
27073
27074
27075
27076
27078
27079
27080
27081
27084
27085
27086
27088
27089
27091
27093
27094
27095
27096
27098
27100
27101
27104
27106
27107
27108
27111
27112
27113
27115
27117
27120
27122
27125
27126
27129
27131
27135
27136
27137
27138
27141
27144
27146
27147
27150
27152
27154
27155
27158
27162
27163
27164
27165
27166
27167
27168
27169
27170
27171
27172
27173
27177
27178
27179
27181
27183
27186
27189
27190
27191
27192
27193
27194
27195
27198
27199
27200
27201
27202
27203
27204
27205
27210
27211
27213
27214
27215
27216
27218
27219
27220
27221
27223
27224
27225
27226
27227
27228
27229
27231
27237
27238
27239
27242
27243
27244
27245
27246
27247
27248
27249
27250
27251
27252
27253
27254
27257
27260
27261
27262
27264
27268
27270
27275
27276
27277
27278
27279
27280
27282
27283
27284
27285
27286
27287
27288
27291
27295
27298
27299
27301
27302
27303
27306
27308
27310
27311
27313
27315
27318
27319
27322
27323
27324
27325
27326
27328
27330
27331
27332
27333
27334
27336
27340
27341
27342
27344
27346
27347
27348
27349
27351
27355
27357
27358
27359
27360
27361
27364
27367
27370
27371
27372
27373
27374
27376
27377
27378
27380
27381
27386
27387
27390
27391
27392
27393
27394
27395
27396
27398
27399
27400
27401
27402
27403
27404
27405
27406
27407
27408
27411
27412
27413
27414
27415
27416
27417
27418
27419
27420
27421
27422
27423
27424
27425
27426
27427
27432
27433
27434
27435
27438
27439
27440
27441
27445
27446
27448
27449
27452
27454
27455
27456
27457
27458
27459
27460
27464
27465
27467
27469
27470
27472
27473
27474
27475
27476
27478
27479
27480
27481
27482
27483
27484
27485
27487
27488
27490
27491
27493
27494
27495
27496
27497
27499
27500
27503
27504
27506
27507
27508
27509
27513
27515
27517
27521
27522
27525
27526
27527
27528
27530
27534
27536
27537
27539
27540
27541
27542
27543
27546
27547
27548
27550
27551
27555
27556
27557
27558
27559
27560
27561
27562
27567
27569
27571
27573
27574
27575
27576
27578
27579
27581
27582
27584
27585
27586
27587
27588
27590
27591
27592
27594
27595
27598
27599
27600
27602
27603
27605
27609
27612
27613
27614
27615
27616
27617
27618
27621
27624
27627
27629
27630
27631
27632
27636
27637
27639
27641
27644
27645
27646
27647
27649
27650
27654
27655
27656
27658
27659
27661
27662
27666
27667
27671
27672
27673
27674
27675
27676
27677
27679
27680
27681
27683
27685
27686
27687
27688
27690
27691
27692
27694
27695
27696
27698
27699
27701
27702
27707
27708
27709
27711
27713
27715
27717
27718
27720
27721
27725
27726
27727
27728
27729
27733
27734
27735
27739
27740
27741
27744
27746
27747
27748
27749
27751
27752
27753
27754
27755
27758
27759
27760
27761
27762
27765
27766
27767
27771
27774
27776
27778
27779
27780
27781
27782
27783
27784
27786
27787
27788
27789
27790
27791
27794
27795
27796
27798
27800
27801
27803
27804
27805
27806
27807
27808
27812
27813
27814
27815
27818
27820
27828
27829
27833
27834
27836
27839
27843
27845
27846
27847
27848
27849
27852
27853
27854
27855
27858
27859
27860
27863
27865
27867
27869
27870
27871
27872
27876
27878
27880
27881
27882
27883
27884
27885
27886
27887
27889
27890
27892
27894
27895
27896
27898
27899
27905
27907
27908
27911
27912
27915
27916
27917
27918
27919
27922
27925
27926
27927
27928
27931
27932
27934
27935
27936
27937
27938
27939
27940
27943
27945
27946
27947
27948
27950
27951
27954
27956
27957
27959
27960
27962
27963
27964
27965
27967
27968
27971
27974
27975
27977
27978
27980
27984
27987
27988
27989
27990
27991
27993
27994
27995
27996
27997
27998
28000
28002
28006
28007
28008
28014
28015
28017
28020
28021
28025
28026
28027
28028
28030
28031
28032
28033
28034
28037
28038
28039
28040
28041
28042
28045
28046
28048
28050
28053
28056
28057
28058
28061
28062
28063
28064
28065
28066
28067
28068
28069
28070
28071
28074
28075
28076
28077
28078
28079
28081
28082
28083
28084
28086
28088
28091
28097
28098
28099
28100
28101
28104
28107
28109
28110
28112
28113
28114
28115
28116
28117
28119
28120
28121
28122
28124
28126
28127
28128
28130
28136
28137
28138
28139
28140
28141
28145
28148
28149
28150
28151
28152
28153
28154
28155
28156
28157
28158
28161
28163
28165
28166
28167
28168
28170
28171
28172
28173
28176
28178
28179
28180
28181
28182
28183
28184
28185
28186
28189
28191
28192
28193
28195
28196
28198
28203
28205
28206
28209
28211
28212
28214
28216
28217
28218
28219
28221
28222
28225
28226
28227
28228
28229
28230
28231
28232
28233
28236
28237
28238
28240
28242
28243
28245
28247
28248
28251
28252
28253
28256
28257
28258
28259
28263
28264
28265
28267
28268
28269
28270
28271
28272
28273
28275
28276
28277
28278
28279
28280
28282
28288
28289
28290
28292
28293
28294
28295
28296
28297
28298
28299
28300
28304
28306
28308
28309
28310
28311
28312
28314
28316
28317
28318
28319
28321
28322
28323
28324
28326
28328
28329
28330
28331
28332
28333
28334
28335
28336
28338
28339
28340
28341
28342
28344
28345
28348
28350
28351
28352
28353
28354
28358
28359
28360
28362
28363
28366
28367
28369
28371
28372
28373
28374
28377
28380
28381
28382
28383
28385
28386
28387
28392
28393
28397
28398
28399
28400
28401
28402
28403
28404
28405
28407
28410
28412
28414
28416
28419
28420
28422
28423
28424
28426
28427
28430
28431
28432
28433
28434
28436
28438
28439
28442
28443
28444
28445
28447
28449
28450
28455
28457
28458
28459
28461
28462
28463
28465
28466
28468
28469
28471
28472
28473
28475
28477
28478
28479
28480
28481
28485
28487
28489
28490
28493
28494
28499
28500
28506
28507
28508
28511
28512
28513
28516
28519
28520
28521
28523
28526
28527
28531
28532
28534
28535
28536
28537
28538
28539
28542
28547
28549
28550
28551
28552
28553
28554
28555
28556
28557
28559
28560
28564
28566
28568
28570
28572
28573
28574
28575
28577
28578
28580
28581
28582
28583
28586
28588
28590
28591
28592
28593
28594
28596
28597
28598
28599
28601
28603
28604
28606
28607
28608
28610
28611
28612
28613
28615
28616
28617
28618
28619
28620
28621
28622
28623
28624
28625
28628
28629
28631
28632
28633
28634
28636
28637
28639
28642
28644
28646
28647
28648
28649
28651
28653
28655
28657
28658
28660
28662
28665
28666
28667
28668
28669
28673
28676
28677
28678
28680
28681
28682
28684
28686
28687
28689
28692
28693
28695
28696
28698
28699
28702
28704
28705
28706
28708
28710
28711
28712
28714
28715
28716
28717
28719
28720
28721
28722
28724
28725
28728
28730
28731
28735
28738
28739
28743
28744
28745
28746
28748
28749
28750
28751
28752
28753
28757
28760
28762
28763
28764
28765
28767
28768
28775
28776
28777
28778
28779
28780
28781
28782
28783
28784
28785
28786
28789
28790
28791
28793
28794
28796
28798
28799
28801
28804
28805
28806
28807
28809
28810
28812
28813
28814
28815
28817
28818
28819
28820
28821
28824
28827
28828
28830
28832
28833
28835
28840
28841
28842
28843
28844
28845
28846
28847
28848
28850
28851
28853
28854
28856
28857
28858
28859
28860
28861
28863
28865
28866
28867
28871
28872
28873
28875
28876
28878
28879
28883
28884
28885
28886
28887
28889
28891
28892
28894
28895
28896
28898
28899
28900
28901
28904
28905
28906
28907
28908
28909
28912
28914
28915
28916
28918
28922
28924
28926
28928
28929
28935
28936
28938
28940
28942
28943
28944
28945
28946
28948
28949
28950
28952
28953
28956
28957
28958
28959
28960
28961
28962
28963
28965
28968
28974
28977
28978
28979
28986
28988
28989
28990
28991
28993
28994
28995
28996
29000
29001
29003
29004
29008
29009
29010
29011
29012
29013
29014
29017
29018
29019
29022
29024
29026
29028
29030
29031
29032
29033
29039
29040
29042
29043
29044
29045
29046
29047
29048
29049
29050
29054
29055
29057
29058
29059
29061
29062
29063
29064
29068
29070
29071
29072
29077
29079
29080
29081
29082
29083
29084
29086
29087
29089
29091
29093
29094
29095
29096
29099
29103
29104
29105
29107
29108
29110
29112
29113
29114
29117
29118
29120
29121
29123
29124
29128
29129
29131
29133
29135
29136
29137
29138
29141
29144
29146
29147
29148
29150
29151
29152
29154
29156
29157
29158
29159
29160
29164
29165
29166
29167
29168
29170
29171
29172
29173
29174
29175
29177
29178
29179
29181
29182
29185
29186
29187
29190
29191
29192
29194
29195
29196
29197
29198
29201
29204
29206
29207
29209
29210
29213
29215
29216
29217
29219
29220
29221
29222
29225
29226
29228
29230
29231
29232
29235
29236
29238
29239
29241
29242
29245
29246
29247
29248
29252
29253
29255
29256
29258
29259
29260
29261
29262
29263
29265
29267
29268
29269
29270
29272
29275
29276
29281
29282
29284
29285
29287
29289
29290
29291
29292
29293
29296
29297
29300
29301
29302
29303
29304
29306
29308
29310
29311
29313
29314
29315
29316
29319
29320
29321
29324
29326
29328
29329
29330
29332
29333
29334
29335
29340
29341
29342
29344
29346
29347
29348
29349
29350
29355
29356
29357
29359
29360
29364
29365
29366
29368
29369
29370
29373
29374
29375
29376
29377
29378
29380
29385
29386
29387
29389
29390
29391
29392
29395
29396
29397
29400
29402
29404
29408
29411
29413
29415
29416
29420
29421
29424
29425
29427
29428
29429
29430
29431
29432
29434
29435
29436
29438
29440
29441
29442
29444
29445
29446
29447
29448
29450
29454
29455
29456
29459
29461
29462
29463
29464
29466
29467
29468
29470
29471
29472
29474
29475
29476
29477
29479
29480
29481
29482
29483
29484
29486
29487
29489
29493
29494
29495
29496
29497
29498
29501
29502
29506
29507
29508
29509
29510
29511
29512
29515
29516
29517
29519
29520
29521
29523
29524
29525
29526
29527
29528
29530
29531
29532
29533
29538
29539
29540
29542
29543
29545
29546
29547
29548
29549
29551
29552
29553
29555
29556
29558
29560
29561
29565
29568
29569
29571
29573
29575
29576
29577
29578
29581
29584
29585
29586
29587
29588
29590
29591
29592
29593
29596
29600
29601
29604
29606
29607
29608
29611
29613
29615
29617
29618
29619
29620
29621
29622
29623
29624
29625
29626
29627
29628
29629
29630
29631
29633
29636
29638
29639
29640
29641
29642
29643
29645
29647
29649
29651
29652
29653
29654
29655
29656
29657
29658
29659
29660
29662
29663
29664
29665
29666
29668
29670
29671
29672
29673
29675
29677
29679
29680
29681
29682
29684
29685
29686
29687
29689
29690
29692
29693
29694
29697
29698
29699
29701
29704
29706
29707
29708
29710
29712
29713
29714
29716
29717
29718
29720
29721
29722
29724
29725
29726
29727
29728
29729
29730
29731
29732
29733
29734
29735
29736
29738
29739
29740
29741
29742
29744
29745
29747
29748
29754
29755
29756
29757
29759
29760
29762
29763
29764
29766
29768
29773
29774
29775
29776
29777
29778
29779
29781
29784
29785
29786
29787
29788
29790
29792
29794
29798
29799
29800
29801
29803
29804
29807
29808
29809
29810
29811
29812
29813
29814
29816
29818
29820
29822
29823
29824
29827
29828
29829
29831
29832
29833
29834
29835
29842
29844
29845
29846
29847
29848
29849
29853
29854
29855
29857
29860
29861
29862
29863
29864
29865
29866
29867
29870
29871
29872
29873
29876
29877
29878
29879
29884
29886
29887
29888
29890
29895
29896
29899
29900
29901
29902
29904
29906
29907
29908
29909
29911
29917
29923
29924
29927
29928
29930
29931
29933
29934
29935
29936
29938
29939
29940
29941
29942
29944
29946
29950
29955
29956
29957
29958
29960
29961
29962
29963
29964
29965
29968
29974
29976
29978
29979
29980
29981
29983
29984
29986
29987
29989
29991
29992
29995
29996
29998
30000
